season,team,draft_round,pick,pfr_id,pfr_name,player_id,side,category,position,av4,in_sample
2011,CAR,1,1,NewtCa00,Cam Newton,00-0034577,O,QB,QB,63.0,True
2011,DEN,1,2,MillVo00,Von Miller,,D,LB,LB,46.0,True
2011,BUF,1,3,DareMa00,Marcell Dareus,,D,DL,DT,40.0,True
2011,CIN,1,4,GreeA.00,A.J. Green,,O,WR,WR,45.0,True
2011,ARI,1,5,PetePa00,Patrick Peterson,,D,DB,DB,57.0,True
2011,ATL,1,6,JoneJu02,Julio Jones,,O,WR,WR,42.0,True
2011,SF,1,7,SmitAl04,Aldon Smith,,D,DL,DE,26.0,True
2011,TEN,1,8,LockJa00,Jake Locker,00-0027946,O,QB,QB,16.0,True
2011,DAL,1,9,SmitTy00,Tyron Smith,,O,OL,T,44.0,True
2011,JAX,1,10,GabbBl00,Blaine Gabbert,00-0027948,O,QB,QB,8.0,True
2011,HOU,1,11,WattJ.00,J.J. Watt,,D,DL,DE,67.0,True
2011,MIN,1,12,PondCh00,Christian Ponder,00-0027950,O,QB,QB,23.0,True
2011,DET,1,13,FairNi00,Nick Fairley,,D,DL,DT,17.0,True
2011,STL,1,14,QuinRo00,Robert Quinn,,D,DL,DE,37.0,True
2011,MIA,1,15,PounMi00,Mike Pouncey,,O,OL,G,31.0,True
2011,WAS,1,16,KerrRy00,Ryan Kerrigan,,D,DL,DE,31.0,True
2011,NE,1,17,SoldNa00,Nate Solder,,O,OL,T,37.0,True
2011,SD,1,18,LiugCo00,Corey Liuget,,D,DL,DT,28.0,True
2011,NYG,1,19,AmukPr00,Prince Amukamara,,D,DB,DB,14.0,True
2011,TB,1,20,ClayAd00,Adrian Clayborn,,D,DL,DE,13.0,True
2011,CLE,1,21,TaylPh00,Phil Taylor,,D,DL,DT,21.0,True
2011,IND,1,22,CastAn00,Anthony Castonzo,,O,OL,T,30.0,True
2011,PHI,1,23,WatkDa00,Danny Watkins,,O,OL,G,9.0,True
2011,NO,1,24,JordCa00,Cameron Jordan,,D,DL,DE,34.0,True
2011,SEA,1,25,CarpJa00,James Carpenter,,O,OL,T,22.0,True
2011,KC,1,26,BaldJo00,Jonathan Baldwin,,O,WR,WR,4.0,True
2011,BAL,1,27,SmitJi03,Jimmy Smith,,D,DB,DB,13.0,True
2011,NO,1,28,IngrMa01,Mark Ingram,,O,RB,RB,19.0,True
2011,CHI,1,29,CariGa00,Gabe Carimi,,O,OL,T,13.0,True
2011,NYJ,1,30,WilkMu00,Muhammad Wilkerson,,D,DL,DT,42.0,True
2011,PIT,1,31,HeywCa01,Cameron Heyward,,D,DL,DE,18.0,True
2011,GB,1,32,SherDe00,Derek Sherrod,,O,OL,T,3.0,True
2011,NE,2,33,DowlRa00,Ras-I Dowling,,D,DB,DB,1.0,True
2011,BUF,2,34,WillAa00,Aaron Williams,,D,DB,DB,16.0,True
2011,CIN,2,35,DaltAn00,Andy Dalton,00-0027973,O,QB,QB,48.0,True
2011,SF,2,36,KaepCo00,Colin Kaepernick,00-0027974,O,QB,QB,36.0,True
2011,CLE,2,37,SheaJa00,Jabaal Sheard,,D,DL,DE,29.0,True
2011,ARI,2,38,WillRy00,Ryan Williams,,O,RB,RB,1.0,True
2011,TEN,2,39,AyerAk00,Akeem Ayers,,D,LB,LB,22.0,True
2011,DAL,2,40,CartBr00,Bruce Carter,,D,LB,LB,16.0,True
2011,WAS,2,41,JenkJa01,Jarvis Jenkins,,D,DL,DT,14.0,True
2011,HOU,2,42,ReedBr00,Brooks Reed,,D,LB,LB,26.0,True
2011,MIN,2,43,RudoKy00,Kyle Rudolph,,O,TE,TE,12.0,True
2011,DET,2,44,YounTi00,Titus Young,,O,WR,WR,8.0,True
2011,DEN,2,45,MoorRa00,Rahim Moore,,D,DB,DB,19.0,True
2011,DEN,2,46,FranOr00,Orlando Franklin,,O,OL,T,33.0,True
2011,STL,2,47,KendLa00,Lance Kendricks,,O,TE,TE,10.0,True
2011,OAK,2,48,WisnSt01,Stefen Wisniewski,,O,OL,C,26.0,True
2011,IND,2,49,IjalBe00,Ben Ijalana,,O,OL,T,0.0,True
2011,SD,2,50,GilcMa00,Marcus Gilchrist,,D,DB,DB,16.0,True
2011,TB,2,51,BoweDa00,Da'Quan Bowers,,D,DL,DE,7.0,True
2011,NYG,2,52,AustMa00,Marvin Austin,,D,DL,DT,2.0,True
2011,CHI,2,53,PaeaSt00,Stephen Paea,,D,DL,DT,19.0,True
2011,PHI,2,54,JarrJa00,Jaiquawn Jarrett,,D,DB,DB,5.0,True
2011,KC,2,55,HudsRo00,Rodney Hudson,,O,OL,C,17.0,True
2011,NE,2,56,VereSh00,Shane Vereen,,O,RB,RB,17.0,True
2011,DET,2,57,LeshMi00,Mikel Leshoure,,O,RB,RB,5.0,True
2011,BAL,2,58,SmitTo02,Torrey Smith,,O,WR,WR,31.0,True
2011,CLE,2,59,LittGr00,Greg Little,,O,WR,WR,14.0,True
2011,HOU,2,60,HarrBr00,Brandon Harris,,D,DB,DB,3.0,True
2011,SD,2,61,MoutJo00,Jonas Mouton,,D,LB,LB,0.0,True
2011,MIA,2,62,ThomDa03,Daniel Thomas,,O,RB,RB,12.0,True
2011,PIT,2,63,GilbMa00,Marcus Gilbert,,O,OL,T,22.0,True
2011,GB,2,64,CobbRa00,Randall Cobb,,O,WR,WR,38.0,True
2011,CAR,3,65,McClTe00,Terrell McClain,,D,DL,DT,6.0,True
2011,CIN,3,66,MochDo00,Dontay Moch,,D,LB,LB,0.0,True
2011,DEN,3,67,IrviNa00,Nate Irving,,D,LB,LB,9.0,True
2011,BUF,3,68,ShepKe00,Kelvin Sheppard,,D,LB,LB,14.0,True
2011,ARI,3,69,HousRo01,Rob Housler,,O,TE,TE,9.0,True
2011,KC,3,70,HousJu00,Justin Houston,,D,LB,LB,41.0,True
2011,DAL,3,71,MurrDe00,DeMarco Murray,,O,RB,RB,45.0,True
2011,NO,3,72,WilsMa01,Martez Wilson,,D,LB,LB,3.0,True
2011,NE,3,73,RidlSt00,Stevan Ridley,,O,RB,RB,24.0,True
2011,NE,3,74,MallRy00,Ryan Mallett,00-0028012,O,QB,QB,1.0,True
2011,SEA,3,75,MoffJo00,John Moffitt,,O,OL,G,7.0,True
2011,JAX,3,76,RackWi01,Will Rackley,,O,OL,G,8.0,True
2011,TEN,3,77,CaseJu00,Jurrell Casey,,D,DL,DT,33.0,True
2011,STL,3,78,PettAu00,Austin Pettis,,O,WR,WR,8.0,True
2011,WAS,3,79,HankLe00,Leonard Hankerson,,O,WR,WR,9.0,True
2011,SF,3,80,CullCh00,Chris Culliver,,D,DB,DB,11.0,True
2011,OAK,3,81,VanDDe00,DeMarcus Van Dyke,,D,DB,DB,3.0,True
2011,SD,3,82,BrowVi00,Vincent Brown,,O,WR,WR,9.0,True
2011,NYG,3,83,JernJe00,Jerrel Jernigan,,O,WR,WR,2.0,True
2011,TB,3,84,FostMa00,Mason Foster,,D,LB,LB,23.0,True
2011,BAL,3,85,ReidJa00,Jah Reid,,O,OL,T,6.0,True
2011,KC,3,86,BailAl00,Allen Bailey,,D,DL,DE,11.0,True
2011,IND,3,87,NeviDr00,Drake Nevis,,D,DL,DT,4.0,True
2011,NO,3,88,PatrJo00,Johnny Patrick,,D,DB,DB,4.0,True
2011,SD,3,89,WrigSh00,Shareece Wright,,D,DB,DB,10.0,True
2011,PHI,3,90,MarsCu01,Curtis Marsh,,D,DB,DB,1.0,True
2011,ATL,3,91,DentAk00,Akeem Dent,,D,LB,LB,14.0,True
2011,OAK,3,92,BarkJo00,Joe Barksdale,,O,OL,T,16.0,True
2011,CHI,3,93,ContCh00,Chris Conte,,D,DB,DB,19.0,True
2011,NYJ,3,94,ElliKe01,Kenrick Ellis,,D,DL,DT,9.0,True
2011,PIT,3,95,BrowCu01,Curtis Brown,,D,DB,DB,2.0,True
2011,GB,3,96,GreeAl00,Alex Green,,O,RB,RB,5.0,True
2011,CAR,3,97,FuaxSi00,Sione Fua,,D,DL,DT,5.0,True
2011,CAR,4,98,HogaBr00,Brandon Hogan,,D,DB,DB,0.0,True
2011,SEA,4,99,WrigK.00,K.J. Wright,,D,LB,LB,33.0,True
2011,BUF,4,100,SearDa00,Da'Norris Searcy,,D,DB,DB,13.0,True
2011,CIN,4,101,BoliCl00,Clint Boling,,O,OL,G,21.0,True
2011,CLE,4,102,CameJo00,Jordan Cameron,,O,TE,TE,11.0,True
2011,ARI,4,103,AchoSa00,Sam Acho,,D,DL,DE,20.0,True
2011,TB,4,104,StocLu00,Luke Stocker,,O,TE,TE,2.0,True
2011,WAS,4,105,HeluRo00,Roy Helu,,O,RB,RB,13.0,True
2011,MIN,4,106,BallCh00,Christian Ballard,,D,DL,DT,3.0,True
2011,SEA,4,107,DurhKr00,Kris Durham,,O,WR,WR,5.0,True
2011,DEN,4,108,CartQu01,Quinton Carter,,D,DB,DB,5.0,True
2011,TEN,4,109,McCaCo00,Colin McCarthy,,D,LB,LB,11.0,True
2011,DAL,4,110,ArkiDa00,David Arkin,,O,OL,G,0.0,True
2011,MIA,4,111,GateCl00,Clyde Gates,,O,WR,WR,3.0,True
2011,STL,4,112,SalaGr00,Greg Salas,,O,WR,WR,3.0,True
2011,OAK,4,113,ChekCh00,Chimdi Chekwa,,D,DB,DB,2.0,True
2011,JAX,4,114,ShorCe00,Cecil Shorts,,O,WR,WR,15.0,True
2011,SF,4,115,HuntKe00,Kendall Hunter,,O,RB,RB,11.0,True
2011,PHI,4,116,MattCa00,Casey Matthews,,D,LB,LB,10.0,True
2011,NYG,4,117,BrewJa00,James Brewer,,O,OL,T,4.0,True
2011,KC,4,118,BrowJa00,Jalil Brown,,D,DB,DB,2.0,True
2011,IND,4,119,CartDe01,Delone Carter,,O,RB,RB,3.0,True
2011,PHI,4,120,HeneAl00,Alex Henery,,S,K,K,8.0,True
2011,JAX,4,121,ProsCh00,Chris Prosinski,,D,DB,DB,6.0,True
2011,BUF,4,122,HairCh00,Chris Hairston,,O,OL,T,10.0,True
2011,BAL,4,123,DossTa00,Tandon Doss,,O,WR,WR,4.0,True
2011,CLE,4,124,MareOw00,Owen Marecic,,O,RB,RB,0.0,True
2011,OAK,4,125,JoneTa00,Taiwan Jones,,O,RB,RB,2.0,True
2011,NYJ,4,126,PoweBi00,Bilal Powell,,O,RB,RB,9.0,True
2011,HOU,4,127,CarmRo00,Roc Carmichael,,D,DB,DB,1.0,True
2011,PIT,4,128,AlleCo00,Cortez Allen,,D,DB,DB,11.0,True
2011,DEN,4,129,ThomJu00,Julius Thomas,,O,TE,TE,13.0,True
2011,TEN,4,130,HarpJa01,Jamie Harper,,O,RB,RB,0.0,True
2011,GB,4,131,HousDa00,Davon House,,D,DB,DB,6.0,True
2011,CAR,5,132,PilaKe00,Kealoha Pilares,,O,WR,WR,1.0,True
2011,BUF,5,133,WhitJo01,Johnny White,,O,RB,RB,0.0,True
2011,CIN,5,134,SandRo00,Robert Sands,,D,DB,DB,0.0,True
2011,KC,5,135,StanRi00,Ricky Stanzi,,O,QB,QB,0.0,False
2011,ARI,5,136,SherAn00,Anthony Sherman,,O,RB,RB,4.0,True
2011,CLE,5,137,SkriBu00,Buster Skrine,,D,DB,DB,16.0,True
2011,NE,5,138,CannMa00,Marcus Cannon,,O,OL,T,10.0,True
2011,MIN,5,139,BurtBr00,Brandon Burton,,D,DB,DB,1.0,True
2011,KC,5,140,MillGa00,Gabe Miller,,D,LB,LB,0.0,True
2011,GB,5,141,WillD.00,D.J. Williams,,O,TE,TE,1.0,True
2011,TEN,5,142,KlugKa00,Karl Klug,,D,DL,DT,9.0,True
2011,DAL,5,143,ThomJo01,Josh Thomas,,D,DB,DB,7.0,True
2011,HOU,5,144,KeoxSh00,Shiloh Keo,,D,DB,DB,7.0,True
2011,ATL,5,145,RodgJa00,Jacquizz Rodgers,,O,RB,RB,18.0,True
2011,WAS,5,146,GomeDe00,DeJon Gomes,,D,DB,DB,5.0,True
2011,JAX,5,147,IssaRo00,Rod Issac,,D,DB,DB,0.0,True
2011,OAK,5,148,MoorDe02,Denarius Moore,,O,WR,WR,16.0,True
2011,PHI,5,149,LewiDi00,Dion Lewis,,O,RB,RB,2.0,True
2011,CLE,5,150,PinkJa00,Jason Pinkston,,O,OL,T,10.0,True
2011,TB,5,151,BlacAh00,Ahmad Black,,D,DB,DB,3.0,True
2011,HOU,5,152,YateT.00,T.J. Yates,00-0028090,O,QB,QB,3.0,True
2011,NYJ,5,153,KerlJe00,Jeremy Kerley,,O,WR,WR,18.0,True
2011,SEA,5,154,SherRi00,Richard Sherman,,D,DB,DB,58.0,True
2011,WAS,5,155,PaulNi00,Niles Paul,,O,WR,WR,5.0,True
2011,SEA,5,156,LegrMa00,Mark LeGree,,D,DB,DB,0.0,False
2011,DET,5,157,HoguDo01,Doug Hogue,,D,LB,LB,2.0,True
2011,STL,5,158,HineJe00,Jermale Hines,,D,DB,DB,0.0,True
2011,NE,5,159,SmitLe00,Lee Smith,,O,TE,TE,1.0,True
2011,CHI,5,160,EndeNa00,Nathan Enderle,,O,QB,QB,0.0,False
2011,PHI,5,161,VandJu00,Julian Vandervelde,,O,OL,G,1.0,True
2011,PIT,5,162,CartCh00,Chris Carter,,D,LB,LB,4.0,True
2011,SF,5,163,KilgDa00,Daniel Kilgore,,O,OL,G,5.0,True
2011,BAL,5,164,BrowCh05,Chykie Brown,,D,DB,DB,5.0,True
2011,BAL,5,165,McPhPe00,Pernell McPhee,,D,DL,DE,10.0,True
2011,CAR,6,166,WilsLa01,Lawrence Wilson,,D,LB,LB,0.0,False
2011,CIN,6,167,WhalRy00,Ryan Whalen,,O,WR,WR,0.0,True
2011,MIN,6,168,LoveDe00,Demarcus Love,,O,OL,OL,0.0,False
2011,BUF,6,169,WhitCh03,Chris White,,D,LB,LB,4.0,True
2011,MIN,6,170,RaymMi00,Mistral Raymond,,D,DB,DB,4.0,True
2011,ARI,6,171,SturQu00,Quan Sturdivant,,D,LB,LB,0.0,False
2011,MIN,6,172,FuscBr00,Brandon Fusco,,O,OL,C,16.0,True
2011,SEA,6,173,MaxwBy00,Byron Maxwell,,D,DB,DB,11.0,True
2011,MIA,6,174,ClayCh00,Charles Clay,,O,TE,TE,14.0,True
2011,TEN,6,175,StinBy00,Byron Stingily,,O,OL,T,4.0,True
2011,DAL,6,176,HarrDw00,Dwayne Harris,,O,WR,WR,6.0,True
2011,WAS,6,177,RoysEv00,Evan Royster,,O,RB,RB,4.0,True
2011,WAS,6,178,RobiAl00,Aldrick Robinson,,O,WR,WR,5.0,True
2011,GB,6,179,SchlCa00,Caleb Schlauderaff,,O,OL,G,1.0,True
2011,BAL,6,180,TaylTy00,Tyrod Taylor,00-0028118,O,QB,QB,1.0,True
2011,OAK,6,181,GordRi00,Richard Gordon,,O,TE,TE,0.0,True
2011,SF,6,182,JohnRo05,Ronald Johnson,,O,WR,WR,0.0,False
2011,SD,6,183,TodmJo00,Jordan Todman,,O,RB,RB,4.0,True
2011,ARI,6,184,CartDa01,David Carter,,D,DL,DT,5.0,True
2011,NYG,6,185,JoneGr02,Greg Jones,,D,LB,LB,3.0,True
2011,GB,6,186,SmitD.00,D.J. Smith,,D,LB,LB,6.0,True
2011,TB,6,187,BradAl00,Allen Bradford,,O,RB,RB,1.0,True
2011,IND,6,188,RuckCh00,Chris Rucker,,D,DB,DB,2.0,True
2011,DEN,6,189,MohaMi00,Mike Mohamed,,D,LB,LB,4.0,True
2011,SF,6,190,JoneCo01,Colin Jones,,D,DB,DB,5.0,True
2011,PHI,6,191,KelcJa00,Jason Kelce,,O,OL,C,23.0,True
2011,ATL,6,192,BoshMa00,Matthew Bosher,,S,K,K,8.0,True
2011,PHI,6,193,RollBr00,Brian Rolle,,D,LB,LB,6.0,True
2011,NE,6,194,CartMa01,Markell Carter,,D,LB,LB,0.0,False
2011,CHI,6,195,ThomJ.02,J.T. Thomas,,D,LB,LB,9.0,True
2011,PIT,6,196,WillKe04,Keith Williams,,O,OL,G,0.0,True
2011,GB,6,197,ElmoRi00,Ricky Elmore,,D,DL,DL,0.0,False
2011,NYG,6,198,SashTy00,Tyler Sash,,D,DB,DB,1.0,True
2011,KC,6,199,PoweJe00,Jerrell Powe,,D,DL,DT,3.0,True
2011,MIN,6,200,HomaRo00,Ross Homan,,D,LB,LB,0.0,False
2011,SD,6,201,SchiSt00,Stephen Schilling,,O,OL,G,5.0,True
2011,NYG,6,202,WillJa02,Jacquian Williams,,D,LB,LB,14.0,True
2011,CAR,6,203,WillZa00,Zachary Williams,,O,OL,OL,0.0,False
2011,DEN,7,204,GreeVi00,Virgil Green,,O,TE,TE,2.0,True
2011,SEA,7,205,LeviLa00,Lazarius Levingston,,D,DL,DL,0.0,True
2011,BUF,7,206,RogeJu00,Justin Rogers,,D,DB,DB,4.0,True
2011,CIN,7,207,LindKo00,Korey Lindsey,,D,DB,DB,0.0,False
2011,NYJ,7,208,McElGr00,Greg McElroy,00-0028146,O,QB,QB,1.0,True
2011,DET,7,209,CulbJo00,Johnny Culbreath,,O,OL,OL,0.0,False
2011,ATL,7,210,JackAn00,Andrew Jackson,,O,OL,OL,0.0,False
2011,SF,7,211,MillBr02,Bruce Miller,,D,DL,DE,6.0,True
2011,TEN,7,212,ClayZa00,Zach Clayton,,D,DL,DT,0.0,True
2011,WAS,7,213,ThomBr00,Brandyn Thompson,,D,DB,DB,1.0,True
2011,HOU,7,214,NewtDe00,Derek Newton,,O,OL,T,20.0,True
2011,MIN,7,215,ReedD'00,D'Aundre Reed,,D,DL,DE,0.0,True
2011,STL,7,216,BakeMi00,Mikail Baker,,D,DB,DB,0.0,False
2011,WAS,7,217,HurtMa00,Maurice Hurt,,O,OL,G,6.0,True
2011,GB,7,218,TaylRy00,Ryan Taylor,,O,TE,TE,0.0,True
2011,NE,7,219,WillMa01,Malcolm Williams,,D,DB,DB,0.0,True
2011,DAL,7,220,ChapSh00,Shaun Chapas,,O,RB,RB,0.0,True
2011,NYG,7,221,ScotDa01,Da'Rel Scott,,O,RB,RB,1.0,True
2011,TB,7,222,GaitAn00,Anthony Gaitor,,D,DB,DB,1.0,True
2011,KC,7,223,BannSh00,Shane Bannon,,O,RB,RB,0.0,False
2011,WAS,7,224,WhitMa01,Markus White,,D,DL,DE,0.0,True
2011,BAL,7,225,AlleAn01,Anthony Allen,,O,RB,RB,1.0,True
2011,NO,7,226,RomeGr00,Greg Romeus,,D,DL,DL,0.0,False
2011,NYJ,7,227,McKnSc00,Scotty McKnight,,O,WR,WR,0.0,False
2011,STL,7,228,WillJa12,Jabara Williams,,D,LB,LB,0.0,True
2011,STL,7,229,NelsJo01,Jonathan Nelson,,D,DB,DB,1.0,True
2011,ATL,7,230,MattCl01,Cliff Matthews,,D,DL,DE,3.0,True
2011,MIA,7,231,KearFr00,Frank Kearse,,D,DL,DT,5.0,True
2011,PIT,7,232,BatcBa00,Baron Batch,,O,RB,RB,1.0,True
2011,GB,7,233,GuyxLa00,Lawrence Guy,,D,DL,DT,4.0,True
2011,SD,7,234,GachAn00,Andrew Gachkar,,D,LB,LB,8.0,True
2011,MIA,7,235,WilsJi00,Jimmy Wilson,,D,DB,DB,9.0,True
2011,MIN,7,236,BurtSt00,Stephen Burton,,O,WR,WR,0.0,True
2011,PHI,7,237,LloyGr01,Greg Lloyd,,D,LB,LB,0.0,True
2011,TB,7,238,HardDa00,Daniel Hardy,,O,TE,TE,0.0,False
2011,SF,7,239,PersMi00,Michael Person,,O,OL,G,1.0,True
2011,PHI,7,240,HaviSt00,Stanley Havili,,O,RB,RB,1.0,True
2011,OAK,7,241,AusbDa00,David Ausberry,,O,WR,WR,1.0,True
2011,SEA,7,242,SmitMa02,Malcolm Smith,,D,LB,LB,14.0,True
2011,NO,7,243,BussNa00,Nate Bussey,,D,LB,LB,0.0,True
2011,CAR,7,244,ZiemLe00,Lee Ziemba,,O,OL,T,1.0,True
2011,BUF,7,245,JaspMi00,Michael Jasper,,D,DL,DT,0.0,False
2011,CIN,7,246,FinlJa00,Jay Finley,,O,RB,RB,0.0,False
2011,DEN,7,247,BealJe00,Jeremy Beal,,D,DL,DL,0.0,False
2011,CLE,7,248,HaggEr00,Eric Hagg,,D,DB,DB,3.0,True
2011,ARI,7,249,SampDe00,DeMarco Sampson,,O,WR,WR,0.0,True
2011,SF,7,250,HolcCu00,Curtis Holcomb,,D,DB,DB,0.0,False
2011,TEN,7,251,CampTo00,Tommie Campbell,,D,DB,DB,4.0,True
2011,DAL,7,252,NagyBi00,Bill Nagy,,O,OL,G,2.0,True
2011,WAS,7,253,NeilCh00,Chris Neild,,D,DL,DT,2.0,True
2011,HOU,7,254,OzouCh00,Cheta Ozougwu,,D,DL,DE,1.0,True
2012,IND,1,1,LuckAn00,Andrew Luck,00-0029668,O,QB,QB,48.0,True
2012,WAS,1,2,GrifRo01,Robert Griffin,00-0029665,O,QB,QB,33.0,True
2012,CLE,1,3,RichTr00,Trent Richardson,,O,RB,RB,18.0,True
2012,MIN,1,4,KaliMa00,Matt Kalil,,O,OL,T,34.0,True
2012,JAX,1,5,BlacJu00,Justin Blackmon,,O,WR,WR,9.0,True
2012,DAL,1,6,ClaiMo00,Morris Claiborne,,D,DB,DB,13.0,True
2012,TB,1,7,BarrMa00,Mark Barron,,D,DB,DB,18.0,True
2012,MIA,1,8,TannRy00,Ryan Tannehill,00-0029701,O,QB,QB,45.0,True
2012,CAR,1,9,KuecLu00,Luke Kuechly,,D,LB,LB,57.0,True
2012,BUF,1,10,GilmSt00,Stephon Gilmore,,D,DB,DB,20.0,True
2012,KC,1,11,PoexDo00,Dontari Poe,,D,DL,DT,37.0,True
2012,PHI,1,12,CoxxFl00,Fletcher Cox,,D,DL,DT,38.0,True
2012,ARI,1,13,FloyMi00,Michael Floyd,,O,WR,WR,25.0,True
2012,STL,1,14,BrocMi00,Michael Brockers,,D,DL,DT,30.0,True
2012,SEA,1,15,IrviBr00,Bruce Irvin,,D,DL,DE,25.0,True
2012,NYJ,1,16,CoplQu00,Quinton Coples,,D,DL,DE,20.0,True
2012,CIN,1,17,KirkDr00,Dre Kirkpatrick,,D,DB,DB,13.0,True
2012,SD,1,18,IngrMe00,Melvin Ingram,,D,DL,DE,15.0,True
2012,CHI,1,19,McClSh00,Shea McClellin,,D,DL,DE,14.0,True
2012,TEN,1,20,WrigKe01,Kendall Wright,,O,WR,WR,22.0,True
2012,NE,1,21,JoneCh03,Chandler Jones,,D,DL,DE,33.0,True
2012,CLE,1,22,WeedBr00,Brandon Weeden,00-0029677,O,QB,QB,15.0,True
2012,DET,1,23,ReifRi00,Riley Reiff,,O,OL,T,28.0,True
2012,PIT,1,24,DeCaDa00,David DeCastro,,O,OL,G,30.0,True
2012,NE,1,25,HighDo01,Dont'a Hightower,,D,LB,LB,28.0,True
2012,HOU,1,26,MercWh00,Whitney Mercilus,,D,DL,DE,25.0,True
2012,CIN,1,27,ZeitKe00,Kevin Zeitler,,O,OL,G,26.0,True
2012,GB,1,28,PerrNi00,Nick Perry,,D,DL,DE,10.0,True
2012,MIN,1,29,SmitHa00,Harrison Smith,,D,DB,DB,26.0,True
2012,SF,1,30,JenkA.00,A.J. Jenkins,,O,WR,WR,2.0,True
2012,TB,1,31,MartDo00,Doug Martin,,O,RB,RB,31.0,True
2012,NYG,1,32,WilsDa01,David Wilson,,O,RB,RB,5.0,True
2012,STL,2,33,QuicBr00,Brian Quick,,O,WR,WR,8.0,True
2012,IND,2,34,FleeCo00,Coby Fleener,,O,TE,TE,19.0,True
2012,BAL,2,35,UpshCo00,Courtney Upshaw,,D,LB,LB,23.0,True
2012,DEN,2,36,WolfDe00,Derek Wolfe,,D,DL,DT,27.0,True
2012,CLE,2,37,SchwMi00,Mitchell Schwartz,,O,OL,T,24.0,True
2012,JAX,2,38,BranAn00,Andre Branch,,D,LB,LB,10.0,True
2012,STL,2,39,JenkJa03,Janoris Jenkins,,D,DB,DB,27.0,True
2012,CAR,2,40,SilaAm00,Amini Silatolu,,O,OL,G,14.0,True
2012,BUF,2,41,GlenCo00,Cordy Glenn,,O,OL,G,29.0,True
2012,MIA,2,42,MartJo01,Jonathan Martin,,O,OL,T,15.0,True
2012,NYJ,2,43,HillSt00,Stephen Hill,,O,WR,WR,4.0,True
2012,KC,2,44,AlleJe01,Jeff Allen,,O,OL,T,15.0,True
2012,CHI,2,45,JeffAl00,Alshon Jeffery,,O,WR,WR,33.0,True
2012,PHI,2,46,KendMy00,Mychal Kendricks,,D,LB,LB,25.0,True
2012,SEA,2,47,WagnBo00,Bobby Wagner,,D,LB,LB,49.0,True
2012,NE,2,48,WilsTa00,Tavon Wilson,,D,DB,DB,6.0,True
2012,SD,2,49,ReyeKe00,Kendall Reyes,,D,DL,DT,23.0,True
2012,STL,2,50,PeadIs00,Isaiah Pead,,O,RB,RB,1.0,True
2012,GB,2,51,WortJe00,Jerel Worthy,,D,DL,DT,3.0,True
2012,TEN,2,52,BrowZa00,Zach Brown,,D,LB,LB,18.0,True
2012,CIN,2,53,StilDe00,Devon Still,,D,DL,DT,3.0,True
2012,DET,2,54,BroyRy00,Ryan Broyles,,O,WR,WR,3.0,True
2012,ATL,2,55,KonzPe00,Peter Konz,,O,OL,C,17.0,True
2012,PIT,2,56,AdamMi02,Mike Adams,,O,OL,T,11.0,True
2012,DEN,2,57,OsweBr00,Brock Osweiler,00-0029682,O,QB,QB,5.0,True
2012,TB,2,58,DaviLa00,Lavonte David,,D,LB,LB,38.0,True
2012,PHI,2,59,CurrVi00,Vinny Curry,,D,DL,DE,6.0,True
2012,BAL,2,60,OsemKe00,Kelechi Osemele,,O,OL,T,23.0,True
2012,SF,2,61,JameLa00,LaMichael James,,O,RB,RB,2.0,True
2012,GB,2,62,HaywCa00,Casey Hayward,,D,DB,DB,10.0,True
2012,NYG,2,63,RandRu00,Rueben Randle,,O,WR,WR,22.0,True
2012,IND,3,64,AlleDw00,Dwayne Allen,,O,TE,TE,8.0,True
2012,STL,3,65,JohnTr05,Trumaine Johnson,,D,DB,DB,18.0,True
2012,MIN,3,66,RobiJo01,Josh Robinson,,D,DB,DB,9.0,True
2012,DEN,3,67,HillRo00,Ronnie Hillman,,O,RB,RB,16.0,True
2012,HOU,3,68,PoseDe00,DeVier Posey,,O,WR,WR,2.0,True
2012,BUF,3,69,GrahT.00,T.J. Graham,,O,WR,WR,7.0,True
2012,JAX,3,70,AngeBr00,Bryan Anger,,S,P,P,12.0,True
2012,WAS,3,71,LeRiJo00,Josh LeRibeus,,O,OL,G,8.0,True
2012,MIA,3,72,VernOl00,Olivier Vernon,,D,LB,LB,24.0,True
2012,SD,3,73,TaylBr02,Brandon Taylor,,D,DB,DB,1.0,True
2012,KC,3,74,StepDo00,Donald Stephenson,,O,OL,T,13.0,True
2012,SEA,3,75,WilsRu00,Russell Wilson,00-0029263,O,QB,QB,70.0,True
2012,HOU,3,76,BrooBr00,Brandon Brooks,,O,OL,G,17.0,True
2012,NYJ,3,77,DaviDe00,Demario Davis,,D,LB,LB,29.0,True
2012,MIA,3,78,EgneMi00,Michael Egnew,,O,TE,TE,0.0,True
2012,CHI,3,79,HardBr01,Brandon Hardin,,D,DB,DB,0.0,False
2012,ARI,3,80,FlemJa00,Jamell Fleming,,D,DB,DB,5.0,True
2012,DAL,3,81,CrawTy00,Tyrone Crawford,,D,DL,DE,14.0,True
2012,TEN,3,82,MartMi01,Mike Martin,,D,DL,DT,6.0,True
2012,CIN,3,83,SanuMo00,Mohamed Sanu,,O,WR,WR,19.0,True
2012,BAL,3,84,PierBe00,Bernard Pierce,,O,RB,RB,10.0,True
2012,DET,3,85,BentBi00,Bill Bentley,,D,DB,DB,3.0,True
2012,PIT,3,86,SpenSe00,Sean Spence,,D,LB,LB,7.0,True
2012,CLE,3,87,HughJo00,John Hughes,,D,DL,DT,9.0,True
2012,PHI,3,88,FoleNi00,Nick Foles,00-0032792,O,QB,QB,23.0,True
2012,NO,3,89,HickAk00,Akiem Hicks,,D,DL,DE,18.0,True
2012,NE,3,90,BequJa00,Jake Bequette,,D,DL,DE,0.0,True
2012,ATL,3,91,HolmLa00,Lamar Holmes,,O,OL,T,10.0,True
2012,IND,3,92,HiltT.00,T.Y. Hilton,,O,WR,WR,38.0,True
2012,CIN,3,93,ThomBr01,Brandon Thompson,,D,DL,DT,7.0,True
2012,NYG,3,94,HoslJa00,Jayron Hosley,,D,DB,DB,7.0,True
2012,OAK,3,95,BergTo00,Tony Bergstrom,,O,OL,T,3.0,True
2012,STL,4,96,GiveCh00,Chris Givens,,O,WR,WR,13.0,True
2012,MIA,4,97,MillLa01,Lamar Miller,,O,RB,RB,25.0,True
2012,BAL,4,98,GradGi00,Gino Gradkowski,,O,OL,G,9.0,True
2012,HOU,4,99,JoneBe01,Ben Jones,,O,OL,C,19.0,True
2012,CLE,4,100,BenjTr00,Travis Benjamin,,O,WR,WR,14.0,True
2012,DEN,4,101,BoldOm00,Omar Bolden,,D,DB,DB,5.0,True
2012,WAS,4,102,CousKi00,Kirk Cousins,00-0029604,O,QB,QB,16.0,True
2012,CAR,4,103,AlexFr00,Frank Alexander,,D,DL,DE,6.0,True
2012,CAR,4,104,AdamJo01,Joe Adams,,O,WR,WR,0.0,True
2012,BUF,4,105,BradNi00,Nigel Bradham,,D,LB,LB,19.0,True
2012,SEA,4,106,TurbRo00,Robert Turbin,,O,RB,RB,13.0,True
2012,KC,4,107,WyliDe00,Devon Wylie,,O,WR,WR,0.0,True
2012,DEN,4,108,BlakPh00,Philip Blake,,O,OL,OL,0.0,False
2012,PIT,4,109,Ta'aAl00,Alameda Ta'amu,,D,DL,DT,3.0,True
2012,SD,4,110,GreeLa00,Ladarius Green,,O,TE,TE,9.0,True
2012,CHI,4,111,RodrEv00,Evan Rodriguez,,O,TE,TE,0.0,True
2012,ARI,4,112,MassBo00,Bobby Massie,,O,OL,T,22.0,True
2012,DAL,4,113,WilbKy00,Kyle Wilber,,D,LB,LB,10.0,True
2012,SEA,4,114,HowaJa00,Jaye Howard,,D,DL,DT,15.0,True
2012,TEN,4,115,SensCo00,Coty Sensabaugh,,D,DB,DB,13.0,True
2012,CIN,4,116,CharOr00,Orson Charles,,O,TE,TE,1.0,True
2012,SF,4,117,LoonJo01,Joe Looney,,O,OL,G,5.0,True
2012,MIN,4,118,WrigJa02,Jarius Wright,,O,WR,WR,17.0,True
2012,WAS,4,119,RobiKe01,Keenan Robinson,,D,LB,LB,13.0,True
2012,CLE,4,120,JohnJa04,James-Michael Johnson,,D,LB,LB,11.0,True
2012,HOU,4,121,MartKe01,Keshawn Martin,,O,WR,WR,7.0,True
2012,NO,4,122,ToonNi00,Nick Toon,,O,WR,WR,3.0,True
2012,PHI,4,123,BoykBr00,Brandon Boykin,,D,DB,DB,9.0,True
2012,BUF,4,124,BrooRo01,Ron Brooks,,D,DB,DB,4.0,True
2012,DET,4,125,LewiRo02,Ronnell Lewis,,D,LB,LB,0.0,True
2012,HOU,4,126,CricJa00,Jared Crick,,D,DL,DE,21.0,True
2012,NYG,4,127,RobiAd00,Adrien Robinson,,O,TE,TE,0.0,True
2012,MIN,4,128,ElliRh00,Rhett Ellison,,O,RB,RB,5.0,True
2012,OAK,4,129,BurrMi00,Miles Burris,,D,LB,LB,14.0,True
2012,BAL,4,130,ThomCh01,Christian Thompson,,D,DB,DB,0.0,True
2012,NYG,4,131,MoslBr00,Brandon Mosley,,O,OL,T,2.0,True
2012,GB,4,132,DaniMi00,Mike Daniels,,D,DL,DT,20.0,True
2012,GB,4,133,McMiJe00,Jerron McMillian,,D,DB,DB,2.0,True
2012,MIN,4,134,ChilGr00,Greg Childs,,O,WR,WR,0.0,False
2012,DAL,4,135,JohnMa05,Matt Johnson,,D,DB,DB,0.0,False
2012,IND,5,136,ChapJo00,Josh Chapman,,D,DL,NT,8.0,True
2012,DEN,5,137,JackMa02,Malik Jackson,,D,DL,DT,17.0,True
2012,DET,5,138,WhitTa00,Tahir Whitehead,,D,LB,LB,14.0,True
2012,MIN,5,139,BlanRo00,Robert Blanton,,D,DB,DB,9.0,True
2012,TB,5,140,GoodNa00,Najee Goode,,D,LB,LB,3.0,True
2012,WAS,5,141,GettAd00,Adam Gettis,,O,OL,G,1.0,True
2012,JAX,5,142,MarsBr01,Brandon Marshall,,D,LB,LB,16.0,True
2012,CAR,5,143,NormJo01,Josh Norman,,D,DB,DB,24.0,True
2012,BUF,5,144,SandZe00,Zebrie Sanders,,O,OL,OL,0.0,False
2012,TEN,5,145,ThomTa00,Taylor Thompson,,O,TE,TE,0.0,True
2012,KC,5,146,MenzDe00,DeQuan Menzie,,D,DB,DB,0.0,False
2012,BUF,5,147,CardTa00,Tank Carder,,D,LB,LB,4.0,True
2012,DET,5,148,GreeCh01,Chris Greenwood,,D,DB,DB,0.0,True
2012,SD,5,149,TrouJo00,Johnnie Troutman,,O,OL,G,14.0,True
2012,STL,5,150,WatkRo00,Rokevious Watkins,,O,OL,G,1.0,True
2012,ARI,5,151,KeleSe00,Senio Kelemete,,O,OL,G,5.0,True
2012,DAL,5,152,CoalDa00,Danny Coale,,O,WR,WR,0.0,False
2012,PHI,5,153,KellDe00,Dennis Kelly,,O,OL,T,8.0,True
2012,SEA,5,154,ToomKo00,Korey Toomer,,D,LB,LB,2.0,True
2012,MIA,5,155,KaddJo00,Josh Kaddu,,D,LB,LB,0.0,True
2012,CIN,5,156,PratSh00,Shaun Prater,,D,DB,DB,2.0,True
2012,ATL,5,157,EwinBr00,Bradie Ewing,,O,RB,RB,0.0,True
2012,OAK,5,158,CrawJa00,Jack Crawford,,D,DL,DE,4.0,True
2012,PIT,5,159,RainCh00,Chris Rainey,,O,RB,RB,1.0,True
2012,CLE,5,160,MillRy00,Ryan Miller,,O,OL,G,0.0,True
2012,HOU,5,161,BullRa00,Randy Bullock,,S,K,K,5.0,True
2012,NO,5,162,WhitCo01,Corey White,,D,DB,DB,11.0,True
2012,GB,5,163,MannTe00,Terrell Manning,,D,LB,LB,0.0,True
2012,ATL,5,164,MassJo00,Jonathan Massaquoi,,D,DL,DE,6.0,True
2012,SF,5,165,FlemDa00,Darius Fleming,,D,LB,LB,1.0,True
2012,CIN,5,166,JoneMa02,Marvin Jones,,O,WR,WR,18.0,True
2012,CIN,5,167,IlokGe00,George Iloka,,D,DB,DB,18.0,True
2012,OAK,5,168,CrinJu00,Juron Criner,,O,WR,WR,1.0,True
2012,BAL,5,169,JackAs00,Asa Jackson,,D,DB,DB,2.0,True
2012,IND,5,170,BallVi00,Vick Ballard,,O,RB,RB,5.0,True
2012,STL,6,171,ZuerGr00,Greg Zuerlein,,S,K,K,9.0,True
2012,SEA,6,172,LaneJe00,Jeremy Lane,,D,DB,DB,6.0,True
2012,WAS,6,173,MorrAl00,Alfred Morris,,O,RB,RB,30.0,True
2012,TB,6,174,TandKe00,Keith Tandy,,D,DB,DB,6.0,True
2012,MIN,6,175,WalsBl00,Blair Walsh,,S,K,K,14.0,True
2012,JAX,6,176,HarrMi00,Mike Harris,,D,DB,DB,9.0,True
2012,ARI,6,177,BethJu00,Justin Bethel,,D,DB,DB,11.0,True
2012,BUF,6,178,AspeMa00,Mark Asper,,O,OL,G,0.0,True
2012,NO,6,179,TillAn01,Andrew Tiller,,O,OL,G,3.0,True
2012,SF,6,180,RobiTr02,Trent Robinson,,D,DB,DB,6.0,True
2012,SEA,6,181,GuyxWi00,Winston Guy,,D,DB,DB,3.0,True
2012,KC,6,182,GrayCy00,Cyrus Gray,,O,RB,RB,1.0,True
2012,MIA,6,183,CunnB.00,B.J. Cunningham,,O,WR,WR,0.0,True
2012,CHI,6,184,FreyIs00,Isaiah Frey,,D,DB,DB,3.0,True
2012,ARI,6,185,LindRy00,Ryan Lindley,00-0029531,O,QB,QB,-4.0,True
2012,DAL,6,186,HannJa00,James Hanna,,O,TE,TE,3.0,True
2012,NYJ,6,187,BushJo00,Josh Bush,,D,DB,DB,3.0,True
2012,DEN,6,188,TrevDa00,Danny Trevathan,,D,LB,LB,21.0,True
2012,OAK,6,189,BiluCh00,Christo Bilukidi,,D,DL,DE,1.0,True
2012,TEN,6,190,MartMa00,Markelle Martin,,D,DB,DB,1.0,True
2012,CIN,6,191,HerrDa00,Dan Herron,,O,RB,RB,5.0,True
2012,ATL,6,192,MitcCh01,Charles Mitchell,,D,DB,DB,1.0,True
2012,WAS,6,193,CompTo00,Tom Compton,,O,OL,T,7.0,True
2012,PHI,6,194,McNuMa00,Marvin McNutt,,O,WR,WR,0.0,True
2012,HOU,6,195,MondNi00,Nick Mondek,,O,OL,OL,0.0,False
2012,DET,6,196,GreeJo03,Jonte Green,,D,DB,DB,4.0,True
2012,NE,6,197,EbneNa00,Nate Ebner,,D,DB,DB,4.0,True
2012,BAL,6,198,StreTo00,Tommy Streeter,,O,WR,WR,0.0,True
2012,SF,6,199,SlowJa00,Jason Slowey,,O,OL,OL,0.0,False
2012,PHI,6,200,WashBr00,Brandon Washington,,O,OL,G,0.0,True
2012,NYG,6,201,McCaMa00,Matt McCants,,O,OL,T,3.0,True
2012,NYJ,6,202,GanaTe00,Terrance Ganaway,,O,RB,RB,0.0,True
2012,NYJ,6,203,GrifRo03,Robert Griffin,,O,OL,OL,0.0,False
2012,CLE,6,204,AchoEm00,Emmanuel Acho,,D,LB,LB,2.0,True
2012,CLE,6,205,WinnBi00,Billy Winn,,D,DL,DT,14.0,True
2012,IND,6,206,BrazLa00,LaVon Brazill,,O,WR,WR,3.0,True
2012,CAR,6,207,NortBr00,Brad Nortman,,S,P,P,8.0,True
2012,IND,7,208,AndeJu00,Justin Anderson,,O,OL,OL,0.0,False
2012,STL,7,209,BrowAa01,Aaron Brown,,D,LB,LB,0.0,False
2012,MIN,7,210,ColeAu00,Audie Cole,,D,LB,LB,5.0,True
2012,TEN,7,211,SoloSc00,Scott Solomon,,D,DL,DE,2.0,True
2012,TB,7,212,SmitMi01,Michael Smith,,O,RB,RB,0.0,True
2012,WAS,7,213,CrawRi00,Richard Crawford,,D,DB,DB,1.0,True
2012,IND,7,214,FuggTi00,Tim Fugger,,D,DL,DE,0.0,False
2012,MIA,7,215,RandKh00,Kheeston Randall,,D,DL,DT,1.0,True
2012,CAR,7,216,CampD.00,D.J. Campbell,,D,DB,DB,2.0,True
2012,WAS,7,217,BernJo00,Jordan Bernstine,,D,DB,DB,0.0,True
2012,KC,7,218,LongJe00,Jerome Long,,D,DL,DT,0.0,True
2012,MIN,7,219,GuytTr00,Trevor Guyton,,D,DL,DE,0.0,False
2012,CHI,7,220,McCoGr00,Greg McCoy,,D,DB,DB,0.0,False
2012,ARI,7,221,PottNa00,Nate Potter,,O,OL,T,3.0,True
2012,DAL,7,222,McSuCa00,Caleb McSurdy,,D,LB,LB,0.0,False
2012,DET,7,223,LewiTr00,Travis Lewis,,D,LB,LB,4.0,True
2012,NE,7,224,DennAl00,Alfonzo Dennard,,D,DB,DB,8.0,True
2012,SEA,7,225,SweeJ.00,J.R. Sweezy,,D,DL,DT,27.0,True
2012,SD,7,226,MolkDa00,David Molk,,O,OL,C,3.0,True
2012,MIA,7,227,MattRi00,Rishard Matthews,,O,WR,WR,10.0,True
2012,JAX,7,228,PendJe00,Jeris Pendleton,,D,DL,DT,0.0,True
2012,PHI,7,229,BrowBr02,Bryce Brown,,O,RB,RB,10.0,True
2012,OAK,7,230,StupNa01,Nathan Stupar,,D,LB,LB,4.0,True
2012,PIT,7,231,ClemTo00,Toney Clemons,,O,WR,WR,0.0,True
2012,SEA,7,232,ScruGr00,Greg Scruggs,,D,DL,DE,1.0,True
2012,TB,7,233,DunsDr00,Drake Dunsmore,,O,TE,TE,0.0,False
2012,NO,7,234,JoneMa03,Marcel Jones,,O,OL,OL,0.0,False
2012,NE,7,235,EberJe00,Jeremy Ebert,,O,WR,WR,0.0,True
2012,BAL,7,236,TysoDe00,DeAngelo Tyson,,D,DL,DT,6.0,True
2012,SF,7,237,JohnCa01,Cam Johnson,,D,DL,DE,1.0,True
2012,KC,7,238,HemiJu00,Junior Hemingway,,O,WR,WR,2.0,True
2012,NYG,7,239,KuhnMa00,Markus Kuhn,,D,DL,DT,6.0,True
2012,PIT,7,240,PaulDa01,David Paulson,,O,TE,TE,1.0,True
2012,GB,7,241,DatkAn00,Andrew Datko,,O,OL,OL,0.0,False
2012,NYJ,7,242,AlleAn02,Antonio Allen,,D,DB,DB,9.0,True
2012,GB,7,243,ColeB.00,B.J. Coleman,,O,QB,QB,0.0,False
2012,NYJ,7,244,WhitJo02,Jordan White,,O,WR,WR,0.0,True
2012,CLE,7,245,WadeTr00,Trevin Wade,,D,DB,DB,3.0,True
2012,PIT,7,246,FredTe00,Terrence Frederick,,D,DB,DB,1.0,True
2012,CLE,7,247,SmelBr00,Brad Smelley,,O,TE,TE,0.0,True
2012,PIT,7,248,BeacKe00,Kelvin Beachum,,O,OL,T,19.0,True
2012,ATL,7,249,RobeTr00,Travian Robertson,,D,DL,DT,1.0,True
2012,SD,7,250,BakeEd01,Edwin Baker,,O,RB,RB,1.0,True
2012,BUF,7,251,PottJo00,John Potter,,S,K,K,0.0,True
2012,STL,7,252,RichDa00,Daryl Richardson,,O,RB,RB,7.0,True
2012,IND,7,253,HarnCh00,Chandler Harnish,,O,QB,QB,0.0,False
2013,KC,1,1,FishEr00,Eric Fisher,,O,OL,T,29.0,True
2013,JAX,1,2,JoecLu00,Luke Joeckel,,O,OL,T,18.0,True
2013,MIA,1,3,JordDi00,Dion Jordan,,D,DL,DE,3.0,True
2013,PHI,1,4,JohnLa01,Lane Johnson,,O,OL,T,23.0,True
2013,DET,1,5,AnsaEz00,Ezekiel Ansah,,D,DL,DE,32.0,True
2013,CLE,1,6,MingBa00,Barkevious Mingo,,D,LB,LB,13.0,True
2013,ARI,1,7,CoopJo01,Jonathan Cooper,,O,OL,G,7.0,True
2013,STL,1,8,AustTa00,Tavon Austin,,O,WR,WR,21.0,True
2013,NYJ,1,9,MillDe00,Dee Milliner,,D,DB,DB,6.0,True
2013,TEN,1,10,WarmCh00,Chance Warmack,,O,OL,G,20.0,True
2013,SD,1,11,FlukDJ00,D.J. Fluker,,O,OL,T,31.0,True
2013,OAK,1,12,HaydDJ00,D.J. Hayden,,D,DB,DB,10.0,True
2013,NYJ,1,13,RichSh00,Sheldon Richardson,,D,DL,DT,38.0,True
2013,CAR,1,14,LotuSt00,Star Lotulelei,,D,DL,DT,28.0,True
2013,NO,1,15,VaccKe00,Kenny Vaccaro,,D,DB,DB,19.0,True
2013,BUF,1,16,ManuEJ00,EJ Manuel,00-0030526,O,QB,QB,10.0,True
2013,PIT,1,17,JoneJa05,Jarvis Jones,,D,LB,LB,19.0,True
2013,SF,1,18,ReidEr00,Eric Reid,,D,DB,DB,24.0,True
2013,NYG,1,19,PughJu00,Justin Pugh,,O,OL,T,25.0,True
2013,CHI,1,20,LongKy00,Kyle Long,,O,OL,G,35.0,True
2013,CIN,1,21,EifeTy00,Tyler Eifert,,O,TE,TE,13.0,True
2013,ATL,1,22,TrufDe00,Desmond Trufant,,D,DB,DB,23.0,True
2013,MIN,1,23,FloySh00,Sharrif Floyd,,D,DL,DT,13.0,True
2013,IND,1,24,WernBj00,Bjoern Werner,,D,DL,DE,10.0,True
2013,MIN,1,25,RhodXa00,Xavier Rhodes,,D,DB,DB,23.0,True
2013,GB,1,26,JoneDa03,Datone Jones,,D,DL,DE,10.0,True
2013,HOU,1,27,HopkDe00,DeAndre Hopkins,,O,WR,WR,33.0,True
2013,DEN,1,28,WillSy00,Sylvester Williams,,D,DL,DT,24.0,True
2013,MIN,1,29,PattCo00,Cordarrelle Patterson,,O,WR,WR,19.0,True
2013,STL,1,30,OgleAl00,Alec Ogletree,,D,LB,LB,33.0,True
2013,DAL,1,31,FredTr00,Travis Frederick,,O,OL,C,41.0,True
2013,BAL,1,32,ElamMa00,Matt Elam,,D,DB,DB,12.0,True
2013,JAX,2,33,CyprJo00,Johnathan Cyprien,,D,DB,DB,23.0,True
2013,TEN,2,34,HuntJu00,Justin Hunter,,O,WR,WR,10.0,True
2013,PHI,2,35,ErtzZa00,Zach Ertz,,O,TE,TE,22.0,True
2013,DET,2,36,SlayDa00,Darius Slay,,D,DB,DB,18.0,True
2013,CIN,2,37,BernGi00,Giovani Bernard,,O,RB,RB,31.0,True
2013,SD,2,38,TeoxMa00,Manti Te'o,,D,LB,LB,15.0,True
2013,NYJ,2,39,SmitGe00,Geno Smith,00-0030565,O,QB,QB,15.0,True
2013,SF,2,40,CarrCo00,Tank Carradine,,D,DL,DE,4.0,True
2013,BUF,2,41,WoodRo02,Robert Woods,,O,WR,WR,20.0,True
2013,OAK,2,42,WatsMe00,Menelik Watson,,O,OL,T,9.0,True
2013,TB,2,43,BankJo00,Johnthan Banks,,D,DB,DB,13.0,True
2013,CAR,2,44,ShorKa00,Kawann Short,,D,DL,DT,28.0,True
2013,ARI,2,45,MintKe00,Kevin Minter,,D,LB,LB,22.0,True
2013,BUF,2,46,AlonKi00,Kiko Alonso,,D,LB,LB,19.0,True
2013,DAL,2,47,EscoGa00,Gavin Escobar,,O,TE,TE,2.0,True
2013,PIT,2,48,BellLe00,Le'Veon Bell,,O,RB,RB,45.0,True
2013,NYG,2,49,HankJo00,Johnathan Hankins,,D,DL,DT,19.0,True
2013,CHI,2,50,BostJo00,Jonathan Bostic,,D,LB,LB,8.0,True
2013,WAS,2,51,AmerDa00,David Amerson,,D,DB,DB,19.0,True
2013,NE,2,52,CollJa00,Jamie Collins,,D,LB,LB,35.0,True
2013,CIN,2,53,HuntMa00,Margus Hunt,,D,DL,DE,4.0,True
2013,MIA,2,54,TaylJa01,Jamar Taylor,,D,DB,DB,9.0,True
2013,SF,2,55,McDoVa00,Vance McDonald,,O,TE,TE,6.0,True
2013,BAL,2,56,BrowAr00,Arthur Brown,,D,LB,LB,3.0,True
2013,HOU,2,57,SweaDJ00,D.J. Swearinger,,D,DB,DB,17.0,True
2013,DEN,2,58,BallMo00,Montee Ball,,O,RB,RB,8.0,True
2013,NE,2,59,DobsAa00,Aaron Dobson,,O,WR,WR,6.0,True
2013,ATL,2,60,AlfoRo00,Robert Alford,,D,DB,DB,17.0,True
2013,GB,2,61,LacyEd00,Eddie Lacy,,O,RB,RB,36.0,True
2013,SEA,2,62,MichCh00,Christine Michael,,O,RB,RB,9.0,True
2013,KC,3,63,KelcTr00,Travis Kelce,,O,TE,TE,28.0,True
2013,JAX,3,64,GratDw00,Dwayne Gratz,,D,DB,DB,10.0,True
2013,DET,3,65,WarfLa00,Larry Warford,,O,OL,G,27.0,True
2013,OAK,3,66,MoorSi00,Sio Moore,,D,LB,LB,16.0,True
2013,PHI,3,67,LogaBe00,Bennie Logan,,D,DL,DT,24.0,True
2013,CLE,3,68,McFaLe00,Leon McFadden,,D,DB,DB,2.0,True
2013,ARI,3,69,MathTy00,Tyrann Mathieu,,D,DB,DB,21.0,True
2013,TEN,3,70,WrehBl00,Blidi Wreh-Wilson,,D,DB,DB,6.0,True
2013,STL,3,71,McDoTJ00,T.J. McDonald,,D,DB,DB,21.0,True
2013,NYJ,3,72,WintBr00,Brian Winters,,O,OL,G,16.0,True
2013,TB,3,73,GlenMi00,Mike Glennon,00-0030520,O,QB,QB,11.0,True
2013,DAL,3,74,WillTe01,Terrance Williams,,O,WR,WR,25.0,True
2013,NO,3,75,ArmsTe00,Terron Armstead,,O,OL,T,23.0,True
2013,SD,3,76,AlleKe00,Keenan Allen,,O,WR,WR,22.0,True
2013,MIA,3,77,ThomDa04,Dallas Thomas,,O,OL,T,12.0,True
2013,BUF,3,78,GoodMa00,Marquise Goodwin,,O,WR,WR,6.0,True
2013,PIT,3,79,WheaMa00,Markus Wheaton,,O,WR,WR,13.0,True
2013,DAL,3,80,WilcJ.00,J.J. Wilcox,,D,DB,DB,16.0,True
2013,NYG,3,81,MoorDa01,Damontre Moore,,D,DL,DE,4.0,True
2013,NO,3,82,JenkJo00,John Jenkins,,D,DL,DT,11.0,True
2013,NE,3,83,RyanLo00,Logan Ryan,,D,DB,DB,18.0,True
2013,CIN,3,84,WillSh02,Shawn Williams,,D,DB,DB,11.0,True
2013,WAS,3,85,ReedJo02,Jordan Reed,,O,TE,TE,20.0,True
2013,IND,3,86,ThorHu00,Hugh Thornton,,O,OL,G,17.0,True
2013,SEA,3,87,HillJo01,Jordan Hill,,D,DL,DT,6.0,True
2013,SF,3,88,LemoCo00,Corey Lemonier,,D,DL,DE,4.0,True
2013,HOU,3,89,WillBr03,Brennan Williams,,O,OL,OL,0.0,False
2013,DEN,3,90,WebsKa00,Kayvon Webster,,D,DB,DB,5.0,True
2013,NE,3,91,HarmDu00,Duron Harmon,,D,DB,DB,8.0,True
2013,STL,3,92,BailSt01,Stedman Bailey,,O,WR,WR,7.0,True
2013,MIA,3,93,DaviWi02,Will Davis,,D,DB,DB,0.0,True
2013,BAL,3,94,WillBr02,Brandon Williams,,D,DL,DT,24.0,True
2013,HOU,3,95,MontSa00,Sam Montgomery,,D,DL,DE,0.0,False
2013,KC,3,96,DaviKn00,Knile Davis,,O,RB,RB,10.0,True
2013,TEN,3,97,GoodZa00,Zaviar Gooden,,D,LB,LB,3.0,True
2013,PHI,4,98,BarkMa00,Matt Barkley,00-0030533,O,QB,QB,2.0,True
2013,KC,4,99,JohnNi00,Nico Johnson,,D,LB,LB,3.0,True
2013,TB,4,100,SpenAk00,Akeem Spence,,D,DL,DT,14.0,True
2013,JAX,4,101,SandAc00,Ace Sanders,,O,WR,WR,3.0,True
2013,NE,4,102,BoycJo00,Josh Boyce,,O,WR,WR,1.0,True
2013,ARI,4,103,OkafAl00,Alex Okafor,,D,DL,DE,16.0,True
2013,MIA,4,104,JenkJe00,Jelani Jenkins,,D,LB,LB,16.0,True
2013,BUF,4,105,WillDu00,Duke Williams,,D,DB,DB,8.0,True
2013,MIA,4,106,SimsDi00,Dion Sims,,O,TE,TE,6.0,True
2013,TEN,4,107,SchwBr00,Brian Schwenke,,O,OL,C,13.0,True
2013,CAR,4,108,KugbEd00,Edmund Kugbila,,O,OL,OL,0.0,False
2013,GB,4,109,BakhDa00,David Bakhtiari,,O,OL,T,43.0,True
2013,NYG,4,110,NassRy00,Ryan Nassib,,O,QB,QB,0.0,True
2013,PIT,4,111,ThomSh00,Shamarko Thomas,,D,DB,DB,4.0,True
2013,OAK,4,112,WilsTy00,Tyler Wilson,,O,QB,QB,0.0,False
2013,STL,4,113,JoneBa00,Barrett Jones,,O,OL,G,1.0,True
2013,DAL,4,114,WebbBW00,B.W. Webb,,D,DB,DB,6.0,True
2013,PIT,4,115,JoneLa02,Landry Jones,00-0030524,O,QB,QB,3.0,True
2013,ARI,4,116,WatfEa00,Earl Watford,,O,OL,G,8.0,True
2013,CHI,4,117,GreeKh00,Khaseem Greene,,D,LB,LB,3.0,True
2013,CIN,4,118,PortSe00,Sean Porter,,D,LB,LB,0.0,True
2013,WAS,4,119,ThomPh00,Phillip Thomas,,D,DB,DB,2.0,True
2013,MIN,4,120,HodgGe00,Gerald Hodges,,D,LB,LB,15.0,True
2013,IND,4,121,HolmKh00,Khaled Holmes,,O,OL,C,4.0,True
2013,GB,4,122,TretJC00,J.C. Tretter,,O,OL,T,7.0,True
2013,SEA,4,123,HarpCh00,Chris Harper,,O,WR,WR,0.0,True
2013,HOU,4,124,WillTr02,Trevardo Williams,,D,DL,DE,0.0,True
2013,GB,4,125,FranJo01,Johnathan Franklin,,O,RB,RB,1.0,True
2013,TB,4,126,GholWi00,William Gholston,,D,DL,DE,18.0,True
2013,ATL,4,127,GoodMa01,Malliciah Goodman,,D,DL,DE,5.0,True
2013,SF,4,128,PattQu00,Quinton Patton,,O,WR,WR,7.0,True
2013,BAL,4,129,SimoJo01,John Simon,,D,DL,DE,10.0,True
2013,BAL,4,130,JuszKy00,Kyle Juszczyk,,O,RB,RB,6.0,True
2013,SF,4,131,LattMa00,Marcus Lattimore,,O,RB,RB,0.0,False
2013,DET,4,132,TaylDe00,Devin Taylor,,D,DL,DE,13.0,True
2013,ATL,4,133,ToilLe00,Levine Toilolo,,O,TE,TE,5.0,True
2013,KC,5,134,CommSa00,Sanders Commings,,D,DB,DB,0.0,True
2013,JAX,5,135,RobiDe00,Denard Robinson,,O,WR,WR,8.0,True
2013,PHI,5,136,WolfEa00,Earl Wolff,,D,DB,DB,4.0,True
2013,SEA,5,137,WillJe02,Jesse Williams,,D,DL,DT,0.0,False
2013,SEA,5,138,SimoTh00,Tharold Simon,,D,DB,DB,3.0,True
2013,IND,5,139,HughMo00,Montori Hughes,,D,DL,DT,2.0,True
2013,ARI,5,140,TaylSt00,Stepfan Taylor,,O,RB,RB,3.0,True
2013,NYJ,5,141,AbouOd00,Oday Aboushi,,O,OL,T,7.0,True
2013,TEN,5,142,EdwaLa00,Lavar Edwards,,D,DL,DE,1.0,True
2013,BUF,5,143,MeekJo01,Jonathan Meeks,,D,DB,DB,2.0,True
2013,NO,5,144,StilKe00,Kenny Stills,,O,WR,WR,23.0,True
2013,SD,5,145,WillSt02,Steve Williams,,D,DB,DB,4.0,True
2013,DEN,5,146,SmitQu00,Quanterus Smith,,D,DL,DE,1.0,True
2013,TB,5,147,MeanSt00,Steven Means,,D,DL,DE,2.0,True
2013,CAR,5,148,KleiAJ00,A.J. Klein,,D,LB,LB,13.0,True
2013,STL,5,149,McGeBr00,Brandon McGee,,D,DB,DB,1.0,True
2013,PIT,5,150,HawtTe00,Terry Hawthorne,,D,DB,DB,0.0,False
2013,DAL,5,151,RandJo01,Joseph Randle,,O,RB,RB,7.0,True
2013,NYG,5,152,TaylCo01,Cooper Taylor,,D,DB,DB,2.0,True
2013,ATL,5,153,MapoSt00,Stansly Maponga,,D,DL,DE,2.0,True
2013,WAS,5,154,ThomCh03,Chris Thompson,,O,RB,RB,8.0,True
2013,MIN,5,155,LockJe00,Jeff Locke,,S,P,P,6.0,True
2013,CIN,5,156,HawkTa00,Tanner Hawkinson,,O,OL,T,0.0,True
2013,SF,5,157,DialQu00,Quinton Dial,,D,DL,DE,14.0,True
2013,SEA,5,158,WillLu00,Luke Willson,,O,TE,TE,10.0,True
2013,GB,5,159,HydeMi00,Micah Hyde,,D,DB,DB,17.0,True
2013,STL,5,160,StacZa00,Zac Stacy,,O,RB,RB,11.0,True
2013,DEN,5,161,KingTa00,Tavarres King,,O,WR,WR,0.0,True
2013,WAS,5,162,JenkBr00,Brandon Jenkins,,D,DL,DE,0.0,True
2013,CHI,5,163,MillJo02,Jordan Mills,,O,OL,T,28.0,True
2013,MIA,5,164,GillMi00,Mike Gillislee,,O,RB,RB,6.0,True
2013,DET,5,165,MartSa01,Sam Martin,,S,P,P,12.0,True
2013,MIA,5,166,SturCa00,Caleb Sturgis,,S,K,K,9.0,True
2013,GB,5,167,BoydJo00,Josh Boyd,,D,DL,DE,4.0,True
2013,BAL,5,168,WagnRi00,Ricky Wagner,,O,OL,T,23.0,True
2013,JAX,6,169,EvanJo00,Josh Evans,,D,DB,DB,14.0,True
2013,KC,6,170,KushEr00,Eric Kush,,O,OL,C,3.0,True
2013,DET,6,171,FullCo00,Corey Fuller,,O,WR,WR,3.0,True
2013,OAK,6,172,KasaNi00,Nick Kasa,,O,TE,TE,0.0,True
2013,DEN,6,173,PainVi00,Vinston Painter,,O,OL,G,0.0,True
2013,ARI,6,174,SwopRy00,Ryan Swope,,O,WR,WR,0.0,False
2013,CLE,6,175,SlauJa00,Jamoris Slaughter,,D,DB,DB,0.0,False
2013,HOU,6,176,QuesDa00,David Quessenberry,,O,OL,OL,0.0,False
2013,BUF,6,177,HopkDu00,Dustin Hopkins,,S,K,K,6.0,True
2013,NYJ,6,178,CampWi00,William Campbell,,O,OL,OL,0.0,False
2013,SD,6,179,WillTo00,Tourek Williams,,D,DL,DE,5.0,True
2013,SF,6,180,MoodNi00,Nick Moody,,D,LB,LB,2.0,True
2013,OAK,6,181,MurrLa00,Latavius Murray,,O,RB,RB,19.0,True
2013,CAR,6,182,BarnKe00,Kenjon Barner,,O,RB,RB,2.0,True
2013,NO,6,183,JohnRu02,Rufus Johnson,,D,DL,DE,0.0,True
2013,OAK,6,184,RiveMy00,Mychal Rivera,,O,TE,TE,10.0,True
2013,DAL,6,185,HollDe01,DeVonte Holloman,,D,LB,LB,1.0,True
2013,PIT,6,186,BrowJu00,Justin Brown,,O,WR,WR,1.0,True
2013,ARI,6,187,ElliAn00,Andre Ellington,,O,RB,RB,16.0,True
2013,CHI,6,188,WashCo00,Cornelius Washington,,D,LB,LB,3.0,True
2013,TB,6,189,JameMi00,Mike James,,O,RB,RB,2.0,True
2013,CIN,6,190,BurkRe00,Rex Burkhead,,O,RB,RB,5.0,True
2013,WAS,6,191,RambBa00,Bacarri Rambo,,D,DB,DB,8.0,True
2013,IND,6,192,BoyeJo00,John Boyett,,D,DB,DB,0.0,False
2013,GB,6,193,PalmNa01,Nate Palmer,,D,LB,LB,8.0,True
2013,SEA,6,194,WareSp00,Spencer Ware,,O,RB,RB,13.0,True
2013,HOU,6,195,BonnAl00,Alan Bonner,,O,WR,WR,0.0,False
2013,MIN,6,196,BacaJe00,Jeff Baca,,O,OL,G,0.0,True
2013,CIN,6,197,HamiCo00,Cobi Hamilton,,O,WR,WR,2.0,True
2013,HOU,6,198,JoneCh04,Chris Jones,,D,DL,DT,15.0,True
2013,DET,6,199,RiddTh00,Theo Riddick,,O,RB,RB,16.0,True
2013,BAL,6,200,LewiKa00,Kapron Lewis-Moore,,D,DL,DE,0.0,True
2013,HOU,6,201,GrifRy00,Ryan Griffin,,O,TE,TE,7.0,True
2013,TEN,6,202,WootKh00,Khalid Wooten,,D,DB,DB,0.0,True
2013,BAL,6,203,JensRy00,Ryan Jensen,,O,OL,T,4.0,True
2013,KC,6,204,WilsBr00,Braden Wilson,,O,RB,RB,0.0,False
2013,OAK,6,205,McGeSt01,Stacy McGee,,D,DL,DT,11.0,True
2013,PIT,6,206,WillVi01,Vince Williams,,D,LB,LB,12.0,True
2013,KC,7,207,CataMi00,Mike Catapano,,D,DL,DE,3.0,True
2013,JAX,7,208,HarrJe02,Jeremy Harris,,D,DB,DB,0.0,True
2013,OAK,7,209,ButlBr00,Brice Butler,,O,WR,WR,7.0,True
2013,JAX,7,210,McCrDe00,Demetrius McCray,,D,DB,DB,8.0,True
2013,DET,7,211,WillMi06,Michael Williams,,O,TE,TE,0.0,True
2013,PHI,7,212,KrugJo00,Joe Kruger,,D,DL,DE,0.0,False
2013,MIN,7,213,MautMi00,Michael Mauti,,D,LB,LB,4.0,True
2013,MIN,7,214,BondTr00,Travis Bond,,O,OL,G,0.0,True
2013,NYJ,7,215,BohaTo00,Tommy Bohanon,,O,RB,RB,1.0,True
2013,GB,7,216,JohnCh08,Charles Johnson,,O,WR,WR,7.0,True
2013,CLE,7,217,BryaAr00,Armonty Bryant,,D,DL,DE,4.0,True
2013,PHI,7,218,PoyeJo00,Jordan Poyer,,D,DB,DB,6.0,True
2013,ARI,7,219,JeffD.00,D.C. Jefferson,,O,TE,TE,0.0,True
2013,SEA,7,220,SeymRy00,Ryan Seymour,,O,OL,G,2.0,True
2013,SD,7,221,SoreBr00,Brad Sorensen,,O,QB,QB,0.0,False
2013,BUF,7,222,GragCh00,Chris Gragg,,O,TE,TE,1.0,True
2013,PIT,7,223,WillNi01,Nicholas Williams,,D,DL,DT,2.0,True
2013,GB,7,224,DorsKe01,Kevin Dorsey,,O,WR,WR,0.0,True
2013,NYG,7,225,HermEr00,Eric Herman,,O,OL,OL,0.0,False
2013,NE,7,226,BuchMi00,Michael Buchanan,,D,DL,DE,0.0,True
2013,CLE,7,227,GilkGa00,Garrett Gilkey,,O,OL,T,2.0,True
2013,WAS,7,228,JamiJa00,Jawan Jamison,,O,RB,RB,0.0,False
2013,MIN,7,229,DawkEv00,Everett Dawkins,,D,DL,DT,0.0,True
2013,IND,7,230,WillKe05,Kerwynn Williams,,O,RB,RB,3.0,True
2013,SEA,7,231,PoweTy00,Ty Powell,,D,DL,DE,1.0,True
2013,GB,7,232,BarrSa00,Sam Barrington,,D,LB,LB,4.0,True
2013,OAK,7,233,BassDa00,David Bass,,D,DL,DE,8.0,True
2013,DEN,7,234,DyseZa00,Zac Dysert,,O,QB,QB,0.0,False
2013,NE,7,235,BeauSt00,Steve Beauharnais,,D,LB,LB,0.0,True
2013,CHI,7,236,WilsMa02,Marquess Wilson,,O,WR,WR,6.0,True
2013,SF,7,237,DaniB.00,B.J. Daniels,,O,QB,QB,0.0,True
2013,BAL,7,238,MellAa00,Aaron Mellette,,O,WR,WR,0.0,False
2013,PHI,7,239,KingDa00,David King,,D,DL,DE,0.0,True
2013,CIN,7,240,FragRe00,Reid Fragel,,O,OL,OL,0.0,True
2013,SEA,7,241,SmitJa02,Jared Smith,,D,DL,DT,0.0,False
2013,SEA,7,242,BowiMi00,Michael Bowie,,O,OL,T,4.0,True
2013,ATL,7,243,IshmKe00,Kemal Ishmael,,D,DB,DB,10.0,True
2013,ATL,7,244,MottZe00,Zeke Motta,,D,DB,DB,1.0,True
2013,DET,7,245,HepbBr00,Brandon Hepburn,,D,LB,LB,0.0,False
2013,SF,7,246,BykoCa00,Carter Bykowski,,O,OL,OL,0.0,False
2013,BAL,7,247,AnthMa00,Marc Anthony,,D,DB,DB,0.0,False
2013,TEN,7,248,StafDa00,Daimion Stafford,,D,DB,DB,7.0,True
2013,ATL,7,249,RenfSe00,Sean Renfree,,O,QB,QB,0.0,True
2013,MIA,7,250,JoneDo02,Don Jones,,D,DB,DB,2.0,True
2013,CIN,7,251,JohnTJ00,T.J. Johnson,,O,OL,C,2.0,True
2013,SF,7,252,CoopMa00,Marcus Cooper,,D,DB,DB,12.0,True
2013,NYG,7,253,CoxxMi00,Michael Cox,,O,RB,RB,0.0,True
2013,IND,7,254,CunnJu00,Justice Cunningham,,O,TE,TE,0.0,True
2014,HOU,1,1,ClowJa00,Jadeveon Clowney,,D,DL,DE,29.0,True
2014,STL,1,2,RobiGr01,Greg Robinson,,O,OL,T,19.0,True
2014,JAX,1,3,BortBl00,Blake Bortles,00-0031407,O,QB,QB,42.0,True
2014,BUF,1,4,WatkSa00,Sammy Watkins,,O,WR,WR,27.0,True
2014,OAK,1,5,MackKh00,Khalil Mack,,D,LB,LB,48.0,True
2014,ATL,1,6,MattJa00,Jake Matthews,,O,OL,T,37.0,True
2014,TB,1,7,EvanMi00,Mike Evans,,O,WR,WR,35.0,True
2014,CLE,1,8,GilbJu00,Justin Gilbert,,D,DB,DB,4.0,True
2014,MIN,1,9,BarrAn00,Anthony Barr,,D,LB,LB,37.0,True
2014,DET,1,10,EbroEr00,Eric Ebron,,O,TE,TE,17.0,True
2014,TEN,1,11,LewaTa00,Taylor Lewan,,O,OL,T,31.0,True
2014,NYG,1,12,BeckOd00,Odell Beckham,,O,WR,WR,36.0,True
2014,STL,1,13,DonaAa00,Aaron Donald,,D,DL,DT,61.0,True
2014,CHI,1,14,FullKy00,Kyle Fuller,,D,DB,DB,17.0,True
2014,PIT,1,15,ShazRy00,Ryan Shazier,,D,LB,LB,28.0,True
2014,DAL,1,16,MartZa00,Zack Martin,,O,OL,G,48.0,True
2014,BAL,1,17,MoslC.00,C.J. Mosley,,D,LB,LB,50.0,True
2014,NYJ,1,18,PryoCa00,Calvin Pryor,,D,DB,DB,15.0,True
2014,MIA,1,19,JameJa01,Ja'Wuan James,,O,OL,T,23.0,True
2014,NO,1,20,CookBr00,Brandin Cooks,,O,WR,WR,38.0,True
2014,GB,1,21,ClinHa00,Ha Ha Clinton-Dix,,D,DB,DB,25.0,True
2014,CLE,1,22,ManzJo00,Johnny Manziel,00-0031409,O,QB,QB,5.0,True
2014,KC,1,23,FordDe00,Dee Ford,,D,LB,LB,15.0,True
2014,CIN,1,24,DennDa00,Darqueze Dennard,,D,DB,DB,8.0,True
2014,SD,1,25,VerrJa00,Jason Verrett,,D,DB,DB,12.0,True
2014,PHI,1,26,SmitMa03,Marcus Smith,,D,LB,LB,3.0,True
2014,ARI,1,27,BucaDe00,Deone Bucannon,,D,DB,DB,22.0,True
2014,CAR,1,28,BenjKe00,Kelvin Benjamin,,O,WR,WR,21.0,True
2014,NE,1,29,EaslDo00,Dominique Easley,,D,DL,DT,6.0,True
2014,SF,1,30,WardJi01,Jimmie Ward,,D,DB,DB,9.0,True
2014,DEN,1,31,RobyBr00,Bradley Roby,,D,DB,DB,11.0,True
2014,MIN,1,32,BridTe00,Teddy Bridgewater,00-0031237,O,QB,QB,22.0,True
2014,HOU,2,33,Sua-Xa00,Xavier Su'a-Filo,,O,OL,G,18.0,True
2014,DAL,2,34,LawrDe00,Demarcus Lawrence,,D,DL,DE,24.0,True
2014,CLE,2,35,BitoJo00,Joel Bitonio,,O,OL,G,18.0,True
2014,OAK,2,36,CarrDe02,Derek Carr,00-0031280,O,QB,QB,40.0,True
2014,ATL,2,37,HageRa00,Ra'Shede Hageman,,D,DL,DT,8.0,True
2014,TB,2,38,SefeAu00,Austin Seferian-Jenkins,,O,TE,TE,9.0,True
2014,JAX,2,39,LeexMa00,Marqise Lee,,O,WR,WR,18.0,True
2014,DET,2,40,VanNKy00,Kyle Van Noy,,D,LB,LB,14.0,True
2014,STL,2,41,JoynLa00,Lamarcus Joyner,,D,DB,DB,13.0,True
2014,PHI,2,42,MattJo00,Jordan Matthews,,O,WR,WR,23.0,True
2014,NYG,2,43,RichWe00,Weston Richburg,,O,OL,OL,22.0,True
2014,BUF,2,44,KouaCy00,Cyrus Kouandjio,,O,OL,T,7.0,True
2014,SEA,2,45,RichPa01,Paul Richardson,,O,WR,WR,11.0,True
2014,PIT,2,46,TuitSt00,Stephon Tuitt,,D,DL,DE,23.0,True
2014,WAS,2,47,MurpTr00,Trent Murphy,,D,LB,LB,13.0,True
2014,BAL,2,48,JernTi00,Timmy Jernigan,,D,DL,DT,22.0,True
2014,NYJ,2,49,AmarJa00,Jace Amaro,,O,TE,TE,4.0,True
2014,SD,2,50,AttaJe00,Jeremiah Attaochu,,D,LB,LB,8.0,True
2014,CHI,2,51,FergEg00,Ego Ferguson,,D,DL,DT,2.0,True
2014,ARI,2,52,NiklTr00,Troy Niklas,,O,TE,TE,1.0,True
2014,GB,2,53,AdamDa01,Davante Adams,,O,WR,WR,27.0,True
2014,TEN,2,54,SankBi00,Bishop Sankey,,O,RB,RB,6.0,True
2014,CIN,2,55,HillJe01,Jeremy Hill,,O,RB,RB,22.0,True
2014,DEN,2,56,LatiCo00,Cody Latimer,,O,WR,WR,3.0,True
2014,SF,2,57,HydeCa00,Carlos Hyde,,O,RB,RB,20.0,True
2014,NO,2,58,JeanSt00,Stanley Jean-Baptiste,,D,DB,DB,0.0,True
2014,IND,2,59,MewhJa00,Jack Mewhort,,O,OL,T,24.0,True
2014,CAR,2,60,EalyKo00,Kony Ealy,,D,DL,DE,13.0,True
2014,JAX,2,61,RobiAl02,Allen Robinson,,O,WR,WR,20.0,True
2014,NE,2,62,GaroJi00,Jimmy Garoppolo,00-0031345,O,QB,QB,8.0,True
2014,MIA,2,63,LandJa00,Jarvis Landry,,O,WR,WR,33.0,True
2014,SEA,2,64,BritJu00,Justin Britt,,O,OL,T,32.0,True
2014,HOU,3,65,FiedC.00,C.J. Fiedorowicz,,O,TE,TE,6.0,True
2014,WAS,3,66,MoseMo00,Morgan Moses,,O,OL,OL,28.0,True
2014,MIA,3,67,TurnBi00,Billy Turner,,O,OL,T,6.0,True
2014,ATL,3,68,SoutDe00,Dezmen Southward,,D,DB,DB,1.0,True
2014,TB,3,69,SimsCh00,Charles Sims,,O,RB,RB,14.0,True
2014,SF,3,70,MartMa01,Marcus Martin,,O,OL,C,10.0,True
2014,CLE,3,71,KirkCh00,Christian Kirksey,,D,LB,LB,22.0,True
2014,MIN,3,72,CricSc00,Scott Crichton,,D,DL,DE,2.0,True
2014,BUF,3,73,BrowPr00,Preston Brown,,D,LB,LB,31.0,True
2014,NYG,3,74,BromJa00,Jay Bromley,,D,DL,DT,7.0,True
2014,STL,3,75,MasoTr00,Tre Mason,,O,RB,RB,7.0,True
2014,DET,3,76,SwanTr00,Travis Swanson,,O,OL,C,22.0,True
2014,SF,3,77,BorlCh00,Chris Borland,,D,LB,LB,6.0,True
2014,WAS,3,78,LongSp00,Spencer Long,,O,OL,G,16.0,True
2014,BAL,3,79,BrooTe00,Terrence Brooks,,D,DB,DB,5.0,True
2014,NYJ,3,80,McDoDe00,Dexter McDougle,,D,DB,DB,2.0,True
2014,OAK,3,81,JackGa00,Gabe Jackson,,O,OL,G,25.0,True
2014,CHI,3,82,SuttWi00,Will Sutton,,D,DL,DT,9.0,True
2014,HOU,3,83,NixILo00,Louis Nix,,D,DL,DT,0.0,True
2014,ARI,3,84,MartKa00,Kareem Martin,,D,DL,DE,10.0,True
2014,GB,3,85,ThorKh00,Khyri Thornton,,D,DL,DT,3.0,True
2014,PHI,3,86,HuffJo00,Josh Huff,,O,WR,WR,6.0,True
2014,KC,3,87,GainPh00,Phillip Gaines,,D,DB,DB,6.0,True
2014,CIN,3,88,ClarWi00,Will Clarke,,D,DL,DE,6.0,True
2014,SD,3,89,WattCh00,Chris Watt,,O,OL,G,4.0,True
2014,IND,3,90,MoncDo00,Donte Moncrief,,O,WR,WR,16.0,True
2014,ARI,3,91,BrowJo02,John Brown,,O,WR,WR,21.0,True
2014,CAR,3,92,TurnTr01,Trai Turner,,O,OL,OL,31.0,True
2014,JAX,3,93,LindBr00,Brandon Linder,,O,OL,OL,19.0,True
2014,CLE,3,94,WestTe00,Terrance West,,O,RB,RB,12.0,True
2014,DEN,3,95,SchoMi00,Michael Schofield,,O,OL,OL,16.0,True
2014,MIN,3,96,McKiJe00,Jerick McKinnon,,O,RB,RB,22.0,True
2014,PIT,3,97,ArchDr00,Dri Archer,,O,WR,WR,0.0,True
2014,GB,3,98,RodgRi00,Richard Rodgers,,O,TE,TE,13.0,True
2014,BAL,3,99,GillCr00,Crockett Gillmore,,O,TE,TE,4.0,True
2014,SF,3,100,ThomBr02,Brandon Thomas,,O,OL,OL,0.0,False
2014,PHI,4,101,WatkJa01,Jaylen Watkins,,D,DB,DB,3.0,True
2014,WAS,4,102,BreeBa00,Bashaud Breeland,,D,DB,DB,23.0,True
2014,ATL,4,103,FreeDe00,Devonta Freeman,,O,RB,RB,39.0,True
2014,NYJ,4,104,SaunJa00,Jalen Saunders,,O,WR,WR,0.0,True
2014,NE,4,105,StorBr00,Bryan Stork,,O,OL,C,11.0,True
2014,SF,4,106,ElliBr00,Bruce Ellington,,O,WR,WR,5.0,True
2014,OAK,4,107,ElliJu01,Justin Ellis,,D,DL,DT,19.0,True
2014,SEA,4,108,MarsCa00,Cassius Marsh,,D,DL,DE,7.0,True
2014,BUF,4,109,CockRo00,Ross Cockrell,,D,DB,DB,15.0,True
2014,STL,4,110,AlexMa00,Maurice Alexander,,D,DB,DB,11.0,True
2014,CIN,4,111,BodiRu00,Russell Bodine,,O,OL,C,28.0,True
2014,TEN,4,112,JoneDa04,DaQuan Jones,,D,DL,DT,20.0,True
2014,NYG,4,113,WillAn00,Andre Williams,,O,RB,RB,7.0,True
2014,JAX,4,114,ColvAa00,Aaron Colvin,,D,DB,DB,10.0,True
2014,NYJ,4,115,EvanSh00,Shaquelle Evans,,O,WR,WR,0.0,False
2014,OAK,4,116,McGiKe00,Keith McGill,,D,DB,DB,4.0,True
2014,CHI,4,117,CareKa00,Ka'Deem Carey,,O,RB,RB,3.0,True
2014,PIT,4,118,BryaMa00,Martavis Bryant,,O,WR,WR,18.0,True
2014,DAL,4,119,HitcAn00,Anthony Hitchens,,D,LB,LB,24.0,True
2014,ARI,4,120,ThomLo00,Logan Thomas,,O,QB,QB,1.0,True
2014,GB,4,121,BradCa01,Carl Bradford,,D,LB,LB,0.0,True
2014,TEN,4,122,HuffMa00,Marqueston Huff,,D,DB,DB,4.0,True
2014,SEA,4,123,NorwKe00,Kevin Norwood,,O,WR,WR,1.0,True
2014,KC,4,124,ThomDe05,De'Anthony Thomas,,O,RB,RB,7.0,True
2014,MIA,4,125,AikeWa00,Walt Aikens,,D,DB,DB,5.0,True
2014,NO,4,126,FortKh00,Khairi Fortt,,D,LB,LB,0.0,True
2014,CLE,4,127,DesiPi00,Pierre Desir,,D,DB,DB,5.0,True
2014,CAR,4,128,BostTr00,Tre Boston,,D,DB,DB,16.0,True
2014,SF,4,129,JohnDo02,Dontae Johnson,,D,DB,DB,10.0,True
2014,NE,4,130,WhitJa02,James White,,O,RB,RB,19.0,True
2014,CHI,4,131,VereBr00,Brock Vereen,,D,DB,DB,2.0,True
2014,SEA,4,132,PierKe00,Kevin Pierre-Louis,,D,LB,LB,4.0,True
2014,DET,4,133,LawsNe00,Nevin Lawson,,D,DB,DB,12.0,True
2014,BAL,4,134,UrbaBr00,Brent Urban,,D,DL,DT,5.0,True
2014,HOU,4,135,SavaTo00,Tom Savage,00-0031064,O,QB,QB,4.0,True
2014,DET,4,136,WebsLa00,Larry Webster,,D,DL,DE,0.0,True
2014,NYJ,4,137,DoziDa00,Dakota Dozier,,O,OL,OL,3.0,True
2014,BAL,4,138,TaliLo00,Lorenzo Taliaferro,,O,RB,RB,3.0,True
2014,ATL,4,139,ShemPr00,Prince Shembo,,D,LB,LB,2.0,True
2014,NE,4,140,FlemCa00,Cameron Fleming,,O,OL,T,15.0,True
2014,PHI,5,141,HartTa00,Taylor Hart,,D,DL,DE,1.0,True
2014,WAS,5,142,GranRy01,Ryan Grant,,O,WR,WR,7.0,True
2014,TB,5,143,EdwaKa00,Kadeem Edwards,,O,OL,OL,0.0,False
2014,JAX,5,144,SmitTe01,Telvin Smith,,D,LB,LB,37.0,True
2014,MIN,5,145,YankDa00,David Yankey,,O,OL,OL,0.0,True
2014,DAL,5,146,StreDe00,Devin Street,,O,WR,WR,1.0,True
2014,ATL,5,147,AlleRi00,Ricardo Allen,,D,DB,DB,16.0,True
2014,CAR,5,148,BenwBe00,Bene Benwikere,,D,DB,DB,8.0,True
2014,TB,5,149,PampKe00,Kevin Pamphile,,O,OL,T,18.0,True
2014,SF,5,150,LyncAa00,Aaron Lynch,,D,DL,DE,10.0,True
2014,TEN,5,151,WillAv00,Avery Williamson,,D,LB,LB,27.0,True
2014,NYG,5,152,BerhNa00,Nat Berhe,,D,DB,DB,3.0,True
2014,BUF,5,153,RichCy00,Cyril Richardson,,O,OL,G,2.0,True
2014,NYJ,5,154,GeorJe01,Jeremiah George,,D,LB,LB,3.0,True
2014,MIA,5,155,LyncAr00,Arthur Lynch,,O,TE,TE,0.0,False
2014,DEN,5,156,BarrLa00,Lamin Barrow,,D,LB,LB,2.0,True
2014,PIT,5,157,RichSh01,Shaquille Richardson,,D,DB,DB,0.0,False
2014,DET,5,158,ReidCa00,Caraun Reid,,D,DL,DT,7.0,True
2014,JAX,5,159,SmitCh03,Chris Smith,,D,DL,DE,5.0,True
2014,ARI,5,160,StinEd00,Ed Stinson,,D,DL,DE,5.0,True
2014,GB,5,161,LinsCo00,Corey Linsley,,O,OL,C,29.0,True
2014,PHI,5,162,ReynEd00,Ed Reynolds,,D,DB,DB,3.0,True
2014,KC,5,163,MurrAa00,Aaron Murray,,O,QB,QB,0.0,False
2014,CIN,5,164,McCaA.00,A.J. McCarron,00-0031288,O,QB,QB,3.0,True
2014,SD,5,165,CarrRy00,Ryan Carrethers,,D,DL,DT,3.0,True
2014,IND,5,166,NewsJo00,Jonathan Newsome,,D,LB,LB,4.0,True
2014,NO,5,167,SunsVi00,Vinnie Sunseri,,D,DB,DB,0.0,True
2014,ATL,5,168,SpruMa00,Marquis Spruill,,D,LB,LB,0.0,False
2014,NO,5,169,PoweRo01,Ronald Powell,,D,LB,LB,1.0,True
2014,SF,5,170,ReasKe00,Keith Reaser,,D,DB,DB,2.0,True
2014,MIA,5,171,TripJo00,Jordan Tripp,,D,LB,LB,3.0,True
2014,SEA,5,172,StatJi00,Jimmy Staten,,D,DL,DT,0.0,False
2014,PIT,5,173,JohnWe00,Wesley Johnson,,O,OL,OL,10.0,True
2014,NYG,5,174,KennDe00,Devon Kennard,,D,DL,DE,18.0,True
2014,BAL,5,175,UrscJo00,John Urschel,,O,OL,G,7.0,True
2014,GB,5,176,AbbrJa00,Jared Abbrederis,,O,WR,WR,1.0,True
2014,HOU,6,177,PagaJe00,Jeoffrey Pagan,,D,DL,DE,1.0,True
2014,TEN,6,178,MettZa00,Zach Mettenberger,00-0029623,O,QB,QB,1.0,True
2014,NE,6,179,HalaJo00,Jon Halapio,,O,OL,OL,2.0,True
2014,SF,6,180,AckeKe00,Kenneth Acker,,D,DB,DB,7.0,True
2014,HOU,6,181,BlueAl00,Alfred Blue,,O,RB,RB,14.0,True
2014,MIN,6,182,ExumAn00,Antone Exum,,D,DB,DB,3.0,True
2014,CHI,6,183,FaleDa00,David Fales,,O,QB,QB,1.0,True
2014,MIN,6,184,JameKe00,Kendall James,,D,DB,DB,0.0,False
2014,TB,6,185,HerrRo00,Robert Herron,,O,WR,WR,0.0,True
2014,WAS,6,186,SeasLa00,Lache Seastrunk,,O,RB,RB,0.0,False
2014,NYG,6,187,JackBe00,Bennett Jackson,,D,DB,DB,0.0,False
2014,STL,6,188,GainE.00,E.J. Gaines,,D,DB,DB,14.0,True
2014,DET,6,189,JoneT.00,T.J. Jones,,O,WR,WR,5.0,True
2014,MIA,6,190,HazeMa01,Matt Hazel,,O,WR,WR,0.0,True
2014,CHI,6,191,ODonPa00,Pat O'Donnell,,S,P,P,8.0,True
2014,PIT,6,192,ZumwJo00,Jordan Zumwalt,,D,LB,LB,0.0,False
2014,KC,6,193,FultZa00,Zach Fulton,,O,OL,G,24.0,True
2014,BAL,6,194,WennKe00,Keith Wenning,,O,QB,QB,0.0,False
2014,NYJ,6,195,DixoBr00,Brandon Dixon,,D,DB,DB,3.0,True
2014,ARI,6,196,PoweWa00,Walt Powell,,O,WR,WR,1.0,True
2014,GB,6,197,GoodDe00,Demetri Goodson,,D,DB,DB,2.0,True
2014,NE,6,198,MoorZa00,Zach Moore,,D,DL,DE,1.0,True
2014,SEA,6,199,ScotGa01,Garrett Scott,,O,OL,OL,0.0,False
2014,KC,6,200,DuveLa00,Laurent Duvernay-Tardif,,O,OL,OL,19.0,True
2014,SD,6,201,GricMa00,Marion Grice,,O,RB,RB,0.0,True
2014,NO,6,202,RookTa00,Tavon Rooks,,O,OL,OL,0.0,False
2014,IND,6,203,JackAn02,Andrew Jackson,,D,LB,LB,1.0,True
2014,CAR,6,204,GaffTy00,Tyler Gaffney,,O,RB,RB,0.0,False
2014,JAX,6,205,BowaLu00,Luke Bowanko,,O,OL,C,7.0,True
2014,NE,6,206,ThomJe03,Jemea Thomas,,D,DB,DB,0.0,True
2014,DEN,6,207,ParaMa00,Matt Paradis,,O,OL,OL,18.0,True
2014,SEA,6,208,PinkEr00,Eric Pinkins,,D,DB,DB,0.0,True
2014,NYJ,6,209,EnunQu00,Quincy Enunwa,,O,WR,WR,9.0,True
2014,NYJ,6,210,EnemIK00,IK Enemkpali,,D,DL,DT,1.0,True
2014,HOU,6,211,ProsJa00,Jay Prosch,,O,RB,RB,0.0,True
2014,CIN,6,212,FlowMa00,Marquis Flowers,,D,LB,LB,6.0,True
2014,NYJ,6,213,BoydTa00,Tajh Boyd,,O,QB,QB,0.0,False
2014,STL,6,214,GilbGa01,Garrett Gilbert,00-0031395,O,QB,QB,0.0,False
2014,PIT,6,215,McCuDa00,Daniel McCullers,,D,DL,DT,3.0,True
2014,HOU,7,216,HalxAn00,Andre Hal,,D,DB,DB,18.0,True
2014,WAS,7,217,BolsTe00,Ted Bolser,,O,TE,TE,0.0,False
2014,BAL,7,218,CampMi02,Michael Campanaro,,O,WR,WR,4.0,True
2014,OAK,7,219,CarrTr00,T.J. Carrie,,D,DB,DB,14.0,True
2014,MIN,7,220,StepSh00,Shamar Stephen,,D,DL,DT,14.0,True
2014,BUF,7,221,JohnRa01,Randell Johnson,,D,LB,LB,2.0,True
2014,JAX,7,222,JohnSt03,Storm Johnson,,O,RB,RB,0.0,True
2014,MIN,7,223,WattBr00,Brandon Watts,,D,LB,LB,0.0,True
2014,PHI,7,224,AlleBe00,Beau Allen,,D,DL,DT,9.0,True
2014,MIN,7,225,PricJa00,Jabari Price,,D,DB,DB,1.0,True
2014,STL,7,226,VanDMi00,Mitchell Van Dyk,,O,OL,OL,0.0,False
2014,SEA,7,227,SmalKi00,Kiero Small,,O,RB,RB,0.0,True
2014,WAS,7,228,HockZa00,Zach Hocker,,S,K,K,0.0,True
2014,DET,7,229,FreeNa00,Nate Freese,,S,K,K,-1.0,True
2014,PIT,7,230,BlanRo01,Rob Blanchflower,,O,TE,TE,0.0,False
2014,DAL,7,231,GardBe00,Ben Gardner,,D,DL,DE,0.0,False
2014,IND,7,232,JohnUl00,Ulrick John,,O,OL,OL,2.0,True
2014,NYJ,7,233,ReilTr00,Trevor Reilly,,D,LB,LB,3.0,True
2014,MIA,7,234,FedeTe00,Terrence Fede,,D,DL,DE,6.0,True
2014,OAK,7,235,HarrSh00,Shelby Harris,,D,DL,DE,5.0,True
2014,GB,7,236,JaniJe00,Jeff Janis,,O,WR,WR,2.0,True
2014,BUF,7,237,HendSe00,Seantrel Henderson,,O,OL,OL,13.0,True
2014,DAL,7,238,SmitWi01,Will Smith,,D,LB,LB,0.0,False
2014,CIN,7,239,WrigJa03,James Wright,,O,WR,WR,2.0,True
2014,SD,7,240,ReesTe00,Tevin Reese,,O,WR,WR,0.0,False
2014,STL,7,241,BryaC.00,C.B. Bryant,,D,DB,DB,1.0,True
2014,DEN,7,242,NelsCo00,Corey Nelson,,D,LB,LB,6.0,True
2014,SF,7,243,RamsKa00,Kaleb Ramsey,,D,DL,DE,0.0,False
2014,NE,7,244,GallJe00,Jeremy Gallon,,O,WR,WR,0.0,False
2014,SF,7,245,MillTr00,Trey Millard,,O,RB,RB,0.0,False
2014,CHI,7,246,LenoCh00,Charles Leno,,O,OL,T,22.0,True
2014,OAK,7,247,DowlJo00,Jonathan Dowling,,D,DB,DB,0.0,True
2014,DAL,7,248,DixoAh00,Ahmad Dixon,,D,DB,DB,0.0,True
2014,STL,7,249,SamxMi00,Michael Sam,,D,DL,DE,0.0,False
2014,STL,7,250,RhanDe00,Demetrius Rhaney,,O,OL,OL,2.0,True
2014,DAL,7,251,BishKe01,Ken Bishop,,D,DL,DT,0.0,True
2014,CIN,7,252,WestLa00,Lavelle Westbrooks,,D,DB,DB,0.0,False
2014,ATL,7,253,SmalYa00,Yawin Smallwood,,D,LB,LB,0.0,False
2014,DAL,7,254,MitcTe00,Terrance Mitchell,,D,DB,DB,4.0,True
2014,ATL,7,255,StarTy00,Tyler Starr,,D,LB,LB,0.0,True
2014,HOU,7,256,BallLo00,Lonnie Ballentine,,D,DB,DB,0.0,True
2015,TB,1,1,WinsJa00,Jameis Winston,00-0031503,O,QB,QB,44.0,True
2015,TEN,1,2,MariMa01,Marcus Mariota,00-0032268,O,QB,QB,43.0,True
2015,JAX,1,3,FowlDa00,Dante Fowler,,D,LB,LB,10.0,True
2015,OAK,1,4,CoopAm00,Amari Cooper,,O,WR,WR,33.0,True
2015,WAS,1,5,ScheBr00,Brandon Scherff,,O,OL,T,30.0,True
2015,NYJ,1,6,WillLe02,Leonard Williams,,D,DL,DE,35.0,True
2015,CHI,1,7,WhitKe00,Kevin White,,O,WR,WR,2.0,True
2015,ATL,1,8,BeasVi00,Vic Beasley,,D,LB,LB,28.0,True
2015,NYG,1,9,FlowEr00,Ereck Flowers,,O,OL,T,25.0,True
2015,STL,1,10,GurlTo01,Todd Gurley,,O,RB,RB,47.0,True
2015,MIN,1,11,WaynTr00,Trae Waynes,,D,DB,CB,15.0,True
2015,CLE,1,12,ShelDa01,Danny Shelton,,D,DL,NT,19.0,True
2015,NO,1,13,PeatAn00,Andrus Peat,,O,OL,T,36.0,True
2015,MIA,1,14,ParkDe01,DeVante Parker,,O,WR,WR,16.0,True
2015,SD,1,15,GordMe00,Melvin Gordon,,O,RB,RB,36.0,True
2015,HOU,1,16,JohnKe04,Kevin Johnson,,D,DB,CB,9.0,True
2015,SF,1,17,ArmsAr01,Arik Armstead,,D,DL,DT,12.0,True
2015,KC,1,18,PeteMa00,Marcus Peters,,D,DB,CB,35.0,True
2015,CLE,1,19,ErviCa00,Cameron Erving,,O,OL,C,17.0,True
2015,PHI,1,20,AghoNe00,Nelson Agholor,,O,WR,WR,19.0,True
2015,CIN,1,21,OgbuCe00,Cedric Ogbuehi,,O,OL,T,13.0,True
2015,PIT,1,22,DuprAl00,Bud Dupree,,D,LB,LB,20.0,True
2015,DEN,1,23,RayxSh00,Shane Ray,,D,DL,DE,12.0,True
2015,ARI,1,24,HumpD.00,D.J. Humphries,,O,OL,T,12.0,True
2015,CAR,1,25,ThomSh01,Shaq Thompson,,D,LB,LB,22.0,True
2015,BAL,1,26,PerrBr02,Breshad Perriman,,O,WR,WR,6.0,True
2015,DAL,1,27,JoneBy00,Byron Jones,,D,DB,CB,27.0,True
2015,DET,1,28,TomlLa01,Laken Tomlinson,,O,OL,G,26.0,True
2015,IND,1,29,DorsPh00,Phillip Dorsett,,O,WR,WR,12.0,True
2015,GB,1,30,RandDa00,Damarious Randall,,D,DB,S,19.0,True
2015,NO,1,31,AnthSt00,Stephone Anthony,,D,LB,LB,10.0,True
2015,NE,1,32,BrowMa01,Malcom Brown,,D,DL,DT,30.0,True
2015,NYG,2,33,CollLa00,Landon Collins,,D,DB,S,31.0,True
2015,TB,2,34,SmitDo02,Donovan Smith,,O,OL,T,34.0,True
2015,OAK,2,35,EdwaMa01,Mario Edwards,,D,DL,DT,12.0,True
2015,JAX,2,36,YeldT.00,T.J. Yeldon,,O,RB,RB,20.0,True
2015,NYJ,2,37,SmitDe04,Devin Smith,,O,WR,WR,1.0,True
2015,WAS,2,38,SmitPr00,Preston Smith,,D,DL,DE,26.0,True
2015,CHI,2,39,GoldEd00,Eddie Goldman,,D,DL,DT,25.0,True
2015,TEN,2,40,GreeDo00,Dorial Green-Beckham,,O,WR,WR,7.0,True
2015,CAR,2,41,FuncDe00,Devin Funchess,,O,TE,TE,21.0,True
2015,ATL,2,42,CollJa02,Jalen Collins,,D,DB,CB,3.0,True
2015,HOU,2,43,McKiBe00,Benardrick McKinney,,D,LB,LB,37.0,True
2015,NO,2,44,KikaHa00,Hau'oli Kikaha,,D,LB,LB,5.0,True
2015,MIN,2,45,KendEr00,Eric Kendricks,,D,LB,LB,32.0,True
2015,SF,2,46,TartJa00,Jaquiski Tartt,,D,DB,S,12.0,True
2015,PHI,2,47,RoweEr00,Eric Rowe,,D,DB,CB,7.0,True
2015,SD,2,48,PerrDe00,Denzel Perryman,,D,LB,LB,18.0,True
2015,KC,2,49,MorsMi00,Mitch Morse,,O,OL,G,25.0,True
2015,BUF,2,50,DarbRo00,Ronald Darby,,D,DB,CB,17.0,True
2015,CLE,2,51,OrchNa00,Nate Orchard,,D,DL,DE,9.0,True
2015,MIA,2,52,PhilJo01,Jordan Phillips,,D,DL,NT,15.0,True
2015,CIN,2,53,FishJa00,Jake Fisher,,O,OL,T,6.0,True
2015,DET,2,54,AbduAm00,Ameer Abdullah,,O,RB,RB,11.0,True
2015,BAL,2,55,WillMa04,Maxx Williams,,O,TE,TE,4.0,True
2015,PIT,2,56,GolsSe00,Senquez Golson,,D,DB,CB,0.0,False
2015,STL,2,57,HaveRo00,Rob Havenstein,,O,OL,T,30.0,True
2015,ARI,2,58,GoldMa00,Markus Golden,,D,DL,DE,15.0,True
2015,DEN,2,59,SambTy00,Ty Sambrailo,,O,OL,T,8.0,True
2015,DAL,2,60,GregRa00,Randy Gregory,,D,LB,LB,5.0,True
2015,TB,2,61,MarpAl00,Ali Marpet,,O,OL,C,27.0,True
2015,GB,2,62,RollQu00,Quinten Rollins,,D,DB,CB,7.0,True
2015,SEA,2,63,ClarFr01,Frank Clark,,D,DL,DE,23.0,True
2015,NE,2,64,RichJo00,Jordan Richards,,D,DB,S,9.0,True
2015,IND,3,65,SmitDJ00,D'Joun Smith,,D,DB,CB,0.0,True
2015,TEN,3,66,PoutJe00,Jeremiah Poutasi,,O,OL,G,4.0,True
2015,JAX,3,67,CannA.00,A.J. Cann,,O,OL,G,25.0,True
2015,OAK,3,68,WalfCl00,Clive Walford,,O,TE,TE,7.0,True
2015,SEA,3,69,LockTy00,Tyler Lockett,,O,WR,WR,31.0,True
2015,HOU,3,70,StroJa01,Jaelen Strong,,O,WR,WR,2.0,True
2015,CHI,3,71,GrasHr00,Hroniss Grasu,,O,OL,C,7.0,True
2015,STL,3,72,BrowJa04,Jamon Brown,,O,OL,T,18.0,True
2015,ATL,3,73,ColeTe01,Tevin Coleman,,O,RB,RB,27.0,True
2015,NYG,3,74,OdigOw00,Owamagbe Odighizuwa,,D,DL,DE,1.0,True
2015,NO,3,75,GrayGa00,Garrett Grayson,,O,QB,QB,0.0,True
2015,KC,3,76,ConlCh00,Chris Conley,,O,WR,WR,13.0,True
2015,CLE,3,77,JohnDu00,Duke Johnson,,O,RB,RB,20.0,True
2015,NO,3,78,WillP.00,P.J. Williams,,D,DB,CB,7.0,True
2015,SF,3,79,HaroEl00,Eli Harold,,D,LB,LB,13.0,True
2015,DET,3,80,CartAl01,Alex Carter,,D,DB,CB,0.0,True
2015,BUF,3,81,MillJo04,John Miller,,O,OL,G,20.0,True
2015,NYJ,3,82,MaulLo00,Lorenzo Mauldin,,D,LB,LB,4.0,True
2015,SD,3,83,MageCr00,Craig Mager,,D,DB,CB,4.0,True
2015,PHI,3,84,HickJo00,Jordan Hicks,,D,LB,LB,22.0,True
2015,CIN,3,85,KrofTy00,Tyler Kroft,,O,TE,TE,5.0,True
2015,ARI,3,86,JohnDa08,David Johnson,,O,RB,RB,31.0,True
2015,PIT,3,87,CoatSa00,Sammie Coates,,O,WR,WR,4.0,True
2015,MIN,3,88,HuntDa01,Danielle Hunter,,D,DL,DE,33.0,True
2015,STL,3,89,MannSe00,Sean Mannion,00-0032245,O,QB,QB,1.0,True
2015,BAL,3,90,DaviCa01,Carl Davis,,D,DL,DT,7.0,True
2015,DAL,3,91,GreeCh02,Chaz Green,,O,OL,T,5.0,True
2015,DEN,3,92,HeueJe00,Jeff Heuerman,,O,TE,TE,4.0,True
2015,IND,3,93,AndeHe00,Henry Anderson,,D,DL,DE,14.0,True
2015,GB,3,94,MontTy01,Ty Montgomery,,O,WR,WR,15.0,True
2015,WAS,3,95,JoneMa04,Matt Jones,,O,RB,RB,10.0,True
2015,CLE,3,96,CoopXa00,Xavier Cooper,,D,DL,DT,4.0,True
2015,NE,3,97,GrisGe00,Geneo Grissom,,D,DL,DE,3.0,True
2015,KC,3,98,NelsSt01,Steven Nelson,,D,DB,CB,13.0,True
2015,CIN,3,99,DawsPa00,Paul Dawson,,D,LB,LB,1.0,True
2015,TEN,4,100,BlacAn00,Angelo Blackson,,D,DL,DT,8.0,True
2015,NE,4,101,FlowTr00,Trey Flowers,,D,DL,DE,25.0,True
2015,CAR,4,102,WillDa06,Daryl Williams,,O,OL,G,20.0,True
2015,NYJ,4,103,PettBr01,Bryce Petty,00-0031568,O,QB,QB,4.0,True
2015,JAX,4,104,SampJa00,James Sample,,D,DB,S,1.0,True
2015,WAS,4,105,CrowJa00,Jamison Crowder,,O,WR,WR,22.0,True
2015,CHI,4,106,LangJe00,Jeremy Langford,,O,RB,RB,8.0,True
2015,ATL,4,107,HardJu00,Justin Hardy,,O,WR,WR,7.0,True
2015,TEN,4,108,FowlJa00,Jalston Fowler,,O,RB,RB,0.0,True
2015,IND,4,109,GeatCl00,Clayton Geathers,,D,DB,S,9.0,True
2015,MIN,4,110,ClemT.00,T.J. Clemmings,,O,OL,T,15.0,True
2015,NE,4,111,JackTr00,Tre' Jackson,,O,OL,G,6.0,True
2015,WAS,4,112,KouaAr00,Arie Kouandjio,,O,OL,G,4.0,True
2015,DET,4,113,WrigGa00,Gabe Wright,,D,DL,DT,1.0,True
2015,MIA,4,114,DougJa00,Jamil Douglas,,O,OL,G,3.0,True
2015,CLE,4,115,CampIb00,Ibraheim Campbell,,D,DB,S,5.0,True
2015,ARI,4,116,GuntRo00,Rodney Gunter,,D,DL,DT,17.0,True
2015,SF,4,117,BellBl00,Blake Bell,,O,TE,TE,2.0,True
2015,KC,4,118,WilsRa00,Ramik Wilson,,D,LB,LB,15.0,True
2015,STL,4,119,DonnAn00,Andrew Donnal,,O,OL,T,4.0,True
2015,CIN,4,120,ShawJo00,Josh Shaw,,D,DB,CB,7.0,True
2015,PIT,4,121,GranDo00,Doran Grant,,D,DB,CB,0.0,True
2015,BAL,4,122,SmitZa00,Za'Darius Smith,,D,DL,DE,14.0,True
2015,CLE,4,123,MaylVi00,Vince Mayle,,O,WR,WR,0.0,True
2015,TB,4,124,AlexKw00,Kwon Alexander,,D,LB,LB,25.0,True
2015,BAL,4,125,AlleJa01,Javorius Allen,,O,RB,RB,14.0,True
2015,SF,4,126,DaviMi01,Mike Davis,,O,RB,RB,10.0,True
2015,DAL,4,127,WilsDa02,Damien Wilson,,D,LB,LB,12.0,True
2015,OAK,4,128,FeliJo00,Jon Feliciano,,O,OL,G,6.0,True
2015,GB,4,129,RyanJa00,Jake Ryan,,D,LB,LB,15.0,True
2015,SEA,4,130,PoolTe00,Terry Poole,,O,OL,G,0.0,False
2015,NE,4,131,MasoSh01,Shaq Mason,,O,OL,C,31.0,True
2015,SF,4,132,SmelDe00,DeAndre Smelter,,O,WR,WR,0.0,True
2015,DEN,4,133,GarcMa00,Max Garcia,,O,OL,C,17.0,True
2015,SEA,4,134,GlowMa00,Mark Glowinski,,O,OL,G,13.0,True
2015,CIN,4,135,HardMa00,Marcus Hardison,,D,DL,DE,0.0,False
2015,BAL,4,136,WalkTr00,Tray Walker,,D,DB,CB,0.0,True
2015,ATL,5,137,JarrGr00,Grady Jarrett,,D,DL,NT,22.0,True
2015,TEN,5,138,CobbDa00,David Cobb,,O,RB,RB,1.0,True
2015,JAX,5,139,GreeRa00,Rashad Greene,,O,WR,WR,2.0,True
2015,OAK,5,140,HeenBe00,Ben Heeney,,D,LB,LB,3.0,True
2015,WAS,5,141,SpaiMa00,Martrell Spaight,,D,LB,LB,6.0,True
2015,CHI,5,142,AmosAd00,Adrian Amos,,D,DB,S,21.0,True
2015,MIN,5,143,PruiMy00,MyCole Pruitt,,O,TE,TE,2.0,True
2015,NYG,5,144,ThomMy00,Mykkele Thompson,,D,DB,S,0.0,True
2015,MIA,5,145,McCaBo01,Bobby McCain,,D,DB,CB,13.0,True
2015,MIN,5,146,DiggSt00,Stefon Diggs,,O,WR,WR,32.0,True
2015,GB,5,147,HundBr00,Brett Hundley,00-0031589,O,QB,QB,5.0,True
2015,NO,5,148,TullDa00,Davis Tull,,D,LB,LB,0.0,False
2015,MIA,5,149,AjayJa00,Jay Ajayi,,O,RB,RB,20.0,True
2015,MIA,5,150,ThomCe00,Cedric Thompson,,D,DB,S,0.0,False
2015,IND,5,151,ParrDa00,David Parry,,D,DL,NT,13.0,True
2015,NYJ,5,152,HarrJa02,Jarvis Harrison,,O,OL,G,0.0,False
2015,SD,5,153,EmanKy00,Kyle Emanuel,,D,LB,LB,18.0,True
2015,NO,5,154,DaviTy01,Tyeler Davison,,D,DL,DT,19.0,True
2015,BUF,5,155,WillKa01,Karlos Williams,,O,RB,RB,4.0,True
2015,MIA,5,156,LippTo00,Tony Lippett,,O,WR,WR,6.0,True
2015,CIN,5,157,UzomC.00,C.J. Uzomah,,O,TE,TE,7.0,True
2015,ARI,5,158,RiddSh00,Shaquille Riddick,,D,DL,DE,0.0,False
2015,ARI,5,159,NelsJJ00,JJ Nelson,,O,WR,WR,12.0,True
2015,PIT,5,160,JameJe00,Jesse James,,O,TE,TE,10.0,True
2015,OAK,5,161,BallNe00,Neiron Ball,,D,LB,LB,1.0,True
2015,TB,5,162,BellKe02,Kenny Bell,,O,WR,WR,0.0,False
2015,DAL,5,163,RussRy00,Ryan Russell,,D,DL,DE,4.0,True
2015,DEN,5,164,DossLo00,Lorenzo Doss,,D,DB,CB,0.0,True
2015,SF,5,165,PiniBr00,Bradley Pinion,,S,P,P,6.0,True
2015,NE,5,166,CardJo00,Joe Cardona,,S,LS,LS,4.0,True
2015,NO,5,167,SwanDa02,Damian Swann,,D,DB,CB,1.0,True
2015,DET,5,168,BurtMi00,Michael Burton,,O,RB,RB,0.0,True
2015,CAR,5,169,MayoDa00,David Mayo,,D,LB,LB,5.0,True
2015,SEA,5,170,SmitTy01,Tye Smith,,D,DB,CB,1.0,True
2015,BAL,5,171,BoylNi00,Nick Boyle,,O,TE,TE,5.0,True
2015,KC,5,172,AlexD.00,D.J. Alexander,,D,LB,LB,7.0,True
2015,KC,5,173,O'ShJa00,James O'Shaughnessy,,O,TE,TE,3.0,True
2015,CAR,5,174,ArtiCa00,Cameron Artis-Payne,,O,RB,RB,5.0,True
2015,HOU,5,175,MumpKe00,Keith Mumphery,,O,WR,WR,2.0,True
2015,BAL,5,176,MyerRo01,Robert Myers,,O,OL,G,0.0,False
2015,TEN,6,177,MounDe00,Deiontrez Mount,,D,LB,LB,1.0,True
2015,NE,6,178,WellMa00,Matthew Wells,,D,LB,LB,0.0,False
2015,OAK,6,179,VallMa00,Max Valles,,D,LB,LB,0.0,False
2015,JAX,6,180,BennMi01,Michael Bennett,,D,DL,DT,1.0,True
2015,WAS,6,181,JarrKy00,Kyshoen Jarrett,,D,DB,S,2.0,True
2015,WAS,6,182,MitcTe01,Tevin Mitchel,,D,DB,CB,0.0,False
2015,CHI,6,183,FabuTa00,Tayo Fabuluje,,O,OL,T,0.0,True
2015,TB,6,184,ClayKa00,Kaelin Clay,,O,WR,WR,3.0,True
2015,MIN,6,185,ThomTy01,Tyrus Thompson,,O,OL,T,0.0,False
2015,NYG,6,186,DaviGe00,Geremy Davis,,O,WR,WR,0.0,True
2015,WAS,6,187,SpenEv00,Evan Spencer,,O,WR,WR,0.0,True
2015,BUF,6,188,StewTo01,Tony Steward,,D,LB,LB,1.0,True
2015,CLE,6,189,GainCh00,Charles Gaines,,D,DB,CB,1.0,True
2015,SF,6,190,SilbIa00,Ian Silberman,,O,OL,G,0.0,True
2015,PHI,6,191,ShepJa00,JaCorey Shepherd,,D,DB,CB,1.0,True
2015,SD,6,192,PhilDa01,Darius Philon,,D,DL,DT,14.0,True
2015,MIN,6,193,DuboB.00,B.J. Dubose,,D,DL,DE,0.0,False
2015,BUF,6,194,OLeaNi00,Nick O'Leary,,O,TE,TE,5.0,True
2015,CLE,6,195,JohnMa06,Malcolm Johnson,,O,TE,TE,0.0,True
2015,PHI,6,196,EvanRa00,Randall Evans,,D,DB,CB,0.0,True
2015,CIN,6,197,SmitDe05,Derron Smith,,D,DB,S,3.0,True
2015,CLE,6,198,TelfRa00,Randall Telfer,,O,TE,TE,0.0,True
2015,PIT,6,199,WaltLe00,Leterrius Walton,,D,DL,DT,3.0,True
2015,DET,6,200,DiggQu00,Quandre Diggs,,D,DB,CB,13.0,True
2015,STL,6,201,SassBu00,Bud Sasser,,O,WR,WR,0.0,False
2015,NE,6,202,DerbA.00,A.J. Derby,,O,TE,TE,3.0,True
2015,DEN,6,203,KilgDa01,Darius Kilgo,,D,DL,NT,3.0,True
2015,BAL,6,204,WallDa01,Darren Waller,,O,WR,WR,2.0,True
2015,IND,6,205,RobiJo02,Josh Robinson,,O,RB,RB,0.0,True
2015,GB,6,206,RipkAa00,Aaron Ripkowski,,O,RB,RB,2.0,True
2015,IND,6,207,HerrAm00,Amarlo Herrera,,D,LB,LB,0.0,True
2015,TEN,6,208,GallAn00,Andy Gallik,,O,OL,C,3.0,True
2015,SEA,6,209,GwacOb00,Obum Gwacham,,D,DL,DE,1.0,True
2015,GB,6,210,RingCh00,Christian Ringo,,D,DL,DE,1.0,True
2015,HOU,6,211,ClieRe00,Reshard Cliett,,D,LB,LB,0.0,False
2015,PIT,6,212,ChicAn00,Anthony Chickillo,,D,DL,DE,9.0,True
2015,GB,6,213,BackKe00,Kennard Backman,,O,TE,TE,0.0,True
2015,SEA,6,214,SokoKr00,Kristjan Sokoli,,D,DL,DT,0.0,True
2015,STL,6,215,WichCo00,Cody Wichmann,,O,OL,G,5.0,True
2015,HOU,6,216,CoviCh00,Christian Covington,,D,DL,DT,9.0,True
2015,KC,6,217,NuneRa00,Rakeem Nunez-Roches,,D,DL,DT,9.0,True
2015,OAK,7,218,MorrAn00,Anthony Morris,,O,OL,OL,0.0,False
2015,CLE,7,219,PullHa00,Hayes Pullard,,D,LB,LB,9.0,True
2015,JAX,7,220,SterNe00,Neal Sterling,,O,WR,WR,2.0,True
2015,OAK,7,221,DeboAn00,Andre Debose,,O,WR,WR,0.0,False
2015,WAS,7,222,ReitAu00,Austin Reiter,,O,OL,C,4.0,True
2015,NYJ,7,223,SimoDe00,Deon Simon,,D,DL,NT,2.0,True
2015,STL,7,224,HageBr00,Bryce Hager,,D,LB,LB,5.0,True
2015,ATL,7,225,RodgJa03,Jake Rodgers,,O,OL,T,0.0,False
2015,NYG,7,226,HartBo00,Bobby Hart,,O,OL,G,18.0,True
2015,STL,7,227,IfedMa00,Martin Ifedi,,D,DL,DE,0.0,False
2015,MIN,7,228,ShepAu00,Austin Shepherd,,O,OL,T,1.0,True
2015,JAX,7,229,KoyaBe00,Ben Koyack,,O,TE,TE,1.0,True
2015,NO,7,230,MurpMa03,Marcus Murphy,,O,RB,RB,2.0,True
2015,TB,7,231,IoseJo00,Joey Iosefa,,O,RB,RB,0.0,True
2015,MIN,7,232,RobiEd00,Edmond Robinson,,D,LB,LB,2.0,True
2015,KC,7,233,BrowDa03,Da'Ron Brown,,O,WR,WR,0.0,False
2015,BUF,7,234,LewiDe02,Dezmin Lewis,,O,WR,WR,0.0,True
2015,HOU,7,235,HillKe01,Kenny Hilliard,,O,RB,RB,0.0,False
2015,DAL,7,236,NzeoMa00,Mark Nzeocha,,D,LB,LB,3.0,True
2015,PHI,7,237,MihaBr00,Brian Mihalik,,D,DL,DE,2.0,True
2015,CIN,7,238,AlfoMa00,Mario Alford,,O,WR,WR,0.0,True
2015,PIT,7,239,HollGe00,Gerod Holliman,,D,DB,S,0.0,False
2015,DET,7,240,RobiCo00,Corey Robinson,,O,OL,T,6.0,True
2015,CLE,7,241,EkprIf00,Ifo Ekpre-Olomu,,D,DB,CB,0.0,False
2015,OAK,7,242,McDoDe02,Dexter McDonald,,D,DB,CB,2.0,True
2015,DAL,7,243,GibsLa00,Laurence Gibson,,O,OL,T,0.0,False
2015,SF,7,244,BrowTr02,Trent Brown,,O,OL,G,23.0,True
2015,TEN,7,245,McBrTr00,Tre McBride,,O,WR,WR,1.0,True
2015,DAL,7,246,SwaiGe00,Geoff Swaim,,O,TE,TE,3.0,True
2015,NE,7,247,RobeDa00,Darryl Roberts,,D,DB,CB,7.0,True
2015,SEA,7,248,MurpRy00,Ryan Murphy,,D,DB,DB,0.0,True
2015,ATL,7,249,KingAk00,Akeem King,,D,DB,DB,1.0,True
2015,DEN,7,250,SiemTr00,Trevor Siemian,00-0032156,O,QB,QB,13.0,True
2015,DEN,7,251,NixoTa00,Taurean Nixon,,D,DB,DB,0.0,True
2015,DEN,7,252,FurmJo00,Josh Furman,,D,DB,DB,0.0,False
2015,NE,7,253,DickXz00,Xzavier Dickson,,D,LB,LB,0.0,False
2015,SF,7,254,AndeRo01,Rory 'Busta' Anderson,,O,TE,TE,0.0,False
2015,IND,7,255,GoodDe01,Denzelle Good,,O,OL,T,13.0,True
2015,ARI,7,256,ChriGe00,Gerald Christian,,O,TE,TE,0.0,True
2016,LA,1,1,GoffJa00,Jared Goff,00-0033106,O,QB,QB,31.0,True
2016,PHI,1,2,WentCa00,Carson Wentz,00-0032950,O,QB,QB,33.0,True
2016,SD,1,3,BosaJo00,Joey Bosa,,D,DL,DE,23.0,True
2016,DAL,1,4,ElliEz00,Ezekiel Elliott,,O,RB,RB,40.0,True
2016,JAX,1,5,RamsJa00,Jalen Ramsey,,D,DB,CB,32.0,True
2016,BAL,1,6,StanRo00,Ronnie Stanley,,O,OL,T,23.0,True
2016,SF,1,7,BuckDe00,DeForest Buckner,,D,DL,DE,24.0,True
2016,TEN,1,8,ConkJa00,Jack Conklin,,O,OL,T,27.0,True
2016,CHI,1,9,FloyLe00,Leonard Floyd,,D,LB,LB,21.0,True
2016,NYG,1,10,ApplEl00,Eli Apple,,D,DB,CB,13.0,True
2016,TB,1,11,HargVe00,Vernon Hargreaves,,D,DB,CB,8.0,True
2016,NO,1,12,RankSh00,Sheldon Rankins,,D,DL,DT,15.0,True
2016,MIA,1,13,TunsLa00,Laremy Tunsil,,O,OL,T,19.0,True
2016,OAK,1,14,JoseKa00,Karl Joseph,,D,DB,S,12.0,True
2016,CLE,1,15,ColeCo00,Corey Coleman,,O,WR,WR,6.0,True
2016,DET,1,16,DeckTa00,Taylor Decker,,O,OL,T,22.0,True
2016,ATL,1,17,NealKe01,Keanu Neal,,D,DB,S,12.0,True
2016,IND,1,18,KellRy00,Ryan Kelly,,O,OL,C,17.0,True
2016,BUF,1,19,LawsSh00,Shaq Lawson,,D,DL,DE,9.0,True
2016,NYJ,1,20,LeexDa00,Darron Lee,,D,LB,LB,19.0,True
2016,HOU,1,21,FullWi01,Will Fuller,,O,WR,WR,13.0,True
2016,WAS,1,22,DoctJo00,Josh Doctson,,O,WR,WR,9.0,True
2016,MIN,1,23,TreaLa00,Laquon Treadwell,,O,WR,WR,4.0,True
2016,CIN,1,24,JackWi02,William Jackson,,D,DB,CB,7.0,True
2016,PIT,1,25,BurnAr00,Artie Burns,,D,DB,CB,14.0,True
2016,DEN,1,26,LyncPa00,Paxton Lynch,00-0033108,O,QB,QB,2.0,True
2016,GB,1,27,ClarKe01,Kenny Clark,,D,DL,DT,18.0,True
2016,SF,1,28,GarnJo00,Joshua Garnett,,O,OL,G,5.0,True
2016,ARI,1,29,NkemRo00,Robert Nkemdiche,,D,DL,DT,6.0,True
2016,CAR,1,30,ButlVe00,Vernon Butler,,D,DL,DT,3.0,True
2016,SEA,1,31,IfedGe00,Germain Ifedi,,O,OL,G,20.0,True
2016,CLE,2,32,OgbaEm00,Emmanuel Ogbah,,D,DL,DE,18.0,True
2016,TEN,2,33,DoddKe00,Kevin Dodd,,D,DL,DE,2.0,True
2016,DAL,2,34,SmitJa05,Jaylon Smith,,D,LB,LB,13.0,True
2016,SD,2,35,HenrHu00,Hunter Henry,,O,TE,TE,9.0,True
2016,JAX,2,36,JackMy00,Myles Jack,,D,LB,LB,24.0,True
2016,KC,2,37,JoneCh09,Chris Jones,,D,DL,DT,21.0,True
2016,MIA,2,38,HowaXa00,Xavien Howard,,D,DB,CB,17.0,True
2016,TB,2,39,SpenNo00,Noah Spence,,D,DL,DE,5.0,True
2016,NYG,2,40,ShepSt00,Sterling Shepard,,O,WR,WR,17.0,True
2016,BUF,2,41,RaglRe00,Reggie Ragland,,D,LB,LB,11.0,True
2016,BAL,2,42,CorrKa00,Kamalei Correa,,D,DL,DE,6.0,True
2016,TEN,2,43,JohnAu01,Austin Johnson,,D,DL,NT,9.0,True
2016,OAK,2,44,WardJi02,Jihad Ward,,D,DL,DE,7.0,True
2016,TEN,2,45,HenrDe00,Derrick Henry,,O,RB,RB,17.0,True
2016,DET,2,46,RobiAS00,A'Shawn Robinson,,D,DL,DT,16.0,True
2016,NO,2,47,ThomMi05,Michael Thomas,,O,WR,WR,40.0,True
2016,GB,2,48,SpriJa00,Jason Spriggs,,O,OL,T,8.0,True
2016,SEA,2,49,ReedJa02,Jarran Reed,,D,DL,DT,19.0,True
2016,HOU,2,50,MartNi00,Nick Martin,,O,OL,G,13.0,True
2016,NYJ,2,51,HackCh01,Christian Hackenberg,,O,QB,QB,0.0,False
2016,ATL,2,52,JoneDe01,Deion Jones,,D,LB,LB,21.0,True
2016,WAS,2,53,CravSu00,Su'a Cravens,,D,LB,LB,3.0,True
2016,MIN,2,54,AlexMa01,Mackensie Alexander,,D,DB,CB,5.0,True
2016,CIN,2,55,BoydTy00,Tyler Boyd,,O,WR,WR,16.0,True
2016,CHI,2,56,WhitCo03,Cody Whitehair,,O,OL,G,21.0,True
2016,IND,2,57,GreeT.00,T.J. Green,,D,DB,S,4.0,True
2016,PIT,2,58,DaviSe00,Sean Davis,,D,DB,CB,16.0,True
2016,TB,2,59,AguaRo00,Roberto Aguayo,,S,K,K,0.0,True
2016,NE,2,60,JoneCy00,Cyrus Jones,,D,DB,CB,3.0,True
2016,NO,2,61,BellVo00,Vonn Bell,,D,DB,S,11.0,True
2016,CAR,2,62,BradJa00,James Bradberry,,D,DB,CB,17.0,True
2016,DEN,2,63,GotsAd00,Adam Gotsis,,D,DL,DT,15.0,True
2016,TEN,3,64,ByarKe01,Kevin Byard,,D,DB,S,24.0,True
2016,CLE,3,65,NassCa00,Carl Nassib,,D,DL,DE,12.0,True
2016,SD,3,66,TuerMa00,Max Tuerk,,O,OL,C,0.0,True
2016,DAL,3,67,CollMa00,Maliek Collins,,D,DL,DT,19.0,True
2016,SF,3,68,RedmWi00,Will Redmond,,D,DB,CB,0.0,True
2016,JAX,3,69,NgakYa00,Yannick Ngakoue,,D,DL,DE,28.0,True
2016,BAL,3,70,KaufBr01,Bronson Kaufusi,,D,DL,DE,1.0,True
2016,NYG,3,71,ThomDa05,Darian Thompson,,D,DB,S,6.0,True
2016,CHI,3,72,BullJo00,Jonathan Bullard,,D,DL,DT,7.0,True
2016,MIA,3,73,DrakKe00,Kenyan Drake,,O,RB,RB,15.0,True
2016,KC,3,74,RussKe00,KeiVarae Russell,,D,DB,CB,2.0,True
2016,OAK,3,75,CalhSh00,Shilique Calhoun,,D,DL,DE,2.0,True
2016,CLE,3,76,ColeSh00,Shon Coleman,,O,OL,T,6.0,True
2016,CAR,3,77,WorlDa00,Daryl Worley,,D,DB,CB,14.0,True
2016,NE,3,78,ThunJo00,Joe Thuney,,O,OL,G,26.0,True
2016,PHI,3,79,SeumIs00,Isaac Seumalo,,O,OL,G,8.0,True
2016,BUF,3,80,WashAd00,Adolphus Washington,,D,DL,DT,9.0,True
2016,ATL,3,81,HoopAu00,Austin Hooper,,O,TE,TE,14.0,True
2016,IND,3,82,ClarLe01,Le'Raven Clark,,O,OL,T,7.0,True
2016,NYJ,3,83,JenkJo01,Jordan Jenkins,,D,LB,LB,18.0,True
2016,WAS,3,84,FullKe00,Kendall Fuller,,D,DB,CB,10.0,True
2016,HOU,3,85,MillBr03,Braxton Miller,,O,WR,WR,2.0,True
2016,MIA,3,86,CarrLe00,Leonte Carroo,,O,WR,WR,2.0,True
2016,CIN,3,87,VigiNi00,Nick Vigil,,D,LB,LB,10.0,True
2016,GB,3,88,FackKy00,Kyler Fackrell,,D,LB,LB,8.0,True
2016,PIT,3,89,HargJa00,Javon Hargrave,,D,DL,DT,20.0,True
2016,SEA,3,90,ProsC.00,C.J. Prosise,,O,RB,RB,4.0,True
2016,NE,3,91,BrisJa00,Jacoby Brissett,00-0033119,O,QB,QB,13.0,True
2016,ARI,3,92,WillBr07,Brandon Williams,,D,DB,CB,4.0,True
2016,CLE,3,93,KessCo00,Cody Kessler,00-0033104,O,QB,QB,5.0,True
2016,SEA,3,94,VannNi00,Nick Vannett,,O,TE,TE,4.0,True
2016,DET,3,95,GlasGr00,Graham Glasgow,,O,OL,C,22.0,True
2016,NE,3,96,ValeVi00,Vincent Valentine,,D,DL,DT,3.0,True
2016,SEA,3,97,OdhiRe00,Rees Odhiambo,,O,OL,G,4.0,True
2016,DEN,3,98,SimmJu00,Justin Simmons,,D,DB,S,14.0,True
2016,CLE,4,99,SchoJo00,Joe Schobert,,D,LB,LB,18.0,True
2016,OAK,4,100,CookCo00,Connor Cook,00-0032893,O,QB,QB,0.0,True
2016,DAL,4,101,TappCh00,Charles Tapper,,D,DL,DE,0.0,True
2016,SD,4,102,PerrJo01,Joshua Perry,,D,LB,LB,1.0,True
2016,JAX,4,103,DayxSh00,Sheldon Day,,D,DL,DT,4.0,True
2016,BAL,4,104,YounTa01,Tavon Young,,D,DB,CB,10.0,True
2016,KC,4,105,EhinPa00,Parker Ehinger,,O,OL,G,3.0,True
2016,KC,4,106,MurrEr00,Eric Murray,,D,DB,CB,5.0,True
2016,BAL,4,107,MoorCh00,Chris Moore,,O,WR,WR,4.0,True
2016,TB,4,108,SmitRy00,Ryan Smith,,D,DB,CB,7.0,True
2016,NYG,4,109,GoodB.00,B.J. Goodson,,D,LB,LB,10.0,True
2016,LA,4,110,HigbTy00,Tyler Higbee,,O,TE,TE,7.0,True
2016,DET,4,111,KillMi00,Miles Killebrew,,D,DB,S,4.0,True
2016,NE,4,112,MitcMa01,Malcolm Mitchell,,O,WR,WR,4.0,True
2016,CHI,4,113,KwiaNi00,Nick Kwiatkoski,,D,LB,LB,10.0,True
2016,CLE,4,114,LouiRi00,Ricardo Louis,,O,WR,WR,3.0,True
2016,ATL,4,115,CampDe00,De'Vondre Campbell,,D,LB,LB,20.0,True
2016,IND,4,116,RidgHa00,Hassan Ridgeway,,D,DL,DT,5.0,True
2016,LA,4,117,CoopPh00,Pharoh Cooper,,O,WR,WR,3.0,True
2016,NYJ,4,118,BurrJu00,Juston Burris,,D,DB,CB,3.0,True
2016,HOU,4,119,ErviTy00,Tyler Ervin,,O,RB,RB,0.0,True
2016,NO,4,120,OnyeDa00,David Onyemata,,D,DL,DT,8.0,True
2016,MIN,4,121,BeavWi00,Willie Beavers,,O,OL,T,0.0,True
2016,CIN,4,122,BillAn00,Andrew Billings,,D,DL,NT,9.0,True
2016,PIT,4,123,HawkJe00,Jerald Hawkins,,O,OL,T,1.0,True
2016,CHI,4,124,BushDe00,Deon Bush,,D,DB,S,4.0,True
2016,IND,4,125,MorrAn01,Antonio Morrison,,D,LB,LB,13.0,True
2016,KC,4,126,RobiDe01,Demarcus Robinson,,O,WR,WR,5.0,True
2016,CHI,4,127,HallDe02,Deiondre' Hall,,D,DB,CB,2.0,True
2016,ARI,4,128,BoehEv00,Evan Boehm,,O,OL,C,8.0,True
2016,CLE,4,129,KindDe00,Derrick Kindred,,D,DB,S,8.0,True
2016,BAL,4,130,LewiAl01,Alex Lewis,,O,OL,T,8.0,True
2016,GB,4,131,MartBl01,Blake Martinez,,D,LB,LB,22.0,True
2016,BAL,4,132,HenrWi00,Willie Henry,,D,DL,DT,4.0,True
2016,SF,4,133,RobiRa00,Rashard Robinson,,D,DB,CB,8.0,True
2016,BAL,4,134,DixoKe00,Kenneth Dixon,,O,RB,RB,5.0,True
2016,DAL,4,135,PresDa01,Dak Prescott,00-0033077,O,QB,QB,44.0,True
2016,DEN,4,136,BookDe00,Devontae Booker,,O,RB,RB,11.0,True
2016,GB,4,137,LowrDe00,Dean Lowry,,D,DL,DE,13.0,True
2016,CLE,4,138,DevaSe00,Seth Devalve,,O,TE,TE,4.0,True
2016,BUF,4,139,JoneCa01,Cardale Jones,,O,QB,QB,0.0,True
2016,TEN,5,140,SharTa00,Tajae Sharpe,,O,WR,WR,8.0,True
2016,CAR,5,141,SancZa00,Zack Sanchez,,D,DB,CB,1.0,True
2016,SF,5,142,BlaiRo00,Ronald Blair,,D,DL,DE,4.0,True
2016,OAK,5,143,WashDe00,DeAndre Washington,,O,RB,RB,8.0,True
2016,DEN,5,144,McGoCo00,Connor McGovern,,O,OL,G,9.0,True
2016,SF,5,145,TheuJo00,John Theus,,O,OL,T,1.0,True
2016,BAL,5,146,JudoMa00,Matt Judon,,D,DL,DE,15.0,True
2016,SEA,5,147,JeffQu00,Quinton Jefferson,,D,DL,DT,7.0,True
2016,TB,5,148,BeneCa00,Caleb Benenoch,,O,OL,T,12.0,True
2016,NYG,5,149,PerkPa00,Paul Perkins,,O,RB,RB,5.0,True
2016,CHI,5,150,HowaJo00,Jordan Howard,,O,RB,RB,22.0,True
2016,DET,5,151,DahlJo00,Joe Dahl,,O,OL,G,3.0,True
2016,WAS,5,152,IoanMa01,Matthew Ioannidis,,D,DL,DT,11.0,True
2016,PHI,5,153,SmalWe00,Wendell Smallwood,,O,RB,RB,9.0,True
2016,CLE,5,154,PaytJo00,Jordan Payton,,O,WR,WR,0.0,True
2016,IND,5,155,HaegJo00,Joe Haeg,,O,OL,T,18.0,True
2016,BUF,5,156,WillJo07,Jonathan Williams,,O,RB,RB,1.0,True
2016,TEN,5,157,SimsLe00,LeShaun Sims,,D,DB,CB,6.0,True
2016,NYJ,5,158,ShelBr00,Brandon Shell,,O,OL,T,13.0,True
2016,HOU,5,159,DillK.00,K.J. Dillon,,D,DB,S,0.0,True
2016,MIN,5,160,BrotKe00,Kentrell Brothers,,D,LB,LB,3.0,True
2016,CIN,5,161,WestCh02,Christian Westerman,,O,OL,G,2.0,True
2016,KC,5,162,HogaKe00,Kevin Hogan,00-0032784,O,QB,QB,2.0,True
2016,GB,5,163,DaviTr03,Trevor Davis,,O,WR,WR,1.0,True
2016,PHI,5,164,VaitHa00,Halapoulivaati Vaitai,,O,OL,T,10.0,True
2016,KC,5,165,HillTy00,Tyreek Hill,,O,WR,WR,41.0,True
2016,HOU,5,166,ReadD.00,D.J. Reader,,D,DL,NT,18.0,True
2016,ARI,5,167,ChriMa00,Marqui Christian,,D,DB,S,3.0,True
2016,CLE,5,168,DranSp00,Spencer Drango,,O,OL,G,9.0,True
2016,DET,5,169,WillAn01,Antwione Williams,,D,LB,LB,2.0,True
2016,ARI,5,170,ToneCo00,Cole Toner,,O,OL,T,0.0,True
2016,SEA,5,171,CollAl00,Alex Collins,,O,RB,RB,14.0,True
2016,CLE,5,172,HiggRa00,Rashard Higgins,,O,WR,WR,6.0,True
2016,CLE,5,173,CaldTr00,Trey Caldwell,,D,DB,DB,0.0,True
2016,SF,5,174,CoopFa00,Fahn Cooper,,O,OL,T,0.0,False
2016,SD,5,175,BrowJa05,Jatavis Brown,,D,LB,LB,14.0,True
2016,DEN,6,176,JanoAn00,Andy Janovich,,O,RB,RB,2.0,True
2016,LA,6,177,HemiTe00,Temarrick Hemingway,,O,TE,TE,0.0,True
2016,KC,6,178,WhitD.00,D.J. White,,D,DB,CB,1.0,True
2016,SD,6,179,KaseDr00,Drew Kaser,,S,P,P,6.0,True
2016,MIN,6,180,BoehMo00,Moritz Boehringer,,O,WR,WR,0.0,True
2016,JAX,6,181,HolmTy01,Tyrone Holmes,,D,LB,LB,1.0,True
2016,BAL,6,182,ReynKe00,Keenan Reynolds,,O,RB,RB,0.0,True
2016,TB,6,183,BondDe00,Devante Bond,,D,LB,LB,3.0,True
2016,NYG,6,184,AdamJe01,Jerell Adams,,O,TE,TE,2.0,True
2016,CHI,6,185,HousDe00,DeAndre Houston-Carson,,D,DB,S,2.0,True
2016,MIA,6,186,GranJa00,Jakeem Grant,,O,WR,WR,7.0,True
2016,WAS,6,187,SudfNa00,Nate Sudfeld,,O,QB,QB,1.0,True
2016,MIN,6,188,MorgDa01,David Morgan,,O,TE,TE,1.0,True
2016,DAL,6,189,BrowAn02,Anthony Brown,,D,DB,CB,12.0,True
2016,LA,6,190,ForrJo00,Josh Forrest,,D,LB,LB,2.0,True
2016,DET,6,191,RudoJa00,Jake Rudock,,O,QB,QB,0.0,True
2016,BUF,6,192,ListKo00,Kolby Listenbee,,O,WR,WR,0.0,False
2016,TEN,6,193,TretSe00,Sebastian Tretola,,O,OL,G,0.0,True
2016,OAK,6,194,JameCo00,Cory James,,D,LB,LB,7.0,True
2016,ATL,6,195,SchwWe00,Wes Schweitzer,,O,OL,G,16.0,True
2016,PHI,6,196,CounBl00,Blake Countess,,D,DB,CB,4.0,True
2016,TB,6,197,VitaDa00,Dan Vitale,,O,RB,RB,0.0,True
2016,SD,6,198,WattDe00,Derek Watt,,O,RB,RB,1.0,True
2016,CIN,6,199,CoreCo00,Cody Core,,O,WR,WR,3.0,True
2016,GB,6,200,MurpKy00,Kyle Murphy,,O,OL,T,2.0,True
2016,JAX,6,201,AlleBr00,Brandon Allen,00-0032434,O,QB,QB,0.0,True
2016,DET,6,202,ZettAn00,Anthony Zettel,,D,DL,DT,10.0,True
2016,KC,6,203,NicoDa00,Dadi Nicolas,,D,DL,DE,1.0,True
2016,MIA,6,204,LucaJo00,Jordan Lucas,,D,DB,S,3.0,True
2016,ARI,6,205,MillHa00,Harlan Miller,,D,DB,CB,1.0,True
2016,LA,6,206,ThomMi04,Mike Thomas,,O,WR,WR,1.0,True
2016,SF,6,207,DrisJe00,Jeff Driskel,00-0032436,O,QB,QB,2.0,True
2016,NE,6,208,GrugKa00,Kamu Grugier-Hill,,D,LB,LB,7.0,True
2016,BAL,6,209,CanaMa00,Maurice Canady,,D,DB,CB,1.0,True
2016,DET,6,210,LandJi00,Jimmy Landes,,S,LS,LS,0.0,False
2016,SF,6,211,TaylKe01,Kelvin Taylor,,O,RB,RB,0.0,False
2016,DAL,6,212,FrazKa00,Kavon Frazier,,D,DB,S,3.0,True
2016,SF,6,213,BurbAa00,Aaron Burbridge,,O,WR,WR,1.0,True
2016,NE,6,214,RobeEl00,Elandon Roberts,,D,LB,LB,18.0,True
2016,SEA,6,215,HuntJo00,Joey Hunt,,O,OL,C,3.0,True
2016,DAL,6,216,JackDa01,Darius Jackson,,O,RB,RB,0.0,True
2016,DAL,6,217,GathRi00,Rico Gathers,,O,TE,TE,0.0,True
2016,BUF,6,218,SeymKe00,Kevon Seymour,,D,DB,CB,3.0,True
2016,DEN,6,219,ParkWi01,Will Parks,,D,DB,S,6.0,True
2016,PIT,6,220,FeenTr00,Travis Feeney,,D,LB,LB,0.0,False
2016,NE,6,221,KarrTe00,Ted Karras,,O,OL,G,7.0,True
2016,TEN,7,222,WallAa00,Aaron Wallace,,D,LB,LB,1.0,True
2016,MIA,7,223,DougBr00,Brandon Doughty,,O,QB,QB,0.0,False
2016,SD,7,224,ClarDo00,Donavon Clark,,O,OL,G,0.0,False
2016,NE,7,225,LuciDe00,Devin Lucien,,O,WR,WR,0.0,False
2016,JAX,7,226,WoodJo00,Jonathan Woodard,,D,DL,DE,1.0,True
2016,MIN,7,227,WeatSt00,Stephen Weatherly,,D,LB,LB,6.0,True
2016,DEN,7,228,DixoRi00,Riley Dixon,,S,P,P,6.0,True
2016,PIT,7,229,AyerDe00,Demarcus Ayers,,O,WR,WR,0.0,True
2016,CHI,7,230,BravDa00,Daniel Braverman,,O,WR,WR,0.0,True
2016,MIA,7,231,DuarTh00,Thomas Duarte,,O,TE,TE,0.0,True
2016,WAS,7,232,DaniSt00,Steven Daniels,,D,LB,LB,0.0,False
2016,PHI,7,233,MillJa02,Jalen Mills,,D,DB,S,12.0,True
2016,OAK,7,234,AlexVa00,Vadal Alexander,,O,OL,G,5.0,True
2016,NYJ,7,235,EdwaLa01,Lac Edwards,,S,P,P,6.0,True
2016,DET,7,236,WashDw00,Dwayne Washington,,O,RB,RB,3.0,True
2016,NO,7,237,LascDa00,Daniel Lasco,,O,RB,RB,0.0,True
2016,ATL,7,238,FullDe00,Devin Fuller,,O,WR,WR,0.0,False
2016,IND,7,239,BateTr00,Trevor Bates,,D,LB,LB,1.0,True
2016,PHI,7,240,McCaAl00,Alex McCalister,,D,DL,DE,0.0,False
2016,NYJ,7,241,PeakCh00,Charone Peake,,O,WR,WR,1.0,True
2016,WAS,7,242,MarsKe00,Keith Marshall,,O,RB,RB,0.0,False
2016,SEA,7,243,LawlKe00,Kenny Lawler,,O,WR,WR,0.0,False
2016,MIN,7,244,KearJa00,Jayron Kearse,,D,DB,S,3.0,True
2016,CIN,7,245,FejeCl00,Clayton Fejedelem,,D,DB,S,6.0,True
2016,PIT,7,246,MataTy00,Tyler Matakevich,,D,LB,LB,4.0,True
2016,SEA,7,247,BrooZa00,Zac Brooks,,O,RB,RB,0.0,False
2016,IND,7,248,BlytAu00,Austin Blythe,,O,OL,C,13.0,True
2016,SF,7,249,IworPr00,Prince Charles Iworah,,D,DB,CB,0.0,True
2016,CLE,7,250,WrigSc00,Scooby Wright,,D,LB,LB,1.0,True
2016,PHI,7,251,WalkJo01,Joe Walker,,D,LB,LB,3.0,True
2016,CAR,7,252,SandBe00,Beau Sandland,,O,TE,TE,0.0,False
2016,TEN,7,253,ReedKa00,Kalan Reed,,D,DB,CB,0.0,True
2017,CLE,1,1,GarrMy00,Myles Garrett,,D,DL,DE,18.0,False
2017,CHI,1,2,TrubMi00,Mitch Trubisky,00-0033869,O,QB,QB,20.0,False
2017,SF,1,3,ThomSo00,Solomon Thomas,,D,DL,DE,12.0,False
2017,JAX,1,4,FourLe00,Leonard Fournette,,O,RB,RB,11.0,False
2017,TEN,1,5,DaviCo03,Corey Davis,,O,WR,WR,10.0,False
2017,NYJ,1,6,AdamJa00,Jamal Adams,,D,DB,S,16.0,False
2017,LAC,1,7,WillMi07,Mike Williams,,O,WR,WR,7.0,False
2017,CAR,1,8,McCaCh01,Christian McCaffrey,,O,RB,RB,25.0,False
2017,CIN,1,9,RossJo00,John Ross,,O,WR,WR,2.0,False
2017,KC,1,10,MahoPa00,Patrick Mahomes,00-0033873,O,QB,QB,23.0,False
2017,NO,1,11,LattMa01,Marshon Lattimore,,D,DB,CB,14.0,False
2017,HOU,1,12,WatsDe00,Deshaun Watson,00-0033537,O,QB,QB,23.0,False
2017,ARI,1,13,ReddHa00,Haason Reddick,,D,LB,LB,9.0,False
2017,PHI,1,14,BarnDe01,Derek Barnett,,D,DL,DE,6.0,False
2017,IND,1,15,HookMa00,Malik Hooker,,D,DB,S,8.0,False
2017,BAL,1,16,HumpMa00,Marlon Humphrey,,D,DB,CB,7.0,False
2017,WAS,1,17,AlleJo01,Jonathan Allen,,D,DL,DE,10.0,False
2017,TEN,1,18,JackAd00,Adoree' Jackson,,D,DB,CB,12.0,False
2017,TB,1,19,HowaO.00,O.J. Howard,,O,TE,TE,7.0,False
2017,DEN,1,20,BollGa00,Garett Bolles,,O,OL,T,14.0,False
2017,DET,1,21,DaviJa01,Jarrad Davis,,D,LB,LB,16.0,False
2017,MIA,1,22,HarrCh03,Charles Harris,,D,LB,LB,5.0,False
2017,NYG,1,23,EngrEv00,Evan Engram,,O,TE,TE,10.0,False
2017,OAK,1,24,ConlGa00,Gareon Conley,,D,DB,CB,5.0,False
2017,CLE,1,25,PeppJa00,Jabrill Peppers,,D,DB,S,11.0,False
2017,ATL,1,26,McKiTa00,Takkarist McKinley,,D,DL,DE,6.0,False
2017,BUF,1,27,WhitTr01,TreDavious White,,D,DB,CB,12.0,False
2017,DAL,1,28,CharTa00,Taco Charlton,,D,DL,DE,6.0,False
2017,CLE,1,29,NjokDa00,David Njoku,,O,TE,TE,7.0,False
2017,PIT,1,30,WattT.00,T.J. Watt,,D,LB,LB,18.0,False
2017,SF,1,31,FostRe00,Reuben Foster,,D,LB,LB,8.0,False
2017,NO,1,32,RamcRy00,Ryan Ramczyk,,O,OL,T,25.0,False
2017,GB,2,33,KingKe01,Kevin King,,D,DB,CB,4.0,False
2017,JAX,2,34,RobiCa00,Cam Robinson,,O,OL,T,9.0,False
2017,SEA,2,35,McDoMa00,Malik McDowell,,D,DL,DT,0.0,False
2017,ARI,2,36,BakeBu00,Budda Baker,,D,DB,S,14.0,False
2017,BUF,2,37,JoneZa00,Zay Jones,,O,WR,WR,8.0,False
2017,LAC,2,38,LampFo00,Forrest Lamp,,O,OL,G,0.0,False
2017,NYJ,2,39,MayeMa00,Marcus Maye,,D,DB,S,8.0,False
2017,CAR,2,40,SamuCu00,Curtis Samuel,,O,WR,WR,7.0,False
2017,MIN,2,41,CookDa01,Dalvin Cook,,O,RB,RB,10.0,False
2017,NO,2,42,WillMa06,Marcus Williams,,D,DB,S,12.0,False
2017,PHI,2,43,JoneSi00,Sidney Jones,,D,DB,CB,2.0,False
2017,LA,2,44,EverGe00,Gerald Everett,,O,TE,TE,6.0,False
2017,CHI,2,45,ShahAd00,Adam Shaheen,,O,TE,TE,1.0,False
2017,IND,2,46,WilsQu01,Quincy Wilson,,D,DB,CB,5.0,False
2017,BAL,2,47,BowsTy00,Tyus Bowser,,D,LB,LB,3.0,False
2017,CIN,2,48,MixoJo00,Joe Mixon,,O,RB,RB,18.0,False
2017,WAS,2,49,AndeRy00,Ryan Anderson,,D,LB,LB,2.0,False
2017,TB,2,50,EvanJu00,Justin Evans,,D,DB,S,7.0,False
2017,DEN,2,51,WalkDe03,DeMarcus Walker,,D,DL,DE,2.0,False
2017,CLE,2,52,KizeDe00,DeShone Kizer,00-0033899,O,QB,QB,6.0,False
2017,DET,2,53,TaboTe00,Teez Tabor,,D,DB,CB,3.0,False
2017,MIA,2,54,McMiRa02,Raekwon McMillan,,D,LB,LB,7.0,False
2017,NYG,2,55,TomlDa00,Dalvin Tomlinson,,D,DL,DT,14.0,False
2017,OAK,2,56,MeliOb00,Obi Melifonwu,,D,DB,S,1.0,False
2017,HOU,2,57,CunnZa00,Zach Cunningham,,D,LB,LB,14.0,False
2017,SEA,2,58,PociEt00,Ethan Pocic,,O,OL,C,7.0,False
2017,KC,2,59,KpasTa00,Tanoh Kpassagnon,,D,DL,DE,3.0,False
2017,DAL,2,60,AwuzCh00,Chidobe Awuzie,,D,DB,CB,8.0,False
2017,GB,2,61,JoneJo06,Josh Jones,,D,DB,S,5.0,False
2017,PIT,2,62,SmitJu00,JuJu Smith-Schuster,,O,WR,WR,21.0,False
2017,BUF,2,63,DawkDi00,Dion Dawkins,,O,OL,G,11.0,False
2017,CAR,2,64,MotoTa00,Taylor Moton,,O,OL,G,11.0,False
2017,CLE,3,65,OgunLa00,Larry Ogunjobi,,D,DL,DT,10.0,False
2017,SF,3,66,WithAh00,Ahkello Witherspoon,,D,DB,CB,7.0,False
2017,NO,3,67,KamaAl00,Alvin Kamara,,O,RB,RB,31.0,False
2017,JAX,3,68,SmooDa00,Dawuane Smoot,,D,DL,DE,3.0,False
2017,LA,3,69,KuppCo00,Cooper Kupp,,O,WR,WR,15.0,False
2017,MIN,3,70,ElflPa00,Pat Elflein,,O,OL,C,14.0,False
2017,LAC,3,71,FeenDa00,Dan Feeney,,O,OL,G,13.0,False
2017,TEN,3,72,TaylTa00,Taywan Taylor,,O,WR,WR,6.0,False
2017,CIN,3,73,WillJo09,Jordan Willis,,D,LB,LB,4.0,False
2017,BAL,3,74,WormCh00,Chris Wormley,,D,DL,DE,5.0,False
2017,ATL,3,75,RileDu00,Duke Riley,,D,LB,LB,7.0,False
2017,NO,3,76,AnzaAl00,Alex Anzalone,,D,LB,LB,6.0,False
2017,CAR,3,77,HallDa01,Daeshon Hall,,D,DL,DE,0.0,False
2017,BAL,3,78,WillTi00,Tim Williams,,D,LB,LB,2.0,False
2017,NYJ,3,79,StewAr00,ArDarius Stewart,,O,WR,WR,1.0,False
2017,IND,3,80,BashTa00,Tarell Basham,,D,DL,DE,2.0,False
2017,WAS,3,81,MoreFa00,Fabian Moreau,,D,DB,CB,5.0,False
2017,DEN,3,82,HendCa01,Carlos Henderson,,O,WR,WR,0.0,False
2017,NE,3,83,RiveDe00,Derek Rivers,,D,DL,DE,1.0,False
2017,TB,3,84,GodwCh00,Chris Godwin,,O,WR,WR,10.0,False
2017,NE,3,85,GarcAn00,Antonio Garcia,,O,OL,T,0.0,False
2017,KC,3,86,HuntKa00,Kareem Hunt,,O,RB,RB,26.0,False
2017,NYG,3,87,WebbDa00,Davis Webb,,O,QB,QB,0.0,False
2017,OAK,3,88,VandEd00,Eddie Vanderdoes,,D,DL,DT,5.0,False
2017,HOU,3,89,ForeDO00,D'Onta Foreman,,O,RB,RB,3.0,False
2017,SEA,3,90,GrifSh00,Shaquill Griffin,,D,DB,DB,11.0,False
2017,LA,3,91,JohnJo10,John Johnson,,D,DB,S,11.0,False
2017,DAL,3,92,LewiJo01,Jourdan Lewis,,D,DB,CB,5.0,False
2017,GB,3,93,AdamMo00,Montravius Adams,,D,DL,DT,2.0,False
2017,PIT,3,94,SuttCa00,Cameron Sutton,,D,DB,CB,3.0,False
2017,SEA,3,95,HillDe02,Delano Hill,,D,DB,S,3.0,False
2017,DET,3,96,GollKe00,Kenny Golladay,,O,WR,WR,12.0,False
2017,MIA,3,97,TankCo00,Cordrea Tankersley,,D,DB,CB,3.0,False
2017,ARI,3,98,WillCh05,Chad Williams,,O,WR,WR,1.0,False
2017,PHI,3,99,DougRa00,Rasul Douglas,,D,DB,CB,7.0,False
2017,TEN,3,100,SmitJo01,Jonnu Smith,,O,TE,TE,3.0,False
2017,DEN,3,101,LangBr00,Brendan Langley,,D,DB,CB,1.0,False
2017,SEA,3,102,JoneNa00,Nazair Jones,,D,DL,DT,3.0,False
2017,NO,3,103,HendTr00,Trey Hendrickson,,D,LB,LB,2.0,False
2017,SF,3,104,BeatC.00,C.J. Beathard,00-0033936,O,QB,QB,7.0,False
2017,PIT,3,105,ConnJa00,James Conner,,O,RB,RB,11.0,False
2017,SEA,3,106,DarbAm00,Amara Darboh,,O,WR,WR,1.0,False
2017,TB,3,107,BeckKe00,Kendell Beckwith,,D,LB,LB,5.0,False
2017,GB,4,108,BiegVi00,Vince Biegel,,D,LB,LB,2.0,False
2017,MIN,4,109,JohnJa09,Jaleel Johnson,,D,DL,DT,2.0,False
2017,JAX,4,110,WestDe00,Dede Westbrook,,O,WR,WR,9.0,False
2017,SEA,4,111,ThomTe00,Tedric Thompson,,D,DB,S,5.0,False
2017,CHI,4,112,JackEd01,Eddie Jackson,,D,DB,S,20.0,False
2017,LAC,4,113,JenkRa00,Rayshawn Jenkins,,D,DB,S,2.0,False
2017,WAS,4,114,PeriSa00,Samaje Perine,,O,RB,RB,5.0,False
2017,ARI,4,115,JohnDo03,Dorian Johnson,,O,OL,G,0.0,False
2017,CIN,4,116,LawsCa00,Carl Lawson,,D,LB,LB,3.0,False
2017,LA,4,117,ReynJo00,Josh Reynolds,,O,WR,WR,5.0,False
2017,PHI,4,118,HollMa00,Mack Hollins,,O,WR,WR,2.0,False
2017,CHI,4,119,CoheTa00,Tarik Cohen,,O,RB,RB,16.0,False
2017,MIN,4,120,GedeBe00,Ben Gedeon,,D,LB,LB,13.0,False
2017,SF,4,121,WillJo12,Joe Williams,,O,RB,RB,0.0,False
2017,BAL,4,122,SiraNi00,Nico Siragusa,,O,OL,G,0.0,False
2017,WAS,4,123,NichMo00,Montae Nicholson,,D,DB,S,6.0,False
2017,DET,4,124,ReevJa00,Jalen Reeves-Maybin,,D,LB,LB,2.0,False
2017,LA,4,125,EbukSa00,Samson Ebukam,,D,LB,LB,9.0,False
2017,CLE,4,126,WilsHo00,Howard Wilson,,D,DB,CB,0.0,False
2017,DET,4,127,RobeMi01,Michael Roberts,,O,TE,TE,1.0,False
2017,CIN,4,128,MaloJo00,Josh Malone,,O,WR,WR,1.0,False
2017,OAK,4,129,SharDa02,David Sharpe,,O,OL,T,1.0,False
2017,HOU,4,130,DaveJu00,Julie'n Davenport,,O,OL,T,10.0,False
2017,NE,4,131,WiseDe00,Deatrich Wise Jr.,,D,DL,DE,7.0,False
2017,PHI,4,132,PumpDo00,Donnel Pumphrey,,O,RB,RB,0.0,False
2017,DAL,4,133,SwitRy00,Ryan Switzer,,O,WR,WR,3.0,False
2017,GB,4,134,WillJa06,Jamaal Williams,,O,RB,RB,11.0,False
2017,PIT,4,135,DobbJo00,Joshua Dobbs,,O,QB,QB,0.0,False
2017,ATL,4,136,HarlSe00,Sean Harlow,,O,OL,G,0.0,False
2017,IND,4,137,BannZa00,Zach Banner,,O,OL,T,0.0,False
2017,CIN,4,138,GlasRy00,Ryan Glasgow,,D,DL,DT,2.0,False
2017,KC,4,139,ChesJe00,Jehu Chesson,,O,WR,WR,0.0,False
2017,NYG,4,140,GallWa00,Wayne Gallman,,O,RB,RB,6.0,False
2017,NYJ,4,141,HansCh00,Chad Hansen,,O,WR,WR,1.0,False
2017,HOU,4,142,WatkCa00,Carlos Watkins,,D,DL,DT,3.0,False
2017,IND,4,143,MackMa00,Marlon Mack,,O,RB,RB,11.0,False
2017,IND,4,144,StewGr00,Grover Stewart,,D,DL,DT,3.0,False
2017,DEN,5,145,ButtJa00,Jake Butt,,O,TE,TE,1.0,False
2017,SF,5,146,KittGe00,George Kittle,,O,TE,TE,14.0,False
2017,CHI,5,147,MorgJo02,Jordan Morgan,,O,OL,G,0.0,False
2017,JAX,5,148,BrowBl00,Blair Brown,,D,LB,LB,3.0,False
2017,ATL,5,149,KazeDa00,Damontae Kazee,,D,DB,CB,6.0,False
2017,NYJ,5,150,LeggJo00,Jordan Leggett,,O,TE,TE,1.0,False
2017,LAC,5,151,KingDe01,Desmond King,,D,DB,S,11.0,False
2017,CAR,5,152,EldeCo00,Corn Elder,,D,DB,CB,1.0,False
2017,CIN,5,153,ElliJa03,Jake Elliott,,S,K,K,6.0,False
2017,WAS,5,154,SpriJe00,Jeremy Sprinkle,,O,TE,TE,0.0,False
2017,TEN,5,155,BrowJa06,Jayon Brown,,D,LB,LB,10.0,False
2017,ATL,5,156,HillBr02,Brian Hill,,O,RB,RB,2.0,False
2017,ARI,5,157,HoldWi00,Will Holden,,O,OL,T,3.0,False
2017,IND,5,158,HairNa00,Nate Hairston,,D,DB,CB,5.0,False
2017,BAL,5,159,ElueJe00,Jermaine Eluemunor,,O,OL,G,3.0,False
2017,CLE,5,160,JohnRo06,Roderick Johnson,,O,OL,T,0.0,False
2017,IND,5,161,WalkAn01,Anthony Walker,,D,LB,LB,9.0,False
2017,TB,5,162,McNiJe00,Jeremy McNichols,,O,RB,RB,0.0,False
2017,BUF,5,163,MilaMa00,Matt Milano,,D,LB,LB,13.0,False
2017,MIA,5,164,AsiaIs00,Isaac Asiata,,O,OL,G,0.0,False
2017,DET,5,165,AgneJa00,Jamal Agnew,,D,DB,CB,9.0,False
2017,PHI,5,166,GibsSh00,Shelton Gibson,,O,WR,WR,0.0,False
2017,NYG,5,167,MossAv00,Avery Moss,,D,DL,DE,2.0,False
2017,OAK,5,168,LeexMa01,Marquel Lee,,D,LB,LB,7.0,False
2017,HOU,5,169,DecoTr00,Treston Decoud,,D,DB,S,1.0,False
2017,MIN,5,170,AdamRo01,Rodney Adams,,O,WR,WR,0.0,False
2017,BUF,5,171,PeteNa00,Nathan Peterman,00-0033958,O,QB,QB,2.0,False
2017,DEN,5,172,McKeIs00,Isaiah McKenzie,,O,WR,WR,2.0,False
2017,PIT,5,173,AlleBr01,Brian Allen,,D,DB,DB,1.0,False
2017,ATL,5,174,SaubEr00,Eric Saubert,,O,TE,TE,0.0,False
2017,GB,5,175,YancDe00,DeAngelo Yancey,,O,WR,WR,0.0,False
2017,CIN,5,176,DielJJ00,JJ Dielman,,O,OL,C,0.0,False
2017,SF,5,177,TaylTr02,Trent Taylor,,O,WR,WR,5.0,False
2017,MIA,5,178,GodcDa00,Davon Godchaux,,D,DL,DT,10.0,False
2017,ARI,5,179,LogaT.00,T.J. Logan,,O,RB,RB,0.0,False
2017,MIN,5,180,IsidDa00,Danny Isidora,,O,OL,G,3.0,False
2017,NYJ,5,181,DonaDy00,Dylan Donahue,,D,DL,DL,0.0,False
2017,GB,5,182,JoneAa00,Aaron Jones,,O,RB,RB,9.0,False
2017,KC,5,183,EligUk00,Ukeme Eligwe,,D,LB,LB,2.0,False
2017,PHI,5,184,GerrNa00,Nathan Gerry,,D,DB,S,4.0,False
2017,CLE,6,185,BranCa00,Caleb Brantley,,D,DL,DT,2.0,False
2017,BAL,6,186,ClarCh00,Chuck Clark,,D,DB,DB,3.0,False
2017,SEA,6,187,TysoMi00,Michael Tyson,,D,DB,S,1.0,False
2017,NYJ,6,188,McGuEl00,Elijah McGuire,,O,RB,RB,6.0,False
2017,LA,6,189,SmarTa00,Tanzel Smart,,D,DL,DT,3.0,False
2017,LAC,6,190,TeviSa00,Sam Tevi,,O,OL,T,11.0,False
2017,DAL,6,191,WoodXa00,Xavier Woods,,D,DB,S,8.0,False
2017,CAR,6,192,ArmaAl00,Alex Armah,,O,RB,RB,1.0,False
2017,CIN,6,193,EvanJo01,Jordan Evans,,D,LB,LB,6.0,False
2017,MIA,6,194,TaylVi00,Vincent Taylor,,D,DL,DT,2.0,False
2017,BUF,6,195,VallTa00,Tanner Vallejo,,D,LB,LB,3.0,False
2017,NO,6,196,MuhaAl00,Al-Quadin Muhammad,,D,DL,DE,3.0,False
2017,NYJ,6,197,ClarJe04,Jeremy Clark,,D,DB,CB,0.0,False
2017,SF,6,198,JoneD.01,D.J. Jones,,D,DL,DT,3.0,False
2017,WAS,6,199,RoulCh00,Chase Roullier,,O,OL,C,10.0,False
2017,NYG,6,200,BisnAd00,Adam Bisnowaty,,O,OL,T,0.0,False
2017,MIN,6,201,HodgBu00,Bucky Hodges,,O,TE,TE,0.0,False
2017,SF,6,202,TaumPi00,Pita Taumoepenu,,D,LB,LB,0.0,False
2017,DEN,6,203,HendDe01,De'Angelo Henderson,,O,RB,RB,0.0,False
2017,NYJ,6,204,JoneDe02,Derrick Jones,,D,DB,CB,0.0,False
2017,DET,6,205,LedbJe00,Jeremiah Ledbetter,,D,DL,DE,1.0,False
2017,LA,6,206,RogeSa00,Sam Rogers,,O,RB,RB,0.0,False
2017,CIN,6,207,WilsBr01,Brandon Wilson,,O,RB,RB,1.0,False
2017,ARI,6,208,FordRu00,Rudy Ford,,D,DB,S,2.0,False
2017,WAS,6,209,DaviRo00,Robert Davis,,O,WR,WR,0.0,False
2017,SEA,6,210,SeniJu00,Justin Senior,,O,OL,T,0.0,False
2017,NE,6,211,McDeCo00,Conor McDermott,,O,OL,T,0.0,False
2017,GB,6,212,AmicKo00,Kofi Amichia,,O,OL,C,0.0,False
2017,PIT,6,213,HolbCo00,Colin Holba,,S,LS,LS,0.0,False
2017,PHI,6,214,QualEl00,Elijah Qualls,,D,DL,DT,1.0,False
2017,DET,6,215,KaayBr00,Brad Kaaya,,O,QB,QB,0.0,False
2017,DAL,6,216,WhitMa03,Marquez White,,D,DB,CB,0.0,False
2017,TEN,6,217,LeviCo00,Corey Levin,,O,OL,OL,1.0,False
2017,KC,6,218,McQuLe01,Leon McQuay,,D,DB,S,0.0,False
2017,MIN,7,219,ColeSt00,Stacy Coley,,O,WR,WR,0.0,False
2017,MIN,7,220,OdenIf00,Ifeadi Odenigbo,,D,DL,DL,0.0,False
2017,OAK,7,221,LuanSh00,Shalom Luani,,D,DB,S,2.0,False
2017,JAX,7,222,MyriJa00,Jalen Myrick,,D,DB,CB,0.0,False
2017,TB,7,223,TuikSt00,Stevie Tu'ikolovatu,,D,DL,NT,0.0,False
2017,CLE,7,224,GonzZa00,Zane Gonzalez,,S,K,K,2.0,False
2017,LAC,7,225,RochIs00,Isaac Rochell,,D,DL,DT,4.0,False
2017,SEA,7,226,MoorDa03,David Moore,,O,WR,WR,4.0,False
2017,TEN,7,227,CarrJo00,Josh Carraway,,D,LB,LB,0.0,False
2017,DAL,7,228,IvieJo00,Joey Ivie,,D,DL,DT,0.0,False
2017,SF,7,229,ColbAd00,Adrian Colbert,,D,DB,DB,4.0,False
2017,WAS,7,230,HarvJo01,Josh Harvey-Clemons,,D,DB,S,2.0,False
2017,OAK,7,231,WareJy00,Jylan Ware,,O,OL,T,0.0,False
2017,MIN,7,232,LeexEl00,Elijah Lee,,D,LB,LB,5.0,False
2017,CAR,7,233,ButkHa00,Harrison Butker,,S,K,K,9.0,False
2017,LA,7,234,PricEj00,Ejuan Price,,D,DL,DE,0.0,False
2017,WAS,7,235,HolsJo01,Joshua Holsey,,D,DB,DB,1.0,False
2017,TEN,7,236,SeatBr00,Brad Seaton,,O,OL,T,0.0,False
2017,MIA,7,237,FordIs00,Isaiah Ford,,O,WR,WR,0.0,False
2017,GB,7,238,MaysDe00,Devante Mays,,O,RB,RB,0.0,False
2017,DAL,7,239,BrowNo00,Noah Brown,,O,WR,WR,0.0,False
2017,JAX,7,240,WillMa09,Marquez Williams,,O,RB,RB,0.0,False
2017,TEN,7,241,MuhaKh00,Khalfani Muhammad,,O,RB,RB,0.0,False
2017,OAK,7,242,HoodEl00,Elijah Hood,,O,RB,RB,0.0,False
2017,HOU,7,243,FullKy01,Kyle Fuller,,O,OL,C,1.0,False
2017,OAK,7,244,HestTr00,Treyvon Hester,,D,DL,DT,2.0,False
2017,MIN,7,245,TochJa00,Jack Tocho,,D,DB,CB,0.0,False
2017,DAL,7,246,CarrJo01,Jordan Carrell,,D,DL,DT,0.0,False
2017,GB,7,247,DuprMa01,Malachi Dupre,,O,WR,WR,0.0,False
2017,PIT,7,248,AdamKe02,Keion Adams,,D,LB,LB,0.0,False
2017,SEA,7,249,CarsCh00,Chris Carson,,O,RB,RB,12.0,False
2017,DET,7,250,OConPa00,Pat O'Connor,,D,DL,DE,0.0,False
2017,CIN,7,251,SchrMa00,Mason Schreck,,O,TE,TE,0.0,False
2017,CLE,7,252,DayeMa00,Matthew Dayes,,O,RB,RB,0.0,False
2017,DEN,7,253,KellCh00,Chad Kelly,,O,QB,QB,0.0,False
2018,CLE,1,1,MayfBa00,Baker Mayfield,00-0034855,O,QB,QB,10.0,False
2018,NYG,1,2,BarkSa00,Saquon Barkley,,O,RB,RB,14.0,False
2018,NYJ,1,3,DarnSa00,Sam Darnold,00-0034869,O,QB,QB,7.0,False
2018,CLE,1,4,WardDe02,Denzel Ward,,D,DB,CB,8.0,False
2018,DEN,1,5,ChubBr00,Bradley Chubb,,D,DL,DE,8.0,False
2018,IND,1,6,NelsQu00,Quenton Nelson,,O,OL,G,14.0,False
2018,BUF,1,7,AlleJo02,Josh Allen,00-0034857,O,QB,QB,6.0,False
2018,CHI,1,8,SmitRo07,Roquan Smith,,D,LB,LB,9.0,False
2018,SF,1,9,McGlMi00,Mike McGlinchey,,O,OL,T,8.0,False
2018,ARI,1,10,RoseJo01,Josh Rosen,00-0034343,O,QB,QB,2.0,False
2018,MIA,1,11,FitzMi00,Minkah Fitzpatrick,,D,DB,S,4.0,False
2018,TB,1,12,VeaxVi00,Vita Vea,,D,DL,DT,4.0,False
2018,WAS,1,13,PaynDa00,Da'Ron Payne,,D,DL,DT,8.0,False
2018,NO,1,14,DaveMa00,Marcus Davenport,,D,DL,DE,1.0,False
2018,OAK,1,15,MillKo00,Kolton Miller,,O,OL,T,7.0,False
2018,BUF,1,16,EdmuTr01,Tremaine Edmunds,,D,LB,LB,9.0,False
2018,LAC,1,17,JameDe00,Derwin James,,D,DB,S,10.0,False
2018,GB,1,18,AlexJa00,Jaire Alexander,,D,DB,CB,5.0,False
2018,DAL,1,19,VandLe00,Leighton Vander Esch,,D,LB,LB,11.0,False
2018,DET,1,20,RagnFr00,Frank Ragnow,,O,OL,C,7.0,False
2018,CIN,1,21,PricBi01,Billy Price,,O,OL,C,5.0,False
2018,TEN,1,22,EvanRa01,Rashaan Evans,,D,LB,LB,5.0,False
2018,NE,1,23,WynnIs00,Isaiah Wynn,,O,OL,T,0.0,False
2018,CAR,1,24,MoorD.00,D.J. Moore,,O,WR,WR,8.0,False
2018,BAL,1,25,HursHa00,Hayden Hurst,,O,TE,TE,1.0,False
2018,ATL,1,26,RidlCa00,Calvin Ridley,,O,WR,WR,7.0,False
2018,SEA,1,27,PennRa00,Rashaad Penny,,O,RB,RB,4.0,False
2018,PIT,1,28,EdmuTe00,Terrell Edmunds,,D,LB,LB,6.0,False
2018,JAX,1,29,BryaTa00,Taven Bryan,,D,DL,DT,2.0,False
2018,MIN,1,30,HughMi00,Mike Hughes,,D,DB,CB,2.0,False
2018,NE,1,31,MichSo00,Sony Michel,,O,RB,RB,7.0,False
2018,BAL,1,32,JackLa00,Lamar Jackson,00-0034796,O,QB,QB,8.0,False
2018,CLE,2,33,CorbAu00,Austin Corbett,,O,OL,C,1.0,False
2018,NYG,2,34,HernWi00,Will Hernandez,,O,OL,G,7.0,False
2018,CLE,2,35,ChubNi00,Nick Chubb,,O,RB,RB,6.0,False
2018,IND,2,36,LeonDa00,Darius Leonard,,D,LB,LB,18.0,False
2018,IND,2,37,SmitBr06,Braden Smith,,O,OL,G,6.0,False
2018,TB,2,38,JoneRo01,Ronald Jones II,,O,RB,RB,0.0,False
2018,CHI,2,39,DaniJa01,James Daniels,,O,OL,C,5.0,False
2018,DEN,2,40,SuttCo00,Courtland Sutton,,O,WR,WR,5.0,False
2018,TEN,2,41,LandHa00,Harold Landry,,D,LB,LB,3.0,False
2018,MIA,2,42,GesiMi00,Mike Gesicki,,O,TE,TE,2.0,False
2018,DET,2,43,JohnKe06,Kerryon Johnson,,O,RB,RB,5.0,False
2018,SF,2,44,PettDa00,Dante Pettis,,O,WR,WR,3.0,False
2018,GB,2,45,JackJo01,Josh Jackson,,D,DB,CB,4.0,False
2018,KC,2,46,SpeaBr00,Breeland Speaks,,D,DL,DE,3.0,False
2018,ARI,2,47,KirkCh01,Christian Kirk,,O,WR,WR,4.0,False
2018,LAC,2,48,NwosUc00,Uchenna Nwosu,,D,LB,LB,3.0,False
2018,PHI,2,49,GoedDa00,Dallas Goedert,,O,TE,TE,3.0,False
2018,DAL,2,50,WillCo00,Connor Williams,,O,OL,T,4.0,False
2018,CHI,2,51,MillAn02,Anthony Miller,,O,WR,WR,4.0,False
2018,IND,2,52,TuraKe00,Kemoko Turay,,D,LB,LB,3.0,False
2018,TB,2,53,StewM.00,M.J. Stewart,,D,DB,CB,2.0,False
2018,CIN,2,54,BateJe00,Jessie Bates III,,D,DB,S,5.0,False
2018,CAR,2,55,JackDo02,Donte Jackson,,D,DB,CB,6.0,False
2018,NE,2,56,DawsDu00,Duke Dawson,,D,DB,CB,0.0,False
2018,OAK,2,57,HallP.00,P.J. Hall,,D,DL,DT,3.0,False
2018,ATL,2,58,OlivIs00,Isaiah Oliver,,D,DB,CB,1.0,False
2018,WAS,2,59,GuicDe00,Derrius Guice,,O,RB,RB,0.0,False
2018,PIT,2,60,WashJa00,James Washington,,O,WR,WR,2.0,False
2018,JAX,2,61,CharDJ00,DJ Chark,,O,WR,WR,1.0,False
2018,MIN,2,62,ONeiBr00,Brian O'Neill,,O,OL,T,6.0,False
2018,TB,2,63,DaviCa02,Carlton Davis,,D,DB,CB,4.0,False
2018,IND,2,64,LewiTy00,Tyquan Lewis,,D,DL,DE,3.0,False
2018,OAK,3,65,ParkBr01,Brandon Parker,,O,OL,T,5.0,False
2018,NYG,3,66,CartLo01,Lorenzo Carter,,D,DL,DE,2.0,False
2018,CLE,3,67,ThomCh06,Chad Thomas,,D,DL,DE,0.0,False
2018,HOU,3,68,ReidJu00,Justin Reid,,D,DB,S,6.0,False
2018,NYG,3,69,HillB.00,B.J. Hill,,D,DL,DT,6.0,False
2018,SF,3,70,WarnFr00,Fred Warner,,D,LB,LB,7.0,False
2018,DEN,3,71,FreeRo00,Royce Freeman,,O,RB,RB,3.0,False
2018,NYJ,3,72,ShepNa00,Nathan Shepherd,,D,DL,DT,5.0,False
2018,MIA,3,73,BakeJe00,Jerome Baker,,D,LB,LB,6.0,False
2018,WAS,3,74,ChriGe01,Geron Christian,,O,OL,T,0.0,False
2018,KC,3,75,NnadDe00,Derrick Nnadi,,D,DL,DT,4.0,False
2018,PIT,3,76,RudoMa00,Mason Rudolph,00-0034771,O,QB,QB,0.0,False
2018,CIN,3,77,HubbSa00,Sam Hubbard,,D,DL,DE,2.0,False
2018,CIN,3,78,JeffMa00,Malik Jefferson,,D,LB,LB,1.0,False
2018,SEA,3,79,GreeRa01,Rasheem Green,,D,DL,DT,1.0,False
2018,HOU,3,80,RankMa00,Martinas Rankin,,O,OL,T,3.0,False
2018,DAL,3,81,GallMi00,Michael Gallup,,O,WR,WR,4.0,False
2018,DET,3,82,WalkTr01,Tracy Walker,,D,DB,S,1.0,False
2018,BAL,3,83,BrowOr00,Orlando Brown,,O,OL,T,6.0,False
2018,LAC,3,84,JoneJu03,Justin Jones,,D,DL,DT,1.0,False
2018,CAR,3,85,GaulRa00,Rashaan Gaulden,,D,DB,CB,1.0,False
2018,BAL,3,86,AndrMa00,Mark Andrews,,O,TE,TE,5.0,False
2018,OAK,3,87,KeyxAr00,Arden Key,,D,DL,DE,4.0,False
2018,GB,3,88,BurkOr00,Oren Burks,,D,LB,LB,3.0,False
2018,LA,3,89,NoteJo00,Joseph Noteboom,,O,OL,T,2.0,False
2018,ATL,3,90,SenaDe00,Deadrin Senat,,D,DL,DT,2.0,False
2018,NO,3,91,SmitTr03,Tre'Quan Smith,,O,WR,WR,5.0,False
2018,PIT,3,92,OkorCh00,Chukwuma Okorafor,,O,OL,T,2.0,False
2018,JAX,3,93,HarrRo02,Ronnie Harrison,,D,DB,S,4.0,False
2018,TB,3,94,CappAl00,Alex Cappa,,O,OL,T,0.0,False
2018,SF,3,95,MoorTa00,Tarvarius Moore,,D,DB,S,1.0,False
2018,BUF,3,96,PhilHa00,Harrison Phillips,,D,DL,DT,2.0,False
2018,ARI,3,97,ColeMa02,Mason Cole,,O,OL,C,4.0,False
2018,HOU,3,98,AkinJo00,Jordan Akins,,O,TE,TE,2.0,False
2018,DEN,3,99,YiadIs00,Isaac Yiadom,,D,DB,CB,1.0,False
2018,KC,3,100,ODanDo00,Dorian O'Daniel,,D,LB,LB,2.0,False
2018,CAR,4,101,ThomIa00,Ian Thomas,,O,TE,TE,3.0,False
2018,MIN,4,102,HolmJa01,Jalyn Holmes,,D,DL,DE,1.0,False
2018,HOU,4,103,CoutKe00,Keke Coutee,,O,WR,WR,2.0,False
2018,IND,4,104,HineNy00,Nyheim Hines,,O,RB,RB,6.0,False
2018,CLE,4,105,CallAn00,Antonio Callaway,,O,WR,WR,4.0,False
2018,DEN,4,106,JeweJo00,Josey Jewell,,D,LB,LB,5.0,False
2018,NYJ,4,107,HernCh00,Christopher Herndon IV,,O,TE,TE,4.0,False
2018,NYG,4,108,LaulKy00,Kyle Lauletta,,O,QB,QB,0.0,False
2018,WAS,4,109,ApkeTr00,Troy Apke,,D,DB,S,0.0,False
2018,OAK,4,110,NelsNi00,Nick Nelson,,D,DB,CB,1.0,False
2018,LA,4,111,AlleBr02,Brian Allen,,O,OL,C,1.0,False
2018,CIN,4,112,WaltMa00,Mark Walton,,O,RB,RB,1.0,False
2018,DEN,4,113,HamiDa01,DaeSean Hamilton,,O,WR,WR,2.0,False
2018,DET,4,114,HandDa00,Da'Shawn Hand,,D,DL,DE,5.0,False
2018,CHI,4,115,IyieJo00,Joel Iyiegbuniwe,,D,LB,LB,1.0,False
2018,DAL,4,116,ArmsDo00,Dorance Armstrong Jr.,,D,DL,DE,2.0,False
2018,TB,4,117,WhitJo03,Jordan Whitehead,,D,DB,S,3.0,False
2018,BAL,4,118,AverAn00,Anthony Averett,,D,DB,CB,1.0,False
2018,LAC,4,119,WhitKy00,Kyzir White,,D,DB,S,2.0,False
2018,SEA,4,120,DissWi00,Will Dissly,,O,TE,TE,2.0,False
2018,BUF,4,121,JohnTa01,Taron Johnson,,D,DB,CB,2.0,False
2018,BAL,4,122,YounKe03,Kenny Young,,D,LB,LB,4.0,False
2018,MIA,4,123,SmytDu00,Durham Smythe,,O,TE,TE,0.0,False
2018,KC,4,124,WattAr00,Armani Watts,,D,DB,S,0.0,False
2018,PHI,4,125,MaddAv00,Avonte Maddox,,D,DB,CB,4.0,False
2018,ATL,4,126,SmitIt00,Ito Smith,,O,RB,RB,3.0,False
2018,NO,4,127,LeonRi00,Rick Leonard,,O,OL,T,0.0,False
2018,SF,4,128,StreKe00,Kentavius Street,,D,DL,DT,0.0,False
2018,JAX,4,129,RichWi01,Will Richardson,,O,OL,T,0.0,False
2018,PHI,4,130,SweaJo00,Josh Sweat,,D,DL,DE,1.0,False
2018,MIA,4,131,BallKa00,Kalen Ballage,,O,RB,RB,2.0,False
2018,BAL,4,132,ScotJa02,Jaleel Scott,,O,WR,WR,0.0,False
2018,GB,4,133,MoorJM00,J'Mon Moore,,O,WR,WR,0.0,False
2018,ARI,4,134,EdmoCh00,Chase Edmonds,,O,RB,RB,2.0,False
2018,LA,4,135,FranJo02,John Franklin-Myers,,D,DL,DE,1.0,False
2018,CAR,4,136,HaynMa01,Marquis Haynes,,D,LB,LB,0.0,False
2018,DAL,4,137,SchuDa00,Dalton Schultz,,O,TE,TE,1.0,False
2018,GB,5,138,MadiCo01,Cole Madison,,O,OL,G,0.0,False
2018,NYG,5,139,McInR.00,R.J. McIntosh,,D,DL,DT,1.0,False
2018,OAK,5,140,HursMa00,Maurice Hurst Jr.,,D,DL,DT,5.0,False
2018,SEA,5,141,GrifSh01,Shaquem Griffin,,D,LB,LB,2.0,False
2018,SF,5,142,ReedD.00,D.J. Reed,,D,DB,CB,1.0,False
2018,NE,5,143,BentJa00,Ja'Whaun Bentley,,D,LB,LB,2.0,False
2018,TB,5,144,WatsJu01,Justin Watson,,O,WR,WR,0.0,False
2018,CHI,5,145,NichBi00,Bilal Nichols,,D,DL,DT,5.0,False
2018,SEA,5,146,FlowTr01,Tre Flowers,,D,DB,S,6.0,False
2018,LA,5,147,KiseMi00,Micah Kiser,,D,LB,LB,1.0,False
2018,PIT,5,148,AlleMa03,Marcus Allen,,D,DB,S,0.0,False
2018,SEA,5,149,DickMi00,Michael Dickson,,S,P,P,3.0,False
2018,CLE,5,150,AverGe00,Genard Avery,,D,LB,LB,4.0,False
2018,CIN,5,151,HarrDa05,Davontae Harris,,D,DB,CB,0.0,False
2018,TEN,5,152,CruiDa00,Dane Cruikshank,,D,DB,CB,1.0,False
2018,DET,5,153,CrosTy00,Tyrell Crosby,,O,OL,T,2.0,False
2018,BUF,5,154,NealSi00,Siran Neal,,D,DB,CB,1.0,False
2018,LAC,5,155,QuesSc00,Scott Quessenberry,,O,OL,C,1.0,False
2018,DEN,5,156,FumaTr00,Troy Fumagalli,,O,TE,TE,0.0,False
2018,MIN,5,157,ConkTy00,Tyler Conklin,,O,TE,TE,1.0,False
2018,CIN,5,158,BrowAn05,Andrew Brown,,D,DL,DE,0.0,False
2018,IND,5,159,FounDa00,Daurice Fountain,,O,WR,WR,0.0,False
2018,LA,5,160,OkorOg00,Ogbonnia Okoronkwo,,D,DL,DE,0.0,False
2018,CAR,5,161,CartJe00,Jermaine Carter Jr.,,D,LB,LB,1.0,False
2018,BAL,5,162,LaslJo00,Jordan Lasley,,O,WR,WR,0.0,False
2018,WAS,5,163,SettTi00,Tim Settle,,D,DL,DT,1.0,False
2018,NO,5,164,JameNa00,Natrell Jamerson,,D,DB,S,1.0,False
2018,PIT,5,165,SamuJa00,Jaylen Samuels,,O,TE,TE,3.0,False
2018,BUF,5,166,TellWy00,Wyatt Teller,,O,OL,G,2.0,False
2018,MIN,5,167,CarlDa00,Daniel Carlson,,S,K,K,2.0,False
2018,SEA,5,168,JoneJa08,Jamarco Jones,,O,OL,T,0.0,False
2018,IND,5,169,WilkJo01,Jordan Wilkins,,O,RB,RB,3.0,False
2018,CIN,5,170,PhilDa02,Darius Phillips,,D,DB,CB,1.0,False
2018,DAL,5,171,WhitMi01,Mike White,,O,QB,QB,0.0,False
2018,GB,5,172,ScotJK00,JK Scott,,S,P,P,2.0,False
2018,OAK,5,173,TownJo01,Johnny Townsend,,S,P,P,2.0,False
2018,GB,5,174,ValdMa00,Marquez Valdes-Scantling,,O,WR,WR,4.0,False
2018,CLE,6,175,RatlDa00,Damion Ratley,,O,WR,WR,1.0,False
2018,LA,6,176,KellJo00,John Kelly,,O,RB,RB,1.0,False
2018,HOU,6,177,EjioDu00,Duke Ejiofor,,D,DL,DE,1.0,False
2018,NE,6,178,SamxCh00,Christian Sam,,D,LB,LB,0.0,False
2018,NYJ,6,179,NickPa00,Parry Nickerson,,D,DB,CB,1.0,False
2018,NYJ,6,180,FatuFo00,Folorunso Fatukasi,,D,DL,DT,0.0,False
2018,CHI,6,181,FittKy00,Kylie Fitts,,D,DL,DE,0.0,False
2018,ARI,6,182,CampCh01,Christian Campbell,,D,DB,CB,0.0,False
2018,DEN,6,183,JoneSa00,Sam Jones,,O,OL,G,0.0,False
2018,SF,6,184,HarrMa03,Marcell Harris,,D,DB,S,2.0,False
2018,IND,6,185,CainDe00,Deon Cain,,O,WR,WR,0.0,False
2018,SEA,6,186,MartJa02,Jacob Martin,,D,LB,LB,2.0,False
2018,BUF,6,187,McClRa00,Ray-Ray McCloud,,O,WR,WR,0.0,False
2018,CLE,6,188,ThomSi00,Simeon Thomas,,D,DB,CB,0.0,False
2018,NO,6,189,MoorKa01,Kamrin Moore,,D,DB,CB,0.0,False
2018,BAL,6,190,ElliDe02,DeShon Elliott,,D,DB,S,0.0,False
2018,LAC,6,191,CantDy00,Dylan Cantrell,,O,WR,WR,0.0,False
2018,LA,6,192,DembJa00,Jamil Demby,,O,OL,T,0.0,False
2018,DAL,6,193,CoviCh01,Chris Covington,,D,LB,LB,0.0,False
2018,ATL,6,194,GageRu00,Russell Gage,,O,WR,WR,1.0,False
2018,LA,6,195,JoseSe00,Sebastian Joseph,,D,DL,DT,0.0,False
2018,KC,6,196,SmitTr04,Tremon Smith,,O,WR,WR,1.0,False
2018,WAS,6,197,DionSh00,Shaun Dion Hamilton,,D,LB,LB,3.0,False
2018,KC,6,198,McKeKa00,Kahlil McKenzie,,D,DL,DT,0.0,False
2018,TEN,6,199,FalkLu00,Luke Falk,00-0034412,O,QB,QB,0.0,False
2018,ATL,6,200,OluoFo00,Foyesade Oluokun,,D,DB,S,4.0,False
2018,NO,6,201,ScotBo02,Boston Scott,,O,RB,RB,0.0,False
2018,TB,6,202,CichJa00,Jack Cichy,,D,LB,LB,0.0,False
2018,JAX,6,203,LeexTa00,Tanner Lee,,O,QB,QB,0.0,False
2018,NYJ,6,204,CannTr00,Trenton Cannon,,O,RB,RB,2.0,False
2018,LA,6,205,YounTr00,Trevon Young,,D,DL,DE,0.0,False
2018,PHI,6,206,PryoMa00,Matt Pryor,,O,OL,T,0.0,False
2018,GB,6,207,St.BEq00,Equanimeous St.Brown,,O,WR,WR,2.0,False
2018,DAL,6,208,WilsCe01,Cedrick Wilson,,O,WR,WR,0.0,False
2018,MIA,6,209,ArmsCo00,Cornell Armstrong,,D,DB,CB,1.0,False
2018,NE,6,210,BerrBr00,Braxton Berrios,,O,WR,WR,0.0,False
2018,HOU,6,211,ThomJo05,Jordan Thomas,,O,TE,TE,2.0,False
2018,BAL,6,212,SenaGr00,Greg Senat,,O,OL,T,0.0,False
2018,MIN,6,213,GossCo00,Colby Gossett,,O,OL,G,1.0,False
2018,HOU,6,214,KalaPe00,Peter Kalambayi,,D,LB,LB,1.0,False
2018,BAL,6,215,BozeBr00,Bradley Bozeman,,O,OL,C,2.0,False
2018,OAK,6,216,VictAz00,Azeem Victor,,D,LB,LB,0.0,False
2018,DEN,6,217,BierKe00,Keishawn Bierria,,D,LB,LB,1.0,False
2018,MIN,6,218,ArunAd00,Ade Aruna,,D,DL,DE,0.0,False
2018,NE,7,219,EtliDa00,Danny Etling,,O,QB,QB,0.0,False
2018,SEA,7,220,McGoAl00,Alex McGough,,O,QB,QB,0.0,False
2018,IND,7,221,AdamMa00,Matthew Adams,,D,LB,LB,4.0,False
2018,HOU,7,222,KellJe01,Jermaine Kelly,,D,DB,CB,0.0,False
2018,SF,7,223,TaylJu00,Jullian Taylor,,D,DL,DT,0.0,False
2018,CHI,7,224,WimsJa00,Javon Wims,,O,WR,WR,0.0,False
2018,MIN,7,225,DownDe00,Devante Downs,,D,LB,LB,1.0,False
2018,DEN,7,226,WillDa010,David Williams,,O,RB,RB,0.0,False
2018,MIA,7,227,PoliQu00,Quentin Poling,,D,LB,LB,0.0,False
2018,OAK,7,228,AtemMa00,Marcell Ateman,,O,WR,WR,1.0,False
2018,MIA,7,229,SandJa00,Jason Sanders,,S,K,K,4.0,False
2018,JAX,7,230,JacoLe00,Leon Jacobs,,D,LB,LB,4.0,False
2018,LA,7,231,HowaTr00,Travin Howard,,D,LB,LB,0.0,False
2018,GB,7,232,LoonJa00,James Looney,,D,DL,DE,0.0,False
2018,PHI,7,233,MailJo00,Jordan Mailata,,O,OL,T,0.0,False
2018,CAR,7,234,SmitAn04,Andre Smith,,D,LB,LB,0.0,False
2018,IND,7,235,FranZa00,Zaire Franklin,,D,LB,LB,2.0,False
2018,DAL,7,236,ScarBo01,Bo Scarbrough,,O,RB,RB,0.0,False
2018,DET,7,237,BawdNi00,Nick Bawden,,O,RB,RB,0.0,False
2018,BAL,7,238,SielZa00,Zach Sieler,,D,DL,DE,0.0,False
2018,GB,7,239,BradHu00,Hunter Bradley,,S,LS,LS,1.0,False
2018,SF,7,240,JameRi00,Richie James,,O,WR,WR,2.0,False
2018,WAS,7,241,StroGr00,Greg Stroman,,D,DB,CB,2.0,False
2018,CAR,7,242,NortKe01,Kendrick Norton,,D,DL,DT,0.0,False
2018,NE,7,243,CrosKe00,Keion Crossen,,D,DB,CB,1.0,False
2018,LA,7,244,LawlJu00,Justin Lawler,,D,DL,DE,1.0,False
2018,NO,7,245,ClapWi00,Will Clapp,,O,OL,C,1.0,False
2018,PIT,7,246,FrazJo00,Joshua Frazier,,D,DL,DT,0.0,False
2018,JAX,7,247,CookLo00,Logan Cooke,,S,P,P,2.0,False
2018,GB,7,248,DonnKe00,Kendall Donnerson,,D,LB,LB,0.0,False
2018,CIN,7,249,WoodLo00,Logan Woodside,,O,QB,QB,0.0,False
2018,NE,7,250,IzzoRy00,Ryan Izzo,,O,TE,TE,0.0,False
2018,LAC,7,251,JackJu01,Justin Jackson,,O,RB,RB,3.0,False
2018,CIN,7,252,TaylRo01,Rod Taylor,,O,OL,G,0.0,False
2018,CIN,7,253,TateAu00,Auden Tate,,O,WR,WR,0.0,False
2018,ARI,7,254,CunnKo00,Korey Cunningham,,O,OL,T,2.0,False
2018,BUF,7,255,ProeAu00,Austin Proehl,,O,WR,WR,0.0,False
2018,WAS,7,256,QuinTr00,Trey Quinn,,O,WR,WR,1.0,False
2019,ARI,1,1,MurrKy00,Kyler Murray,00-0035752,O,QB,QB,0.0,False
2019,SF,1,2,BosaNi00,Nick Bosa,,D,DL,DE,0.0,False
2019,NYJ,1,3,WillQu00,Quinnen Williams,,D,DL,DT,0.0,False
2019,OAK,1,4,FerrCl00,Clelin Ferrell,,D,DL,DE,0.0,False
2019,TB,1,5,WhitDe02,Devin White,,D,LB,LB,0.0,False
2019,NYG,1,6,JoneDa05,Daniel Jones,00-0035710,O,QB,QB,0.0,False
2019,JAX,1,7,AlleJo03,Josh Allen,,D,LB,LB,0.0,False
2019,DET,1,8,HockTJ00,T.J. Hockenson,,O,TE,TE,0.0,False
2019,BUF,1,9,OlivEd00,Ed Oliver,,D,DL,DT,0.0,False
2019,PIT,1,10,BushDe01,Devin Bush,,D,LB,LB,0.0,False
2019,CIN,1,11,WillJo10,Jonah Williams,,O,OL,G,0.0,False
2019,GB,1,12,GaryRa00,Rashan Gary,,D,LB,LB,0.0,False
2019,MIA,1,13,WilkCh00,Christian Wilkins,,D,DL,DT,0.0,False
2019,ATL,1,14,LindCh00,Chris Lindstrom,,O,OL,G,0.0,False
2019,WAS,1,15,HaskDw00,Dwayne Haskins,00-0035232,O,QB,QB,0.0,False
2019,CAR,1,16,BurnBr00,Brian Burns,,D,DL,DE,0.0,False
2019,NYG,1,17,LawrDe03,Dexter Lawrence,,D,DL,DT,0.0,False
2019,MIN,1,18,BradGa00,Garrett Bradbury,,O,OL,C,0.0,False
2019,TEN,1,19,SimmJe01,Jeffery Simmons,,D,DL,DT,0.0,False
2019,DEN,1,20,FantNo00,Noah Fant,,O,TE,TE,0.0,False
2019,GB,1,21,SavaDa00,Darnell Savage,,D,DB,S,0.0,False
2019,PHI,1,22,DillAn00,Andre Dillard,,O,OL,T,0.0,False
2019,HOU,1,23,HowaTy00,Tytus Howard,,O,OL,T,0.0,False
2019,OAK,1,24,JacoJo01,Josh Jacobs,,O,RB,RB,0.0,False
2019,BAL,1,25,BrowMa04,Marquise Brown,,O,WR,WR,0.0,False
2019,WAS,1,26,SweaMo00,Montez Sweat,,D,DL,DE,0.0,False
2019,OAK,1,27,AbraJo01,Johnathan Abram,,D,DB,S,0.0,False
2019,LAC,1,28,TillJe00,Jerry Tillery,,D,DL,DT,0.0,False
2019,SEA,1,29,CollLJ00,L.J. Collier,,D,DL,DE,0.0,False
2019,NYG,1,30,BakeDe00,Deandre Baker,,D,DB,CB,0.0,False
2019,ATL,1,31,McGaKa00,Kaleb McGary,,O,OL,T,0.0,False
2019,NE,1,32,HarrNK00,N'Keal Harry,,O,WR,WR,0.0,False
2019,ARI,2,33,MurpBy00,Byron Murphy,,D,DB,CB,0.0,False
2019,IND,2,34,Ya-SRo00,Rock Ya-Sin,,D,DB,CB,0.0,False
2019,JAX,2,35,TaylJa02,Jawaan Taylor,,O,OL,T,0.0,False
2019,SF,2,36,SamuDe00,Deebo Samuel,,O,WR,WR,0.0,False
2019,CAR,2,37,LittGr01,Greg Little,,O,OL,T,0.0,False
2019,BUF,2,38,FordCo00,Cody Ford,,O,OL,T,0.0,False
2019,TB,2,39,BuntSe00,Sean Bunting,,D,DB,CB,0.0,False
2019,OAK,2,40,MullTr00,Trayvon Mullen,,D,DB,CB,0.0,False
2019,DEN,2,41,RisnDa00,Dalton Risner,,O,OL,T,0.0,False
2019,DEN,2,42,LockDr00,Drew Lock,00-0035704,O,QB,QB,0.0,False
2019,DET,2,43,TavaJa00,Jahlani Tavai,,D,LB,LB,0.0,False
2019,GB,2,44,JenkEl00,Elgton Jenkins,,O,OL,C,0.0,False
2019,NE,2,45,WillJo13,Joejuan Williams,,D,DB,CB,0.0,False
2019,CLE,2,46,WillGr00,Greedy Williams,,D,DB,CB,0.0,False
2019,SEA,2,47,BlaiMa01,Marquise Blair,,D,DB,S,0.0,False
2019,NO,2,48,McCoEr01,Erik McCoy,,O,OL,C,0.0,False
2019,IND,2,49,BanoBe00,Ben Banogu,,D,LB,LB,0.0,False
2019,MIN,2,50,SmitIr01,Irv Smith Jr.,,O,TE,TE,0.0,False
2019,TEN,2,51,BrowAJ00,A.J. Brown,,O,WR,WR,0.0,False
2019,CIN,2,52,SampDr00,Drew Sample,,O,TE,TE,0.0,False
2019,PHI,2,53,SandMi01,Miles Sanders,,O,RB,RB,0.0,False
2019,HOU,2,54,JohnLo01,Lonnie Johnson Jr.,,D,DB,CB,0.0,False
2019,HOU,2,55,SchaMa02,Max Scharping,,O,OL,T,0.0,False
2019,KC,2,56,HardMe00,Mecole Hardman,,O,WR,WR,0.0,False
2019,PHI,2,57,ArceJJ00,JJ Arcega-Whiteside,,O,WR,WR,0.0,False
2019,DAL,2,58,HillTr00,Trysten Hill,,D,DL,DT,0.0,False
2019,IND,2,59,CampPa00,Parris Campbell,,O,WR,WR,0.0,False
2019,LAC,2,60,AddeNa00,Nasir Adderley,,D,DB,S,0.0,False
2019,LA,2,61,RappTa00,Taylor Rapp,,D,DB,S,0.0,False
2019,ARI,2,62,IsabAn00,Andy Isabella,,O,WR,WR,0.0,False
2019,KC,2,63,ThorJu00,Juan Thornhill,,D,DB,S,0.0,False
2019,SEA,2,64,MetcDK00,D.K. Metcalf,,O,WR,WR,0.0,False
2019,ARI,3,65,AlleZa01,Zach Allen,,D,DL,DE,0.0,False
2019,PIT,3,66,JohnDi01,Diontae Johnson,,O,WR,WR,0.0,False
2019,SF,3,67,HurdJa00,Jalen Hurd,,O,WR,WR,0.0,False
2019,NYJ,3,68,PoliJa00,Jachai Polite,,D,LB,LB,0.0,False
2019,JAX,3,69,OlivJo00,Josh Oliver,,O,TE,TE,0.0,False
2019,LA,3,70,HendDa00,Darrell Henderson,,O,RB,RB,0.0,False
2019,DEN,3,71,JoneDr00,Dre'mont Jones,,D,DL,DT,0.0,False
2019,CIN,3,72,PratGe00,Germaine Pratt,,D,LB,LB,0.0,False
2019,CHI,3,73,MontDa01,David Montgomery,,O,RB,RB,0.0,False
2019,BUF,3,74,SingDe00,Devin Singletary,,O,RB,RB,0.0,False
2019,GB,3,75,SterJa00,Jace Sternberger,,O,TE,TE,0.0,False
2019,WAS,3,76,McLaTe00,Terry McLaurin,,O,WR,WR,0.0,False
2019,NE,3,77,WinoCh00,Chase Winovich,,D,DL,DE,0.0,False
2019,MIA,3,78,DeitMi00,Michael Deiter,,O,OL,G,0.0,False
2019,LA,3,79,LongDa03,David Long,,D,DB,CB,0.0,False
2019,CLE,3,80,TakiSi00,Sione Takitaki,,D,LB,LB,0.0,False
2019,DET,3,81,HarrWi02,Will Harris,,D,DB,S,0.0,False
2019,TEN,3,82,DaviNa01,Nate Davis,,O,OL,G,0.0,False
2019,PIT,3,83,LaynJu00,Justin Layne,,D,DB,CB,0.0,False
2019,KC,3,84,SaunKh00,Khalen Saunders,,D,DL,DT,0.0,False
2019,BAL,3,85,FergJa03,Jaylon Ferguson,,D,DL,DE,0.0,False
2019,HOU,3,86,WarrKa00,Kahale Warring,,O,TE,TE,0.0,False
2019,NE,3,87,HarrDa06,Damien Harris,,O,RB,RB,0.0,False
2019,SEA,3,88,BartCo00,Cody Barton,,D,LB,LB,0.0,False
2019,IND,3,89,OkerBo00,Bobby Okereke,,D,LB,LB,0.0,False
2019,DAL,3,90,McGoCo01,Connor McGovern,,O,OL,G,0.0,False
2019,LAC,3,91,PipkTr01,Trey Pipkins,,O,OL,T,0.0,False
2019,NYJ,3,92,EdogCh00,Chuma Edoga,,O,OL,T,0.0,False
2019,BAL,3,93,BoykMi00,Miles Boykin,,O,WR,WR,0.0,False
2019,TB,3,94,DeanJa00,Jamel Dean,,D,DB,CB,0.0,False
2019,NYG,3,95,XimiOs00,Oshane Ximines,,D,DL,DE,0.0,False
2019,BUF,3,96,KnoxDa00,Dawson Knox,,O,TE,TE,0.0,False
2019,LA,3,97,EvanBo00,Bobby Evans,,O,OL,T,0.0,False
2019,TB,3,99,EdwaMi01,Mike Edwards,,D,DB,S,0.0,False
2019,CAR,3,100,GrieWi00,Will Grier,00-0035251,O,QB,QB,0.0,False
2019,NE,3,101,CajuYo00,Yodny Cajuste,,O,OL,T,0.0,False
2019,MIN,3,102,MattAl01,Alexander Mattison,,O,RB,RB,0.0,False
2019,ARI,4,103,ButlHa00,Hakeem Butler,,O,WR,WR,0.0,False
2019,CIN,4,104,FinlRy00,Ryan Finley,00-0035652,O,QB,QB,0.0,False
2019,NYJ,4,105,GardCh00,Chauncey Gardner-Johnson,,D,DB,S,0.0,False
2019,OAK,4,106,CrosMa00,Maxx Crosby,,D,DL,DE,0.0,False
2019,TB,4,107,NelsAn01,Anthony Nelson,,D,DL,DE,0.0,False
2019,NYG,4,108,LoveJu00,Julian Love,,D,DB,CB,0.0,False
2019,IND,4,109,WillKh00,Khari Willis,,D,DB,S,0.0,False
2019,SF,4,110,WishMi00,Mitch Wishnowsky,,S,P,P,0.0,False
2019,ATL,4,111,ShefKe00,Kendall Sheffield,,D,DB,CB,0.0,False
2019,WAS,4,112,LoveBr00,Bryce Love,,O,RB,RB,0.0,False
2019,BAL,4,113,HillJu00,Justice Hill,,O,RB,RB,0.0,False
2019,MIN,4,114,SamiDr00,Dru Samia,,O,OL,G,0.0,False
2019,CAR,4,115,MillCh04,Christian Miller,,D,LB,LB,0.0,False
2019,TEN,4,116,HookAm00,Amani Hooker,,D,DB,S,0.0,False
2019,DET,4,117,BryaAu00,Austin Bryant,,D,DL,DE,0.0,False
2019,NE,4,118,FrohHj00,Hjalte Froholdt,,O,OL,G,0.0,False
2019,CLE,4,119,RedwSh00,Sheldrick Redwine,,D,DB,S,0.0,False
2019,SEA,4,120,JennGa00,Gary Jennings Jr.,,O,WR,WR,0.0,False
2019,TEN,4,121,WescTr00,Trevon Wesco,,O,TE,TE,0.0,False
2019,PIT,4,122,SnelBe00,Benny Snell Jr.,,O,RB,RB,0.0,False
2019,BAL,4,123,PoweBe00,Ben Powers,,O,OL,G,0.0,False
2019,SEA,4,124,HaynPh00,Phil Haynes,,O,OL,G,0.0,False
2019,CIN,4,125,WrenRe00,Renell Wren,,D,DL,DT,0.0,False
2019,CHI,4,126,RidlRi00,Riley Ridley,,O,WR,WR,0.0,False
2019,BAL,4,127,MarsIm00,Iman Marshall,,D,DB,CB,0.0,False
2019,DAL,4,128,PollTo00,Tony Pollard,,O,RB,RB,0.0,False
2019,OAK,4,129,JohnIs02,Isaiah Johnson,,D,DB,CB,0.0,False
2019,LAC,4,130,TranDr00,Drue Tranquill,,D,LB,LB,0.0,False
2019,WAS,4,131,MartWe00,Wes Martin,,O,OL,G,0.0,False
2019,SEA,4,132,AmadUg00,Ugochukwu Amadi,,D,DB,S,0.0,False
2019,NE,4,133,StidJa00,Jarrett Stidham,,O,QB,QB,0.0,False
2019,LA,4,134,GainGr00,Greg Gaines,,D,DL,DT,0.0,False
2019,ATL,4,135,ComiJo00,John Cominsky,,D,DL,DE,0.0,False
2019,CIN,4,136,JordMi01,Michael Jordan,,O,OL,G,0.0,False
2019,OAK,4,137,MoreFo00,Foster Moreau,,O,TE,TE,0.0,False
2019,PHI,4,138,MillSh00,Shareef Miller,,D,DL,DE,0.0,False
2019,ARI,5,139,ThomDe06,Deionte Thompson,,D,DB,S,0.0,False
2019,JAX,5,140,ArmsRy00,Ryquell Armstead,,O,RB,RB,0.0,False
2019,PIT,5,141,GentZa00,Zach Gentry,,O,TE,TE,0.0,False
2019,SEA,5,142,BurrBe00,Ben Burr-Kirven,,D,LB,LB,0.0,False
2019,NYG,5,143,ConnRy00,Ryan Connelly,,D,LB,LB,0.0,False
2019,IND,5,144,TellMa00,Marvell Tell III,,D,DB,S,0.0,False
2019,TB,5,145,GayxMa00,Matt Gay,,S,K,K,0.0,False
2019,DET,5,146,OruwAm00,Amani Oruwariye,,D,DB,CB,0.0,False
2019,BUF,5,147,JoseVo00,Vosean Joseph,,D,LB,LB,0.0,False
2019,SF,5,148,GreeDr00,Dre Greenlaw,,D,LB,LB,0.0,False
2019,OAK,5,149,RenfHu00,Hunter Renfrow,,O,WR,WR,0.0,False
2019,GB,5,150,KekeKi00,Kingsley Keke,,D,DL,DT,0.0,False
2019,MIA,5,151,VanGAn00,Andrew Van Ginkel,,D,LB,LB,0.0,False
2019,ATL,5,152,OlliQa00,Qadree Ollison,,O,RB,RB,0.0,False
2019,WAS,5,153,PierRo00,Ross Pierschbacher,,O,OL,G,0.0,False
2019,CAR,5,154,ScarJo00,Jordan Scarlett,,O,RB,RB,0.0,False
2019,CLE,5,155,WilsMa03,Mack Wilson,,D,LB,LB,0.0,False
2019,DEN,5,156,HollJu00,Justin Hollins,,D,LB,LB,0.0,False
2019,NYJ,5,157,CashBl00,Blake Cashman,,D,LB,LB,0.0,False
2019,DAL,5,158,JackMi01,Michael Jackson,,D,DB,CB,0.0,False
2019,NE,5,159,CowaBy00,Byron Cowart,,D,DL,DT,0.0,False
2019,BAL,5,160,MackDa00,Daylon Mack,,D,DL,DT,0.0,False
2019,HOU,5,161,OmenCh00,Charles Omenihu,,D,DL,DE,0.0,False
2019,MIN,5,162,SmitCa01,Cameron Smith,,D,LB,LB,0.0,False
2019,NE,5,163,BailJa00,Jake Bailey,,S,P,P,0.0,False
2019,IND,5,164,SpeeEJ00,E.J. Speed,,D,LB,LB,0.0,False
2019,DAL,5,165,JackJo02,Joe Jackson,,D,DL,DE,0.0,False
2019,LAC,5,166,SticEa00,Easton Stick,,O,QB,QB,0.0,False
2019,PHI,5,167,ThorCl00,Clayton Thorson,,O,QB,QB,0.0,False
2019,TEN,5,168,WalkDA02,D'Andre Walker,,D,LB,LB,0.0,False
2019,LA,5,169,EdwaDa01,David Edwards,,O,OL,T,0.0,False
2019,CLE,5,170,SeibAu00,Austin Seibert,,S,K,K,0.0,False
2019,NYG,5,171,SlayDa01,Darius Slayton,,O,WR,WR,0.0,False
2019,ATL,5,172,MillJo05,Jordan Miller,,D,DB,CB,0.0,False
2019,WAS,5,173,HolcCo00,Cole Holcomb,,D,LB,LB,0.0,False
2019,ARI,6,174,JohnKe07,KeeSean Johnson,,O,WR,WR,0.0,False
2019,PIT,6,175,SmitSu00,Sutton Smith,,D,DL,DE,0.0,False
2019,SF,6,176,SmitKa00,Kaden Smith,,O,TE,TE,0.0,False
2019,NO,6,177,HampSa00,Saquan Hampton,,D,DB,S,0.0,False
2019,JAX,6,178,MinsGa00,Gardner Minshew,00-0035289,O,QB,QB,0.0,False
2019,ARI,6,179,GailLa00,Lamont Gaillard,,O,OL,C,0.0,False
2019,NYG,6,180,BallCo00,Corey Ballentine,,D,DB,CB,0.0,False
2019,BUF,6,181,JohnJa11,Jaquan Johnson,,D,DB,CB,0.0,False
2019,CIN,6,182,WillTr06,Trayveon Williams,,O,RB,RB,0.0,False
2019,SF,6,183,SkulJu00,Justin Skule,,O,OL,T,0.0,False
2019,DET,6,184,FulgTr00,Travis Fulgham,,O,WR,WR,0.0,False
2019,GB,6,185,HollKa00,Ka'dar Hollman,,D,DB,CB,0.0,False
2019,DET,6,186,JohnTy00,Ty Johnson,,O,RB,RB,0.0,False
2019,DEN,6,187,WinfJu00,Juwann Winfree,,O,WR,WR,0.0,False
2019,TEN,6,188,LongDa04,David Long Jr.,,D,LB,LB,0.0,False
2019,CLE,6,189,ForbDr00,Drew Forbes,,O,OL,T,0.0,False
2019,MIN,6,190,WattAr01,Armon Watts,,D,DL,DT,0.0,False
2019,MIN,6,191,EppsMa00,Marcus Epps,,D,DB,S,0.0,False
2019,PIT,6,192,BuggIs00,Isaiah Buggs,,D,DL,DT,0.0,False
2019,MIN,6,193,UdohOl00,Oli Udoh,,O,OL,T,0.0,False
2019,GB,6,194,WillDe07,Dexter Williams,,O,RB,RB,0.0,False
2019,HOU,6,195,CrawXa00,Xavier Crawford,,D,DB,CB,0.0,False
2019,NYJ,6,196,AustBl00,Blessuan Austin,,D,DB,CB,0.0,False
2019,BAL,6,197,McSoTr00,Trace McSorley,,O,QB,QB,0.0,False
2019,SF,6,198,HarrTi01,Tim Harris,,D,DB,CB,0.0,False
2019,IND,6,199,GreeGe00,Gerri Green,,D,DL,DE,0.0,False
2019,LAC,6,200,EgbuEm00,Emeke Egbule,,D,LB,LB,0.0,False
2019,KC,6,201,FentRa00,Rashad Fenton,,D,DB,CB,0.0,False
2019,MIA,6,202,PrinIs00,Isaiah Prince,,O,OL,T,0.0,False
2019,ATL,6,203,GreeMa02,Marcus Green,,O,WR,WR,0.0,False
2019,SEA,6,204,HomeTr00,Travis Homer,,O,RB,RB,0.0,False
2019,CHI,6,205,ShelDu00,Duke Shelley,,D,DB,CB,0.0,False
2019,WAS,6,206,HarmKe00,Kelvin Harmon,,O,WR,WR,0.0,False
2019,PIT,6,207,GilbUl00,Ulysees Gilbert III,,D,LB,LB,0.0,False
2019,TB,6,208,MillSc01,Scott Miller,,O,WR,WR,0.0,False
2019,SEA,6,209,ChriDe01,Demarcus Christmas,,D,DL,DT,0.0,False
2019,CIN,6,210,DaviDe01,Deshaun Davis,,D,LB,LB,0.0,False
2019,CIN,6,211,AndeRo02,Rodney Anderson,,O,RB,RB,0.0,False
2019,CAR,6,212,DaleDe00,Dennis Daley,,O,OL,T,0.0,False
2019,DAL,6,213,WilsDo01,Donovan Wilson,,D,DB,S,0.0,False
2019,KC,6,214,ThomDa06,Darwin Thompson,,O,RB,RB,0.0,False
2019,TB,7,215,BeckTe00,Terry Beckner,,D,DL,DT,0.0,False
2019,KC,7,216,AlleNi00,Nick Allegretti,,O,OL,G,0.0,False
2019,MIN,7,217,BoydKr00,Kris Boyd,,D,DB,CB,0.0,False
2019,DAL,7,218,WebeMi00,Mike Weber,,O,RB,RB,0.0,False
2019,PIT,7,219,GrayDe01,Derwin Gray,,O,OL,T,0.0,False
2019,HOU,7,220,GillCu00,Cullen Gillaspia,,O,RB,RB,0.0,False
2019,CLE,7,221,LewiDo00,Donnie Lewis Jr.,,D,DB,CB,0.0,False
2019,CHI,7,222,WhytKe00,Kerrith Whyte Jr.,,O,RB,RB,0.0,False
2019,CIN,7,223,BrowJo04,Jordan Brown,,D,DB,CB,0.0,False
2019,DET,7,224,NautIs00,Isaac Nauta,,O,TE,TE,0.0,False
2019,BUF,7,225,JohnDa10,Darryl Johnson Jr.,,D,DL,DE,0.0,False
2019,GB,7,226,SummTy00,Ty Summers,,D,LB,LB,0.0,False
2019,WAS,7,227,MoreJi00,Jimmy Moreland,,D,DB,CB,0.0,False
2019,BUF,7,228,SweeTo00,Tommy Sweeney,,O,TE,TE,0.0,False
2019,DET,7,229,JohnPJ00,P.J. Johnson,,D,DL,DE,0.0,False
2019,OAK,7,230,BellQu00,Quinton Bell,,D,DL,DE,0.0,False
2019,NO,7,231,MackAl00,AlizÃ© Mack,,O,TE,TE,0.0,False
2019,NYG,7,232,AsafGe00,George Asafo-Adjei,,O,OL,T,0.0,False
2019,MIA,7,233,CoxxCh01,Chandler Cox,,O,RB,RB,0.0,False
2019,MIA,7,234,GaskMy00,Myles Gaskin,,O,RB,RB,0.0,False
2019,JAX,7,235,RussDo00,Dontavius Russell,,D,DL,DT,0.0,False
2019,SEA,7,236,UrsuJo00,John Ursua,,O,WR,WR,0.0,False
2019,CAR,7,237,GodwTe00,Terry Godwin,,O,WR,WR,0.0,False
2019,CHI,7,238,DenmSt00,Stephen Denmark,,D,DB,CB,0.0,False
2019,MIN,7,239,MitcDi00,Dillon Mitchell,,O,WR,WR,0.0,False
2019,IND,7,240,BartJa00,Jackson Barton,,O,OL,T,0.0,False
2019,DAL,7,241,JelkJa00,Jalen Jelks,,D,DL,DE,0.0,False
2019,LAC,7,242,BrouCo00,Cortez Broughton,,D,DL,DT,0.0,False
2019,LA,7,243,ScotNi01,Nick Scott,,D,DB,S,0.0,False
2019,NO,7,244,ElliKa00,Kaden Elliss,,D,LB,LB,0.0,False
2019,NYG,7,245,SlayCh00,Chris Slayton,,D,DL,DT,0.0,False
2019,IND,7,246,PattJa00,Javon Patterson,,O,OL,C,0.0,False
2019,MIN,7,247,JohnOl00,Olabisi Johnson,,O,WR,WR,0.0,False
2019,ARI,7,248,MileJo00,Joshua Miles,,O,OL,T,0.0,False
2019,ARI,7,249,DogbMi00,Michael Dogbe,,D,DL,DE,0.0,False
2019,MIN,7,250,CuttAu00,Austin Cutting,,S,LS,LS,0.0,False
2019,LA,7,251,AlleDa01,Dakota Allen,,D,LB,LB,0.0,False
2019,NE,7,252,WebsKe00,Ken Webster,,D,DB,CB,0.0,False
2019,WAS,7,253,BraiJo00,Jordan Brailford,,D,DL,DE,0.0,False
2019,ARI,7,254,WilsCa00,Caleb Wilson,,O,TE,TE,0.0,False
2020,CIN,1,1,BurrJo01,Joe Burrow,00-0036442,O,QB,QB,0.0,False
2020,WAS,1,2,YounCh04,Chase Young,,D,DL,DE,0.0,False
2020,DET,1,3,OkudJe00,Jeff Okudah,,D,DB,CB,0.0,False
2020,NYG,1,4,ThomAn02,Andrew Thomas,,O,OL,T,0.0,False
2020,MIA,1,5,TagoTu00,Tua Tagovailoa,00-0036212,O,QB,QB,0.0,False
2020,LAC,1,6,HerbJu00,Justin Herbert,00-0036355,O,QB,QB,0.0,False
2020,CAR,1,7,BrowDe05,Derrick Brown,,D,DL,DT,0.0,False
2020,ARI,1,8,SimmIs00,Isaiah Simmons,,D,LB,LB,0.0,False
2020,JAX,1,9,HendCJ00,C.J. Henderson,,D,DB,CB,0.0,False
2020,CLE,1,10,WillJe04,Jedrick Wills Jr.,,O,OL,T,0.0,False
2020,NYJ,1,11,BectMe00,Mekhi Becton,,O,OL,T,0.0,False
2020,LV,1,12,RuggHe00,Henry Ruggs III,,O,WR,WR,0.0,False
2020,TB,1,13,WirfTr00,Tristan Wirfs,,O,OL,T,0.0,False
2020,SF,1,14,KinlJa00,Javon Kinlaw,,D,DL,DT,0.0,False
2020,DEN,1,15,JeudJe00,Jerry Jeudy,,O,WR,WR,0.0,False
2020,ATL,1,16,TerrAJ00,AJ Terrell,,D,DB,CB,0.0,False
2020,DAL,1,17,LambCe00,CeeDee Lamb,,O,WR,WR,0.0,False
2020,MIA,1,18,JackAu00,Austin Jackson,,O,OL,T,0.0,False
2020,LV,1,19,ArneDa00,Damon Arnette,,D,DB,CB,0.0,False
2020,JAX,1,20,ChaiKL00,K'Lavon Chaisson,,D,DL,DE,0.0,False
2020,PHI,1,21,ReagJa00,Jalen Reagor,,O,WR,WR,0.0,False
2020,MIN,1,22,JeffJu00,Justin Jefferson,,O,WR,WR,0.0,False
2020,LAC,1,23,MurrKe00,Kenneth Murray,,D,LB,LB,0.0,False
2020,NO,1,24,RuizCe00,Cesar Ruiz,,O,OL,C,0.0,False
2020,SF,1,25,AiyuBr00,Brandon Aiyuk,,O,WR,WR,0.0,False
2020,GB,1,26,LoveJo03,Jordan Love,,O,QB,QB,0.0,False
2020,SEA,1,27,BrooJo01,Jordyn Brooks,,D,LB,LB,0.0,False
2020,BAL,1,28,QueePa00,Patrick Queen,,D,LB,LB,0.0,False
2020,TEN,1,29,WilsIs00,Isaiah Wilson,,O,OL,T,0.0,False
2020,MIA,1,30,IgbiNo00,Noah Igbinoghene,,D,DB,CB,0.0,False
2020,MIN,1,31,GladJe00,Jeff Gladney,,D,DB,CB,0.0,False
2020,KC,1,32,EdwaCl00,Clyde Edwards-Helaire,,O,RB,RB,0.0,False
2020,CIN,2,33,HiggTe00,Tee Higgins,,O,WR,WR,0.0,False
2020,IND,2,34,PittMi01,Michael Pittman Jr.,,O,WR,WR,0.0,False
2020,DET,2,35,SwifDA00,D'Andre Swift,,O,RB,RB,0.0,False
2020,NYG,2,36,McKiXa00,Xavier McKinney,,D,DB,S,0.0,False
2020,NE,2,37,DuggKy00,Kyle Dugger,,D,DB,S,0.0,False
2020,CAR,2,38,GrosYe00,Yetur Gross-Matos,,D,DL,DE,0.0,False
2020,MIA,2,39,HuntRo01,Robert Hunt,,O,OL,G,0.0,False
2020,HOU,2,40,BlacRo00,Ross Blacklock,,D,DL,DT,0.0,False
2020,IND,2,41,TaylJo02,Jonathan Taylor,,O,RB,RB,0.0,False
2020,JAX,2,42,ShenLa00,Laviska Shenault Jr.,,O,WR,WR,0.0,False
2020,CHI,2,43,KmetCo00,Cole Kmet,,O,TE,TE,0.0,False
2020,CLE,2,44,DelpGr00,Grant Delpit,,D,DB,S,0.0,False
2020,TB,2,45,WinfAn00,Antoine Winfield Jr.,,D,DB,S,0.0,False
2020,DEN,2,46,HamlKJ00,KJ Hamler,,O,WR,WR,0.0,False
2020,ATL,2,47,DaviMa01,Marlon Davidson,,D,DL,DE,0.0,False
2020,SEA,2,48,TaylDa00,Darrell Taylor,,D,DL,DE,0.0,False
2020,PIT,2,49,ClayCh01,Chase Claypool,,O,WR,WR,0.0,False
2020,CHI,2,50,JohnJa13,Jaylon Johnson,,D,DB,CB,0.0,False
2020,DAL,2,51,DiggTr00,Trevon Diggs,,D,DB,CB,0.0,False
2020,LA,2,52,AkerCa00,Cam Akers,,O,RB,RB,0.0,False
2020,PHI,2,53,HurtJa00,Jalen Hurts,00-0036389,O,QB,QB,0.0,False
2020,BUF,2,54,EpenAJ00,A.J. Epenesa,,D,DL,DE,0.0,False
2020,BAL,2,55,DobbJK00,J.K. Dobbins,,O,RB,RB,0.0,False
2020,MIA,2,56,DaviRa03,Raekwon Davis,,D,DL,DT,0.0,False
2020,LA,2,57,JeffVa00,Van Jefferson,,O,WR,WR,0.0,False
2020,MIN,2,58,ClevEz00,Ezra Cleveland,,O,OL,T,0.0,False
2020,NYJ,2,59,MimsDe00,Denzel Mims,,O,WR,WR,0.0,False
2020,NE,2,60,UcheJo00,Josh Uche,,D,LB,LB,0.0,False
2020,TEN,2,61,FultKr00,Kristian Fulton,,D,DB,CB,0.0,False
2020,GB,2,62,DillAJ00,AJ Dillon,,O,RB,RB,0.0,False
2020,KC,2,63,GayJWi00,Willie Gay Jr.,,D,LB,LB,0.0,False
2020,CAR,2,64,ChinJe00,Jeremy Chinn,,D,DB,S,0.0,False
2020,CIN,3,65,WilsLo00,Logan Wilson,,D,LB,LB,0.0,False
2020,WAS,3,66,GibsAn00,Antonio Gibson,,O,RB,RB,0.0,False
2020,DET,3,67,OkwaJu00,Julian Okwara,,D,DL,DE,0.0,False
2020,NYJ,3,68,DaviAs00,Ashtyn Davis,,D,DB,S,0.0,False
2020,SEA,3,69,LewiDa05,Damien Lewis,,O,OL,G,0.0,False
2020,MIA,3,70,JoneBr06,Brandon Jones,,D,DB,S,0.0,False
2020,BAL,3,71,MaduJu00,Justin Madubuike,,D,DL,DT,0.0,False
2020,ARI,3,72,JoneJo07,Josh Jones,,O,OL,T,0.0,False
2020,JAX,3,73,HamiDa02,DaVon Hamilton,,D,DL,DT,0.0,False
2020,NO,3,74,BaunZa00,Zack Baun,,D,LB,LB,0.0,False
2020,DET,3,75,JackJo03,Jonah Jackson,,O,OL,G,0.0,False
2020,TB,3,76,VaugKe00,Ke'Shawn Vaughn,,O,RB,RB,0.0,False
2020,DEN,3,77,OjemMi00,Michael Ojemudia,,D,DB,CB,0.0,False
2020,ATL,3,78,HennMa00,Matt Hennessy,,O,OL,C,0.0,False
2020,NYJ,3,79,ZuniJa00,Jabari Zuniga,,D,DL,DE,0.0,False
2020,LV,3,80,BowdLy00,Lynn Bowden Jr.,,O,WR,WR,0.0,False
2020,LV,3,81,EdwaBr01,Bryan Edwards,,O,WR,WR,0.0,False
2020,DAL,3,82,GallNe00,Neville Gallimore,,D,DL,DT,0.0,False
2020,DEN,3,83,CushLl00,Lloyd Cushenberry III,,O,OL,C,0.0,False
2020,LA,3,84,LewiTe00,Terrell Lewis,,D,LB,LB,0.0,False
2020,IND,3,85,BlacJu01,Julian Blackmon,,D,DB,S,0.0,False
2020,BUF,3,86,MossZa00,Zack Moss,,O,RB,RB,0.0,False
2020,NE,3,87,JennAn00,Anfernee Jennings,,D,LB,LB,0.0,False
2020,CLE,3,88,ElliJo02,Jordan Elliott,,D,DL,DT,0.0,False
2020,MIN,3,89,DantCa00,Cameron Dantzler,,D,DB,CB,0.0,False
2020,HOU,3,90,GreeJo04,Jonathan Greenard,,D,DL,DE,0.0,False
2020,NE,3,91,AsiaDe00,Devin Asiasi,,O,TE,TE,0.0,False
2020,BAL,3,92,DuveDe00,Devin Duvernay,,O,WR,WR,0.0,False
2020,TEN,3,93,EvanDa02,Darrynton Evans,,O,RB,RB,0.0,False
2020,GB,3,94,DeguJo00,Josiah Deguara,,O,TE,TE,0.0,False
2020,DEN,3,95,AgimMc00,McTelvin Agim,,D,DL,DT,0.0,False
2020,KC,3,96,NianLu00,Lucas Niang,,O,OL,T,0.0,False
2020,CLE,3,97,PhilJa01,Jacob Phillips,,D,LB,LB,0.0,False
2020,BAL,3,98,HarrMa06,Malik Harrison,,D,LB,LB,0.0,False
2020,NYG,3,99,PearMa00,Matt Peart,,O,OL,T,0.0,False
2020,LV,3,100,MuseTa00,Tanner Muse,,D,DB,S,0.0,False
2020,NE,3,101,KeenDa00,Dalton Keene,,O,TE,TE,0.0,False
2020,PIT,3,102,HighAl02,Alex Highsmith,,D,LB,LB,0.0,False
2020,PHI,3,103,TaylDa01,Davion Taylor,,D,LB,LB,0.0,False
2020,LA,3,104,BurgTe00,Terrell Burgess,,D,DB,S,0.0,False
2020,NO,3,105,TrauAd00,Adam Trautman,,O,TE,TE,0.0,False
2020,BAL,3,106,PhilTy00,Tyre Phillips,,O,OL,T,0.0,False
2020,CIN,4,107,DaviAk01,Akeem Davis-Gaither,,D,LB,LB,0.0,False
2020,WAS,4,108,CharSa00,Saahdiq Charles,,O,OL,T,0.0,False
2020,LV,4,109,SimpJo00,John Simpson,,O,OL,G,0.0,False
2020,NYG,4,110,HolmDa01,Darnay Holmes,,D,DB,CB,0.0,False
2020,MIA,4,111,KindSo00,Solomon Kindley,,O,OL,G,0.0,False
2020,LAC,4,112,KellJo01,Joshua Kelley,,O,RB,RB,0.0,False
2020,CAR,4,113,PridTr00,Troy Pride Jr.,,D,DB,CB,0.0,False
2020,ARI,4,114,FotuLe00,Leki Fotu,,D,DL,DT,0.0,False
2020,CLE,4,115,BryaHa00,Harrison Bryant,,O,TE,TE,0.0,False
2020,JAX,4,116,BartBe00,Ben Bartch,,O,OL,G,0.0,False
2020,MIN,4,117,WonnDJ00,D.J. Wonnum,,D,DL,DE,0.0,False
2020,DEN,4,118,OkwuAl00,Albert Okwuegbunam,,O,TE,TE,0.0,False
2020,ATL,4,119,WalkMy00,Mykal Walker,,D,LB,LB,0.0,False
2020,NYJ,4,120,PeriLa00,La'Mical Perine,,O,RB,RB,0.0,False
2020,DET,4,121,StenLo00,Logan Stenberg,,O,OL,G,0.0,False
2020,IND,4,122,EasoJa00,Jacob Eason,,O,QB,QB,0.0,False
2020,DAL,4,123,RobiRe00,Reggie Robinson II,,D,DB,CB,0.0,False
2020,PIT,4,124,McFaAn00,Anthony McFarland Jr.,,O,RB,RB,0.0,False
2020,NYJ,4,125,MorgJa00,James Morgan,,O,QB,QB,0.0,False
2020,HOU,4,126,HeckCh00,Charlie Heck,,O,OL,T,0.0,False
2020,PHI,4,127,WallKV00,K'Von Wallace,,D,DB,S,0.0,False
2020,BUF,4,128,DaviGa01,Gabriel Davis,,O,WR,WR,0.0,False
2020,NYJ,4,129,ClarCa00,Cameron Clark,,O,OL,T,0.0,False
2020,MIN,4,130,LyncJa00,James Lynch,,D,DL,DT,0.0,False
2020,ARI,4,131,LawrRa01,Rashard Lawrence,,D,DL,DT,0.0,False
2020,MIN,4,132,DyexTr00,Troy Dye,,D,LB,LB,0.0,False
2020,SEA,4,133,ParkCo02,Colby Parkinson,,O,TE,TE,0.0,False
2020,ATL,4,134,HawkJa00,Jaylinn Hawkins,,D,DB,S,0.0,False
2020,PIT,4,135,DotsKe00,Kevin Dotson,,O,OL,G,0.0,False
2020,LA,4,136,HopkBr01,Brycen Hopkins,,O,TE,TE,0.0,False
2020,JAX,4,137,ScotJo00,Josiah Scott,,D,DB,CB,0.0,False
2020,KC,4,138,SneeLJ00,L'Jarius Sneed,,D,DB,S,0.0,False
2020,LV,4,139,RobeAm00,Amik Robertson,,D,DB,CB,0.0,False
2020,JAX,4,140,QuarSh00,Shaquille Quarterman,,D,LB,LB,0.0,False
2020,HOU,4,141,ReidJo00,John Reid,,D,DB,CB,0.0,False
2020,WAS,4,142,GandAn00,Antonio Gandy-Golden,,O,WR,WR,0.0,False
2020,BAL,4,143,BredBe00,Ben Bredeson,,O,OL,G,0.0,False
2020,SEA,4,144,DallDe00,DeeJay Dallas,,O,RB,RB,0.0,False
2020,PHI,4,145,DrisJa00,Jack Driscoll,,O,OL,G,0.0,False
2020,DAL,4,146,BiadTy00,Tyler Biadasz,,O,OL,C,0.0,False
2020,CIN,5,147,KareKh00,Khalid Kareem,,D,DL,DE,0.0,False
2020,SEA,5,148,RobiAl03,Alton Robinson,,D,DL,DE,0.0,False
2020,IND,5,149,PintDa00,Danny Pinter,,O,OL,G,0.0,False
2020,NYG,5,150,LemiSh00,Shane Lemieux,,O,OL,G,0.0,False
2020,LAC,5,151,ReedJo03,Joe Reed,,O,WR,WR,0.0,False
2020,CAR,5,152,RobiKe02,Kenny Robinson Jr.,,D,DB,S,0.0,False
2020,SF,5,153,McKiCo00,Colton McKivitz,,O,OL,T,0.0,False
2020,MIA,5,154,StroJa02,Jason Strowbridge,,D,DL,DE,0.0,False
2020,CHI,5,155,GipsTr00,Trevis Gipson,,D,DL,DE,0.0,False
2020,WAS,5,156,IsmaKe00,Keith Ismael,,O,OL,C,0.0,False
2020,JAX,5,157,ThomDa07,Daniel Thomas,,D,DB,S,0.0,False
2020,NYJ,5,158,HallBr02,Bryce Hall,,D,DB,CB,0.0,False
2020,NE,5,159,RohrJu00,Justin Rohrwasser,,S,K,K,0.0,False
2020,CLE,5,160,HarrNi01,Nick Harris,,O,OL,C,0.0,False
2020,TB,5,161,JohnTy00,Tyler Johnson,,O,WR,WR,0.0,False
2020,WAS,5,162,HudsKh00,Khaleke Hudson,,D,LB,LB,0.0,False
2020,CHI,5,163,VildKi00,Kindle Vildor,,D,DB,CB,0.0,False
2020,MIA,5,164,WeavCu00,Curtis Weaver,,D,DL,DE,0.0,False
2020,JAX,5,165,JohnCo01,Collin Johnson,,O,WR,WR,0.0,False
2020,DET,5,166,CephQu00,Quintez Cephus,,O,WR,WR,0.0,False
2020,BUF,5,167,FromJa00,Jake Fromm,,O,QB,QB,0.0,False
2020,PHI,5,168,HighJo00,John Hightower,,O,WR,WR,0.0,False
2020,MIN,5,169,HandHa00,Harrison Hand,,D,DB,CB,0.0,False
2020,BAL,5,170,WashBr01,Broderick Washington Jr.,,D,DL,DT,0.0,False
2020,HOU,5,171,CoulIs00,Isaiah Coulter,,O,WR,WR,0.0,False
2020,DET,5,172,HuntJa01,Jason Huntley,,O,RB,RB,0.0,False
2020,CHI,5,173,MoonDa00,Darnell Mooney,,O,WR,WR,0.0,False
2020,TEN,5,174,MurcLa00,Larrell Murchison,,D,DL,DT,0.0,False
2020,GB,5,175,MartKa01,Kamal Martin,,D,LB,LB,0.0,False
2020,MIN,5,176,OsboKJ00,K.J. Osborn,,O,WR,WR,0.0,False
2020,KC,5,177,DannMi00,Michael Danna,,D,DL,DE,0.0,False
2020,DEN,5,178,StrnJu00,Justin Strnad,,D,LB,LB,0.0,False
2020,DAL,5,179,AnaeBr00,Bradlee Anae,,D,DL,DE,0.0,False
2020,CIN,6,180,AdenHa00,Hakeem Adeniji,,O,OL,T,0.0,False
2020,DEN,6,181,MutiNe00,Netane Muti,,O,OL,G,0.0,False
2020,NE,6,182,OnweMi00,Michael Onwenu,,O,OL,G,0.0,False
2020,NYG,6,183,BrowCa01,Cam Brown,,D,LB,LB,0.0,False
2020,CAR,6,184,RoyxBr00,Bravvion Roy,,D,DL,DT,0.0,False
2020,MIA,6,185,FergBl00,Blake Ferguson,,S,LS,LS,0.0,False
2020,LAC,6,186,GilmAl00,Alohi Gilman,,D,DB,S,0.0,False
2020,CLE,6,187,PeopDo00,Donovan Peoples-Jones,,O,WR,WR,0.0,False
2020,BUF,6,188,BassTy00,Tyler Bass,,S,K,K,0.0,False
2020,JAX,6,189,LutoJa00,Jake Luton,00-0036312,O,QB,QB,0.0,False
2020,SF,6,190,WoerCh00,Charlie Woerner,,O,TE,TE,0.0,False
2020,NYJ,6,191,MannBr01,Braden Mann,,S,P,P,0.0,False
2020,GB,6,192,RunyJo00,Jon Runyan,,O,OL,T,0.0,False
2020,IND,6,193,WindRo01,Robert Windsor,,D,DL,DT,0.0,False
2020,TB,6,194,DaviKh00,Khalil Davis,,D,DL,DT,0.0,False
2020,NE,6,195,HerrJu00,Justin Herron,,O,OL,T,0.0,False
2020,PHI,6,196,BradSh00,Shaun Bradley,,D,LB,LB,0.0,False
2020,DET,6,197,PeniJo00,John Penisini,,D,DL,DT,0.0,False
2020,PIT,6,198,BrooAn00,Antoine Brooks Jr.,,D,DB,S,0.0,False
2020,LA,6,199,FullJo01,Jordan Fuller,,D,DB,S,0.0,False
2020,PHI,6,200,WatkQu00,Quez Watkins,,O,WR,WR,0.0,False
2020,BAL,6,201,ProcJa00,James Proche,,O,WR,WR,0.0,False
2020,ARI,6,202,WeavEv00,Evan Weaver,,D,LB,LB,0.0,False
2020,MIN,6,203,BranBl00,Blake Brandel,,O,OL,T,0.0,False
2020,NE,6,204,MaluCa00,Cassh Maluia,,D,LB,LB,0.0,False
2020,MIN,6,205,MeteJo00,Josh Metellus,,D,DB,S,0.0,False
2020,JAX,6,206,DaviTy02,Tyler Davis,,O,TE,TE,0.0,False
2020,BUF,6,207,HodgIs00,Isaiah Hodgins,,O,WR,WR,0.0,False
2020,GB,6,208,HansJa00,Jake Hanson,,O,OL,C,0.0,False
2020,GB,6,209,StepSi00,Simon Stepaniak,,O,OL,T,0.0,False
2020,PHI,6,210,WanoTe00,Prince Tega Wanogho,,O,OL,T,0.0,False
2020,IND,6,211,RodgIs00,Isaiah Rodgers,,D,DB,CB,0.0,False
2020,IND,6,212,PatmDe00,Dezmon Patmon,,O,WR,WR,0.0,False
2020,IND,6,213,GlasJo00,Jordan Glasgow,,D,LB,LB,0.0,False
2020,SEA,6,214,SwaiFr00,Freddie Swain,,O,WR,WR,0.0,False
2020,CIN,7,215,BailMa01,Markus Bailey,,D,LB,LB,0.0,False
2020,WAS,7,216,CurlKa00,Kamren Curl,,D,DB,S,0.0,False
2020,SF,7,217,JennJa00,Jauan Jennings,,O,WR,WR,0.0,False
2020,NYG,7,218,CougCa00,Carter Coughlin,,D,LB,LB,0.0,False
2020,BAL,7,219,StonGe00,Geno Stone,,D,DB,S,0.0,False
2020,LAC,7,220,HillKJ00,K.J. Hill,,O,WR,WR,0.0,False
2020,CAR,7,221,ThomSt00,Stantley Thomas-Oliver,,D,DB,CB,0.0,False
2020,ARI,7,222,BenjEn00,Eno Benjamin,,O,RB,RB,0.0,False
2020,JAX,7,223,ClayCh02,Chris Claybrooks,,D,DB,CB,0.0,False
2020,TEN,7,224,McDoCo00,Cole McDonald,,O,QB,QB,0.0,False
2020,MIN,7,225,WillKe06,Kenny Willekes,,D,DL,DE,0.0,False
2020,CHI,7,226,HambAr00,Arlington Hambright,,O,OL,T,0.0,False
2020,CHI,7,227,SimmLa00,Lachavious Simmons,,O,OL,G,0.0,False
2020,ATL,7,228,HofrSt00,Sterling Hofrichter,,S,P,P,0.0,False
2020,WAS,7,229,SmitJa08,James Smith-Williams,,D,DL,DE,0.0,False
2020,NE,7,230,WoodDu01,Dustin Woodard,,O,OL,C,0.0,False
2020,DAL,7,231,DiNuBe00,Ben DiNucci,00-0036384,O,QB,QB,0.0,False
2020,PIT,7,232,DaviCa03,Carlos Davis,,D,DL,DT,0.0,False
2020,PHI,7,233,ToohCa00,Casey Toohill,,D,DL,DE,0.0,False
2020,LA,7,234,JohnCl00,Clay Johnston,,D,LB,LB,0.0,False
2020,DET,7,235,CornJa01,Jashon Cornell,,D,DL,DT,0.0,False
2020,GB,7,236,ScotVe00,Vernon Scott,,D,DB,S,0.0,False
2020,KC,7,237,KeyeTh00,Thakarius Keyes,,D,DB,CB,0.0,False
2020,NYG,7,238,BrunTJ00,T.J. Brunson,,D,LB,LB,0.0,False
2020,BUF,7,239,JackDa02,Dane Jackson,,D,DB,CB,0.0,False
2020,NO,7,240,StevTo01,Tommy Stevens,,O,QB,QB,0.0,False
2020,TB,7,241,RussCh00,Chapelle Russell,,D,LB,LB,0.0,False
2020,GB,7,242,GarvJo00,Jonathan Garvin,,D,DL,DE,0.0,False
2020,TEN,7,243,JackCh01,Chris Jackson,,D,DB,S,0.0,False
2020,MIN,7,244,StanNa00,Nate Stanley,,O,QB,QB,0.0,False
2020,TB,7,245,CalaRa00,Raymond Calais,,O,RB,RB,0.0,False
2020,MIA,7,246,PerrMa00,Malcolm Perry,,O,RB,RB,0.0,False
2020,NYG,7,247,WillCh07,Chris Williamson,,D,DB,CB,0.0,False
2020,LA,7,248,SlomSa00,Sam Sloman,,S,K,K,0.0,False
2020,MIN,7,249,ColeBr01,Brian Cole II,,D,DB,S,0.0,False
2020,LA,7,250,AnchTr00,Tremayne Anchrum,,O,OL,G,0.0,False
2020,SEA,7,251,SullSt00,Stephen Sullivan,,O,TE,TE,0.0,False
2020,DEN,7,252,ClevTy00,Tyrie Cleveland,,O,WR,WR,0.0,False
2020,MIN,7,253,HintKy00,Kyle Hinton,,O,OL,G,0.0,False
2020,DEN,7,254,TuszDe00,Derrek Tuszka,,D,LB,LB,0.0,False
2020,NYG,7,255,CrowTa00,Tae Crowder,,D,LB,LB,0.0,False
