season,team,draft_round,pick,pfr_id,pfr_name,player_id,side,category,position,av4,in_sample,k_actual,k_real,surplus,k_observed,pct_paid
2011,CAR,1,1,NewtCa00,Cam Newton,00-0034577,O,QB,QB,63.0,True,22.025498,22.025498,6.180745068530847,True,1.0
2011,DEN,1,2,MillVo00,Von Miller,,D,LB,LB,46.0,True,20.125464,20.125464,-5.917730515337503,True,1.0
2011,BUF,1,3,DareMa00,Marcell Dareus,,D,DL,DT,40.0,True,20.407301000000004,20.407301000000004,-12.644786419005179,True,1.0
2011,CIN,1,4,GreeA.00,A.J. Green,,O,WR,WR,45.0,True,19.688098,19.688098,-5.789455901416986,True,1.0
2011,ARI,1,5,PetePa00,Patrick Peterson,,D,DB,DB,57.0,True,19.5027,19.5027,6.688815973561027,True,1.0
2011,ATL,1,6,JoneJu02,Julio Jones,,O,WR,WR,42.0,True,16.18375,16.18375,0.25072300307743234,True,1.0
2011,SF,1,7,SmitAl04,Aldon Smith,,D,DL,DE,26.0,True,14.384,13.147054,-11.10645556955182,True,0.9140054226918799
2011,TEN,1,8,LockJa00,Jake Locker,00-0027946,O,QB,QB,16.0,True,12.586002000000002,12.586002000000002,-16.4681537827649,True,1.0
2011,DAL,1,9,SmitTy00,Tyron Smith,,O,OL,T,44.0,True,13.496097999999998,13.496097999999998,9.184068353773846,True,1.0
2011,JAX,1,10,GabbBl00,Blaine Gabbert,00-0027948,O,QB,QB,8.0,True,12.001646,10.194527999999998,-22.960688547030674,True,0.8494274868630519
2011,HOU,1,11,WattJ.00,J.J. Watt,,D,DL,DE,67.0,True,11.237498000000002,12.237497999999997,38.010586745694695,True,1.0889877800200716
2011,MIN,1,12,PondCh00,Christian Ponder,00-0027950,O,QB,QB,23.0,True,10.158698,10.158698,-3.2064290865889085,True,1.0
2011,DET,1,13,FairNi00,Nick Fairley,,D,DL,DT,17.0,True,9.889,9.889,-8.51068820406687,True,1.0
2011,STL,1,14,QuinRo00,Robert Quinn,,D,DL,DE,37.0,True,9.436029,9.436029,12.657842683432811,True,1.0
2011,MIA,1,15,PounMi00,Mike Pouncey,,O,OL,G,31.0,True,9.259695,9.259695,7.112732125618663,True,1.0
2011,WAS,1,16,KerrRy00,Ryan Kerrigan,,D,DL,DE,31.0,True,8.720294000000003,8.720294000000003,8.504226789180382,True,1.0
2011,NE,1,17,SoldNa00,Nate Solder,,O,OL,T,37.0,True,8.540491999999999,8.540491999999999,14.96806264320685,True,1.0
2011,SD,1,18,LiugCo00,Corey Liuget,,D,DL,DT,28.0,True,8.315744,8.315744,6.547845852074033,True,1.0
2011,NYG,1,19,AmukPr00,Prince Amukamara,,D,DB,DB,14.0,True,8.180898,8.180898,-7.104291445775534,True,1.0
2011,TB,1,20,ClayAd00,Adrian Clayborn,,D,DL,DE,13.0,True,8.210166,8.210166,-8.179794208679429,True,1.0
2011,CLE,1,21,TaylPh00,Phil Taylor,,D,DL,DT,21.0,True,8.09325,8.09325,0.12181440918553932,True,1.0
2011,IND,1,22,CastAn00,Anthony Castonzo,,O,OL,T,30.0,True,8.001095999999997,8.001095999999997,9.35954440825093,True,1.0
2011,PHI,1,23,WatkDa00,Danny Watkins,,O,OL,G,9.0,True,7.934824999999999,3.8004000000000007,-11.469496059139946,True,0.4789519617634921
2011,NO,1,24,JordCa00,Cameron Jordan,,D,DL,DE,34.0,True,11.760320000000002,7.731400000000002,3.661860986949968,True,0.6574140839705043
2011,SEA,1,25,CarpJa00,James Carpenter,,O,OL,T,22.0,True,7.641502,7.641502,2.2871903192685394,True,1.0
2011,KC,1,26,BaldJo00,Jonathan Baldwin,,O,WR,WR,4.0,True,7.551602000000001,4.150801,-15.480894333421766,True,0.5496583373964888
2011,BAL,1,27,SmitJi03,Jimmy Smith,,D,DB,DB,13.0,True,7.4617,7.4617,-6.248973826705004,True,1.0
2011,NO,1,28,IngrMa01,Mark Ingram,,O,RB,RB,19.0,True,7.416750000000001,7.416750000000001,-0.13301615305015702,True,1.0
2011,CHI,1,29,CariGa00,Gabe Carimi,,O,OL,T,13.0,True,7.056046000000001,4.753023,-5.202506771114702,True,0.6736099793000214
2011,NYJ,1,30,WilkMu00,Muhammad Wilkerson,,D,DL,DT,42.0,True,6.875,6.875,24.264538234102563,True,1.0
2011,PIT,1,31,HeywCa01,Cameron Heyward,,D,DL,DE,18.0,True,6.705028,6.705028,0.7030156024331973,True,1.0
2011,GB,1,32,SherDe00,Derek Sherrod,,O,OL,T,3.0,True,6.602004,3.00091,-14.031213021134828,True,0.45454531684621824
2011,NE,2,33,DowlRa00,Ras-I Dowling,,D,DB,DB,1.0,True,5.304104999999999,2.270448,-12.683018389789877,True,0.4280548744792949
2011,BUF,2,34,WillAa00,Aaron Williams,,D,DB,DB,16.0,True,5.25915,7.816991999999998,2.4329521823826177,True,1.4863603434014998
2011,CIN,2,35,DaltAn00,Andy Dalton,00-0027973,O,QB,QB,48.0,True,5.214198,12.614198,34.54891501544453,True,2.4192019558904363
2011,SF,2,36,KaepCo00,Colin Kaepernick,00-0027974,O,QB,QB,36.0,True,5.124296,7.261283,22.780835522161283,True,1.4170303589019837
2011,CLE,2,37,SheaJa00,Jabaal Sheard,,D,DL,DE,29.0,True,5.09025,5.09025,15.868664108529538,True,1.0
2011,ARI,2,38,WillRy00,Ryan Williams,,O,RB,RB,1.0,True,5.007432,1.138053,-11.917690004557285,True,0.2272727817372258
2011,TEN,2,39,AyerAk00,Akeem Ayers,,D,LB,LB,22.0,True,4.926516,3.974751,9.29104928624262,True,0.8068076912771621
2011,DAL,2,40,CartBr00,Bruce Carter,,D,LB,LB,16.0,True,4.854598,4.854598,3.476576404683321,True,1.0
2011,WAS,2,41,JenkJa01,Jarvis Jenkins,,D,DL,DT,14.0,True,4.753585,3.716998,1.737159997317299,True,0.78193573902644
2011,HOU,2,42,ReedBr00,Brooks Reed,,D,LB,LB,26.0,True,4.701763999999999,4.701763999999999,13.87084281392393,True,1.0
2011,MIN,2,43,RudoKy00,Kyle Rudolph,,O,TE,TE,12.0,True,4.629851,5.929850999999999,0.056357033846978766,True,1.2807865739091817
2011,DET,2,44,YounTi00,Titus Young,,O,WR,WR,8.0,True,4.561321,1.748662,-3.766855883270555,True,0.3833674499119882
2011,DEN,2,45,MoorRa00,Rahim Moore,,D,DB,DB,19.0,True,4.448126,4.448126,7.5251536577608285,True,1.0
2011,DEN,2,46,FranOr00,Orlando Franklin,,O,OL,T,33.0,True,4.356,4.356,21.762811425127385,True,1.0
2011,STL,2,47,KendLa00,Lance Kendricks,,O,TE,TE,10.0,True,4.226105,4.226105,-0.9020979848971606,True,1.0
2011,OAK,2,48,WisnSt01,Stefen Wisniewski,,O,OL,C,26.0,True,4.135402,4.135402,15.331888864346794,True,1.0
2011,IND,2,49,IjalBe00,Ben Ijalana,,O,OL,T,0.0,True,4.045496,1.662203,-10.43618031012233,True,0.41087743010992966
2011,SD,2,50,GilcMa00,Marcus Gilchrist,,D,DB,DB,16.0,True,3.9556,3.9556,5.7957247183732505,True,1.0
2011,TB,2,51,BoweDa00,Da'Quan Bowers,,D,DL,DE,7.0,True,3.855636000000001,3.749663,-2.946397797995308,True,0.9725147809596132
2011,NYG,2,52,AustMa00,Marvin Austin,,D,DL,DT,2.0,True,3.775799,1.428136,-7.740442007303823,True,0.37823411680547614
2011,CHI,2,53,PaeaSt00,Stephen Paea,,D,DL,DT,19.0,True,3.685902,3.685902,9.491465600895289,True,1.0
2011,PHI,2,54,JarrJa00,Jaiquawn Jarrett,,D,DB,DB,5.0,True,3.5959940000000006,1.703818,-4.276598414166777,True,0.47381002304230757
2011,KC,2,55,HudsRo00,Rodney Hudson,,O,OL,C,17.0,True,3.5061,3.5061,7.955301454921745,True,1.0
2011,NE,2,56,VereSh00,Shane Vereen,,O,RB,RB,17.0,True,3.4611499999999995,3.4611499999999995,8.071259128576596,True,1.0
2011,DET,2,57,LeshMi00,Mikel Leshoure,,O,RB,RB,5.0,True,3.4341780000000006,1.405652,-3.8591611078234376,True,0.4093125050594348
2011,BAL,2,58,SmitTo02,Torrey Smith,,O,WR,WR,31.0,True,3.389232,3.389232,22.256786247017295,True,1.0
2011,CLE,2,59,LittGr00,Greg Little,,O,WR,WR,14.0,True,3.3275,2.686103,5.416036505305641,True,0.8072435762584523
2011,HOU,2,60,HarrBr00,Brandon Harris,,D,DB,DB,3.0,True,3.299326,3.074448,-5.5112829274518305,True,0.9318412306028564
2011,SD,2,61,MoutJo00,Jonas Mouton,,D,LB,LB,0.0,True,3.209502,0.741675,-8.27956363761038,True,0.2310872527887504
2011,MIA,2,62,ThomDa03,Daniel Thomas,,O,RB,RB,12.0,True,3.236387,2.775749,3.651081032996725,True,0.8576690612093052
2011,PIT,2,63,GilbMa00,Marcus Gilbert,,O,OL,T,22.0,True,3.227414,4.5923110000000005,13.674228712767693,True,1.4229073183669652
2011,GB,2,64,CobbRa00,Randall Cobb,,O,WR,WR,38.0,True,3.209421,3.209421,29.720645318375517,True,1.0
2011,CAR,3,65,McClTe00,Terrell McClain,,D,DL,DT,6.0,True,2.743304,2.202002,-1.0769110115248735,True,0.8026824588160845
2011,CIN,3,66,MochDo00,Dontay Moch,,D,LB,LB,0.0,True,2.737576,1.2023350000000002,-7.062134469707409,True,0.43919693918999886
2011,DEN,3,67,IrviNa00,Nate Irving,,D,LB,LB,9.0,True,2.7349999999999994,2.7349999999999994,1.9445108465848033,True,1.0
2011,BUF,3,68,ShepKe00,Kelvin Sheppard,,D,LB,LB,14.0,True,3.0000000000000004,2.481718,6.2608894112447535,True,0.8272393333333332
2011,ARI,3,69,HousRo01,Rob Housler,,O,TE,TE,9.0,True,3.645092,3.645092,-0.40325669806234465,True,1.0
2011,KC,3,70,HousJu00,Justin Houston,,D,LB,LB,41.0,True,3.547248,3.5472479999999997,31.849151814086376,True,0.9999999999999999
2011,DAL,3,71,MurrDe00,DeMarco Murray,,O,RB,RB,45.0,True,2.97344,3.623969,37.32940633699054,True,1.2187799316616446
2011,NO,3,72,WilsMa01,Martez Wilson,,D,LB,LB,3.0,True,2.696324,1.3313970000000002,-3.9557165397049667,True,0.49378227542387343
2011,NE,3,73,RidlSt00,Stevan Ridley,,O,RB,RB,24.0,True,2.9535,2.9535,16.380845625370462,True,1.0
2011,NE,3,74,MallRy00,Ryan Mallett,00-0028012,O,QB,QB,1.0,True,2.947828,1.446937,-6.604522296209732,True,0.49084851626349973
2011,SEA,3,75,MoffJo00,John Moffitt,,O,OL,G,7.0,True,2.6775,1.15875,0.09284379953594346,True,0.43277310924369744
2011,JAX,3,76,RackWi01,Will Rackley,,O,OL,G,8.0,True,2.914274,1.32467,0.48203707602196566,True,0.4545454545454546
2011,TEN,3,77,CaseJu00,Jurrell Casey,,D,DL,DT,33.0,True,2.732436,6.582436,25.951125206434657,True,2.408999149476877
2011,STL,3,78,PettAu00,Austin Pettis,,O,WR,WR,8.0,True,2.729416,1.878707,0.958915911094004,True,0.6883183069198685
2011,WAS,3,79,HankLe00,Leonard Hankerson,,O,WR,WR,9.0,True,2.712001,2.712001,2.0038414480617295,True,1.0
2011,SF,3,80,CullCh00,Chris Culliver,,D,DB,DB,11.0,True,2.638876,2.7201570000000004,4.192482268662637,True,1.0308013714930144
2011,OAK,3,81,VanDDe00,DeMarcus Van Dyke,,D,DB,DB,3.0,True,2.631376,0.967021,-3.7881699548654737,True,0.36749632131629995
2011,SD,3,82,BrowVi00,Vincent Brown,,O,WR,WR,9.0,True,2.626068,2.098039,2.2255231114695633,True,0.7989279028570471
2011,NYG,3,83,JernJe00,Jerrel Jernigan,,O,WR,WR,2.0,True,2.690252,2.690252,-4.940052579873326,True,1.0
2011,TB,3,84,FostMa00,Mason Foster,,D,LB,LB,23.0,True,3.460686,3.460686,14.072456111014322,True,1.0
2011,BAL,3,85,ReidJa00,Jah Reid,,O,OL,T,6.0,True,2.60324,2.60324,-0.7155874163570681,True,1.0
2011,KC,3,86,BailAl00,Allen Bailey,,D,DL,DE,11.0,True,2.670944,4.670944,4.109756335875903,True,1.748798926521859
2011,IND,3,87,NeviDr00,Drake Nevis,,D,DL,DT,4.0,True,2.589112,1.147203,-2.6791413648910902,True,0.4430874369281823
2011,NO,3,88,PatrJo00,Johnny Patrick,,D,DB,DB,4.0,True,2.72738,1.75469,-3.0358318125197608,True,0.6433610277995732
2011,SD,3,89,WrigSh00,Shareece Wright,,D,DB,DB,10.0,True,2.58414,2.58414,3.3336849210580066,True,1.0
2011,PHI,3,90,MarsCu01,Curtis Marsh,,D,DB,DB,1.0,True,2.68852,1.407936,-5.935584533360084,True,0.5236844062904498
2011,ATL,3,91,DentAk00,Akeem Dent,,D,LB,LB,14.0,True,2.7679,2.632175,6.8596386004614525,True,0.9509646302250805
2011,OAK,3,92,BarkJo00,Joe Barksdale,,O,OL,T,16.0,True,2.5798,2.092891,9.344880834376406,True,0.811260950461276
2011,CHI,3,93,ContCh00,Chris Conte,,D,DB,DB,19.0,True,2.6036,3.3796,12.283483890372281,True,1.2980488554309417
2011,NYJ,3,94,ElliKe01,Kenrick Ellis,,D,DL,DT,9.0,True,2.6225,2.6225,2.234727493663123,True,1.0
2011,PIT,3,95,BrowCu01,Curtis Brown,,D,DB,DB,2.0,True,2.5612,1.7859,-4.607136679973311,True,0.6972903326565673
2011,GB,3,96,GreeAl00,Alex Green,,O,RB,RB,5.0,True,2.5775,1.66,-1.6491858475055485,True,0.644034917555771
2011,CAR,3,97,FuaxSi00,Sione Fua,,D,DL,DT,5.0,True,2.546016,1.673596,-1.5679664615800908,True,0.6573391526211934
2011,CAR,4,98,HogaBr00,Brandon Hogan,,D,DB,DB,0.0,True,2.537028,0.499257,-6.54478008625618,True,0.19678813162487763
2011,SEA,4,99,WrigK.00,K.J. Wright,,D,LB,LB,33.0,True,2.526,4.312,26.483668884268084,True,1.7070467141726051
2011,BUF,4,100,SearDa00,Da'Norris Searcy,,D,DB,DB,13.0,True,2.524424,3.3104240000000003,6.4877344970307105,True,1.311358155365343
2011,CIN,4,101,BoliCl00,Clint Boling,,O,OL,G,21.0,True,2.521448,3.307448,14.495411694734756,True,1.3117256433604818
2011,CLE,4,102,CameJo00,Jordan Cameron,,O,TE,TE,11.0,True,2.5174,3.3033999999999994,4.505854334622516,True,1.3122269007706362
2011,ARI,4,103,AchoSa00,Sam Acho,,D,DL,DE,20.0,True,2.514428,3.300428,13.51352121351244,True,1.3125959462748584
2011,TB,4,104,StocLu00,Luke Stocker,,O,TE,TE,2.0,True,2.512688,2.512688,-4.48199010234608,True,1.0
2011,WAS,4,105,HeluRo00,Roy Helu,,O,RB,RB,13.0,True,2.510252,3.2962520000000004,6.52429405545199,True,1.3131159740137646
2011,MIN,4,106,BallCh00,Christian Ballard,,D,DL,DT,3.0,True,2.507552,1.058776,-3.468740745018131,True,0.4222349127754878
2011,SEA,4,107,DurhKr00,Kris Durham,,O,WR,WR,5.0,True,2.50426,1.745418,-1.4602483609987367,True,0.6969795468521639
2011,DEN,4,108,CartQu01,Quinton Carter,,D,DB,DB,5.0,True,2.495,1.680485,-1.4363603063147794,True,0.6735410821643286
2011,TEN,4,109,McCaCo00,Colin McCarthy,,D,LB,LB,11.0,True,2.4954,1.7365499999999998,4.562607812273387,True,0.6959004568405865
2011,DAL,4,110,ArkiDa00,David Arkin,,O,OL,G,0.0,True,2.5536,0.8595760000000001,-6.587530933148464,True,0.33661340852130334
2011,MIA,4,111,GateCl00,Clyde Gates,,O,WR,WR,3.0,True,2.493152,0.488288,-3.4315930141921056,True,0.1958516769134012
2011,STL,4,112,SalaGr00,Greg Salas,,O,WR,WR,3.0,True,2.491154,2.0695680000000003,-3.4264387665399942,True,0.8307667851927261
2011,OAK,4,113,ChekCh00,Chimdi Chekwa,,D,DB,DB,2.0,True,2.4852,2.1513,-4.411079211724845,True,0.8656446161274747
2011,JAX,4,114,ShorCe00,Cecil Shorts,,O,WR,WR,15.0,True,2.672146,3.363763,8.106655532233342,True,1.25882455524511
2011,SF,4,115,HuntKe00,Kendall Hunter,,O,RB,RB,11.0,True,2.47922,1.724415,4.604347415382073,True,0.6955473899048894
2011,PHI,4,116,MattCa00,Casey Matthews,,D,LB,LB,10.0,True,2.479864,2.479864,3.6026860863090207,True,1.0
2011,NYG,4,117,BrewJa00,James Brewer,,O,OL,T,4.0,True,2.477092,1.994069,-2.3901629755069687,True,0.8050040127698125
2011,KC,4,118,BrowJa00,Jalil Brown,,D,DB,DB,2.0,True,2.5293,1.30965,-4.524844137379548,True,0.5177914838097497
2011,IND,4,119,CartDe01,Delone Carter,,O,RB,RB,3.0,True,2.465204,1.150543,-3.3594954599472615,True,0.4667130996055499
2011,PHI,4,120,HeneAl00,Alex Henery,,S,K,K,8.0,True,2.490115,2.241257,1.5762415454272443,True,0.9000616437393455
2011,JAX,4,121,ProsCh00,Chris Prosinski,,D,DB,DB,6.0,True,2.640144,2.103628,-0.8107887954128756,True,0.7967853268609592
2011,BUF,4,122,HairCh00,Chris Hairston,,O,OL,T,10.0,True,2.455908,1.7969309999999998,3.6644854640637607,True,0.7316768380574517
2011,BAL,4,123,DossTa00,Tandon Doss,,O,WR,WR,4.0,True,2.45256,1.5686329999999995,-2.326877688519188,True,0.6395900609974882
2011,CLE,4,124,MareOw00,Owen Marecic,,O,RB,RB,0.0,True,2.448,1.043806,-6.31511424042428,True,0.42639133986928107
2011,OAK,4,125,JoneTa00,Taiwan Jones,,O,RB,RB,2.0,True,3.35,3.35,-6.642006824110023,True,1.0
2011,NYJ,4,126,PoweBi00,Bilal Powell,,O,RB,RB,9.0,True,2.4405,3.2265,2.7042335360476075,True,1.3220651505838967
2011,HOU,4,127,CarmRo00,Roc Carmichael,,D,DB,DB,1.0,True,2.437084,0.9878,-5.286954196695329,True,0.4053204567425661
2011,PIT,4,128,AlleCo00,Cortez Allen,,D,DB,DB,11.0,True,2.4315,3.7865,4.727450867813873,True,1.5572691754061279
2011,DEN,4,129,ThomJu00,Julius Thomas,,O,TE,TE,13.0,True,2.424,2.424,6.746798644285762,True,1.0
2011,TEN,4,130,HarpJa01,Jamie Harper,,O,RB,RB,0.0,True,2.42858,1.03429,-6.265016397879738,True,0.42588261453194864
2011,GB,4,131,HousDa00,Davon House,,D,DB,DB,6.0,True,2.34058,2.34058,-0.038002487276250996,True,1.0
2011,CAR,5,132,PilaKe00,Kealoha Pilares,,O,WR,WR,1.0,True,2.255512,0.947756,-4.818552267421507,True,0.420195503282625
2011,BUF,5,133,WhitJo01,Johnny White,,O,RB,RB,0.0,True,2.253612,0.428403,-5.813650830715295,True,0.19009616562212128
2011,CIN,5,134,SandRo00,Robert Sands,,D,DB,DB,0.0,True,2.252004,0.428001,-5.809502667439722,True,0.1900533924451289
2011,ARI,5,136,SherAn00,Anthony Sherman,,O,RB,RB,4.0,True,2.2469,2.64345,-1.7963358606247208,True,1.1764876051448663
2011,CLE,5,137,SkriBu00,Buster Skrine,,D,DB,DB,16.0,True,2.242,3.0280000000000005,10.216304686670247,True,1.3505798394290813
2011,NE,5,138,CannMa00,Marcus Cannon,,O,OL,T,10.0,True,2.338186,2.404852,3.968173322973576,True,1.02851184636295
2011,MIN,5,139,BurtBr00,Brandon Burton,,D,DB,DB,1.0,True,2.239,0.9395,-4.775956202740998,True,0.41960696739615905
2011,KC,5,140,MillGa00,Gabe Miller,,D,LB,LB,0.0,True,2.2385,0.098824,-5.774666350976206,True,0.044147420147420145
2011,GB,5,141,WillD.00,D.J. Williams,,O,TE,TE,1.0,True,2.238,1.036941,-4.7733764992114125,True,0.46333378016085786
2011,TEN,5,142,KlugKa00,Karl Klug,,D,DL,DT,9.0,True,2.234452,2.234452,3.2357762889115547,True,1.0
2011,DAL,5,143,ThomJo01,Josh Thomas,,D,DB,DB,7.0,True,2.2778,1.5490819999999998,1.1239513003111004,True,0.6800781455790674
2011,HOU,5,144,KeoxSh00,Shiloh Keo,,D,DB,DB,7.0,True,2.232,1.262647,1.2421017219660966,True,0.5657020609318997
2011,ATL,5,145,RodgJa00,Jacquizz Rodgers,,O,RB,RB,18.0,True,2.231,3.017,12.244681425495683,True,1.3523083818915285
2011,WAS,5,146,GomeDe00,DeJon Gomes,,D,DB,DB,5.0,True,2.2313,1.49065,-0.756092485563193,True,0.668063460762784
2011,JAX,5,147,IssaRo00,Rod Issac,,D,DB,DB,0.0,True,2.23116,0.347084,-5.755731327069051,True,0.15556212911669265
2011,OAK,5,148,MoorDe02,Denarius Moore,,O,WR,WR,16.0,True,2.230052,3.016052,10.247126984441728,True,1.3524581489579615
2011,PHI,5,149,LewiDi00,Dion Lewis,,O,RB,RB,2.0,True,2.22888,0.93444,-3.7498496030215973,True,0.41924195111446105
2011,CLE,5,150,PinkJa00,Jason Pinkston,,O,OL,T,10.0,True,2.228,1.536,4.252420536084437,True,0.689407540394973
2011,TB,5,151,BlacAh00,Ahmad Black,,D,DB,DB,3.0,True,2.22674,0.553235,-2.744329037468285,True,0.24845064982889786
2011,HOU,5,152,YateT.00,T.J. Yates,00-0028090,O,QB,QB,3.0,True,2.225,2.17875,-2.739840353326807,True,0.9792134831460674
2011,NYJ,5,153,KerlJe00,Jeremy Kerley,,O,WR,WR,18.0,True,2.22425,3.61025,12.26209442432038,True,1.6231313926042488
2011,SEA,5,154,SherRi00,Richard Sherman,,D,DB,DB,58.0,True,2.222424,5.208524,52.2668049629654,True,2.3436229990316875
2011,WAS,5,155,PaulNi00,Niles Paul,,O,WR,WR,5.0,True,2.221652,2.221652,-0.7312035059097566,True,1.0
2011,DET,5,157,HoguDo01,Doug Hogue,,D,LB,LB,2.0,True,2.218108,0.693056,-3.7220610366009064,True,0.3124536767371111
2011,STL,5,158,HineJe00,Jermale Hines,,D,DB,DB,0.0,True,2.216671,0.110294,-5.718354002628892,True,0.04975659446079279
2011,NE,5,159,SmitLe00,Lee Smith,,O,TE,TE,1.0,True,2.298282,2.126802,-4.928886187381861,True,0.9253877461512556
2011,PHI,5,161,VandJu00,Julian Vandervelde,,O,OL,G,1.0,True,2.2048,1.265024,-4.687730342029188,True,0.5737590711175616
2011,PIT,5,162,CartCh00,Chris Carter,,D,LB,LB,4.0,True,2.2028,1.668865,-1.682570934970018,True,0.7576107681133104
2011,SF,5,163,KilgDa00,Daniel Kilgore,,O,OL,G,5.0,True,2.2003,2.5378,-0.6761216761460549,True,1.1533881743398626
2011,BAL,5,164,BrowCh05,Chykie Brown,,D,DB,DB,5.0,True,2.18456,1.806949,-0.6355171425903858,True,0.8271455121397444
2011,BAL,5,165,McPhPe00,Pernell McPhee,,D,DL,DE,10.0,True,2.18456,2.18456,4.364482857409614,True,1.0
2011,CIN,6,167,WhalRy00,Ryan Whalen,,O,WR,WR,0.0,True,2.165114,1.4888339999999998,-5.585352227754075,True,0.687646932216964
2011,BUF,6,169,WhitCh03,Chris White,,D,LB,LB,4.0,True,2.1606,2.1003,-1.573707446021528,True,0.9720910858094972
2011,MIN,6,170,RaymMi00,Mistral Raymond,,D,DB,DB,4.0,True,2.157932,1.488449,-1.5668247970045952,True,0.6897571378523512
2011,MIN,6,172,FuscBr00,Brandon Fusco,,O,OL,C,16.0,True,2.154224,3.740224,10.442740743683107,True,1.7362279874330617
2011,SEA,6,173,MaxwBy00,Byron Maxwell,,D,DB,DB,11.0,True,2.153452,2.153452,5.444732274807946,True,1.0
2011,MIA,6,174,ClayCh00,Charles Clay,,O,TE,TE,14.0,True,2.152,2.938,8.448478004332904,True,1.3652416356877324
2011,TEN,6,175,StinBy00,Byron Stingily,,O,OL,T,4.0,True,2.1505,1.747875,-1.547652440372718,True,0.8127760985817252
2011,DAL,6,176,HarrDw00,Dwayne Harris,,O,WR,WR,6.0,True,2.18006,1.761176,0.37609152329274664,True,0.8078566644954726
2011,WAS,6,177,RoysEv00,Evan Royster,,O,RB,RB,4.0,True,2.147672,1.1523530000000002,-1.5403570387910515,True,0.5365591207595947
2011,WAS,6,178,RobiAl00,Aldrick Robinson,,O,WR,WR,5.0,True,2.1462,0.9,-0.5365597151955024,True,0.41934582051998887
2011,GB,6,179,SchlCa00,Caleb Schlauderaff,,O,OL,G,1.0,True,2.1458,0.93,-4.535527833783668,True,0.43340479075403116
2011,BAL,6,180,TaylTy00,Tyrod Taylor,00-0028118,O,QB,QB,1.0,True,2.145308,2.145308,-4.534258619647113,True,1.0
2011,OAK,6,181,GordRi00,Richard Gordon,,O,TE,TE,0.0,True,2.144852,1.1094849999999998,-5.533082274837622,True,0.5172781152265983
2011,SD,6,183,TodmJo00,Jordan Todman,,O,RB,RB,4.0,True,2.144072,1.322118,-1.5310701060845453,True,0.6166388069057382
2011,ARI,6,184,CartDa01,David Carter,,D,DL,DT,5.0,True,2.143864,0.891932,-0.530533527750392,True,0.41603945026363603
2011,NYG,6,185,JoneGr02,Greg Jones,,D,LB,LB,3.0,True,2.143788,0.582006,-2.5303374702821424,True,0.2714848669737866
2011,GB,6,186,SmitD.00,D.J. Smith,,D,LB,LB,6.0,True,2.143152,0.8915759999999999,0.47130322116267287,True,0.4160115568097829
2011,TB,6,187,BradAl00,Allen Bradford,,O,RB,RB,1.0,True,2.1381,0.567018,-4.515664116605864,True,0.2651971376455732
2011,IND,6,188,RuckCh00,Chris Rucker,,D,DB,DB,2.0,True,2.141672,0.400418,-3.5248788176135406,True,0.1869651375187237
2011,DEN,6,189,MohaMi00,Mike Mohamed,,D,LB,LB,4.0,True,2.14,1.0250819999999998,-1.5205655533120757,True,0.47901028037383164
2011,SF,6,190,JoneCo01,Colin Jones,,D,DB,DB,5.0,True,2.138895,2.051765,-0.517714980911884,True,0.9592640124924318
2011,PHI,6,191,KelcJa00,Jason Kelce,,O,OL,C,23.0,True,2.137432,4.090432,17.4860591253519,True,1.9137132783639432
2011,ATL,6,192,BoshMa00,Matthew Bosher,,S,K,K,8.0,True,2.1358,2.6358,2.4902692015121817,True,1.2341043168836032
2011,PHI,6,193,RollBr00,Brian Rolle,,D,LB,LB,6.0,True,2.1366,0.3991499999999999,0.4882054386885146,True,0.18681550126368993
2011,CHI,6,195,ThomJ.02,J.T. Thomas,,D,LB,LB,9.0,True,2.132516,1.538129,3.4987409479033404,True,0.7212743069688575
2011,PIT,6,196,WillKe04,Keith Williams,,O,OL,G,0.0,True,2.131,0.091765,-5.497348221545809,True,0.04306194274988269
2011,NYG,6,198,SashTy00,Tyler Sash,,D,DB,DB,1.0,True,2.11868,0.7595160000000001,-4.465566274061321,True,0.3584854720863935
2011,KC,6,199,PoweJe00,Jerrell Powe,,D,DL,DT,3.0,True,2.14368,1.597634,-2.5300588623009475,True,0.7452763472160024
2011,SD,6,201,SchiSt00,Stephen Schilling,,O,OL,G,5.0,True,2.11868,1.304059,-0.4655662740613211,True,0.6155054090282629
2011,NYG,6,202,WillJa02,Jacquian Williams,,D,LB,LB,14.0,True,2.11868,2.9046799999999995,8.53443372593868,True,1.3709857080823908
2011,DEN,7,204,GreeVi00,Virgil Green,,O,TE,TE,2.0,True,2.109,1.99756,-3.4405947438949376,True,0.9471597913703177
2011,SEA,7,205,LeviLa00,Lazarius Levingston,,D,DL,DL,0.0,True,2.1089,0.285883,-5.440336773541979,True,0.13556024467731992
2011,BUF,7,206,RogeJu00,Justin Rogers,,D,DB,DB,4.0,True,2.1075,1.021324,-1.4367251886005592,True,0.4846139976275207
2011,NYJ,7,208,McElGr00,Greg McElroy,00-0028146,O,QB,QB,1.0,True,2.105152,0.406288,-4.4306680447130935,True,0.19299699024108474
2011,SF,7,211,MillBr02,Bruce Miller,,D,DL,DE,6.0,True,2.10245,2.54895,0.5763023142238444,True,1.2123712811244025
2011,TEN,7,212,ClayZa00,Zach Clayton,,D,DL,DT,0.0,True,2.102252,0.390563,-5.423186904477297,True,0.1857831506403609
2011,WAS,7,213,ThomBr00,Brandyn Thompson,,D,DB,DB,1.0,True,2.100604,0.110294,-4.418935553060542,True,0.05250585069818014
2011,HOU,7,214,NewtDe00,Derek Newton,,O,OL,T,20.0,True,2.100256,2.886256000000001,14.581962183767754,True,1.3742400926363267
2011,MIN,7,215,ReedD'00,D'Aundre Reed,,D,DL,DE,0.0,True,2.100256,0.484454,-5.418037816232245,True,0.2306642618804565
2011,WAS,7,217,HurtMa00,Maurice Hurt,,O,OL,G,6.0,True,2.0994,0.707647,0.5841704099890794,True,0.3370710679241688
2011,GB,7,218,TaylRy00,Ryan Taylor,,O,TE,TE,0.0,True,2.099176,1.4393820000000002,-5.415251736420293,True,0.6856890513229954
2011,NE,7,219,WillMa01,Malcolm Williams,,D,DB,DB,0.0,True,2.112038,0.045,-5.448431883217817,True,0.021306434827403672
2011,DAL,7,220,ChapSh00,Shaun Chapas,,O,RB,RB,0.0,True,2.126852,0.192353,-5.486647611305091,True,0.09044023749654419
2011,NYG,7,221,ScotDa01,Da'Rel Scott,,O,RB,RB,1.0,True,2.095952,0.991859,-4.406934772240911,True,0.4732260089925724
2011,TB,7,222,GaitAn00,Anthony Gaitor,,D,DB,DB,1.0,True,2.093616,0.783513,-4.4009085847958005,True,0.3742391154824954
2011,WAS,7,224,WhitMa01,Markus White,,D,DL,DE,0.0,True,2.090884,0.4424269999999999,-5.393860834752974,True,0.2115980609158614
2011,BAL,7,225,AlleAn01,Anthony Allen,,O,RB,RB,1.0,True,2.090356,0.852589,-4.392498751289353,True,0.40786784643381324
2011,STL,7,228,WillJa12,Jabara Williams,,D,LB,LB,0.0,True,2.089094,0.220588,-5.389243165435016,True,0.10559027023197617
2011,STL,7,229,NelsJo01,Jonathan Nelson,,D,DB,DB,1.0,True,2.089094,0.044118,-4.389243165435016,True,0.021118245516956156
2011,ATL,7,230,MattCl01,Cliff Matthews,,D,DL,DE,3.0,True,2.087,1.7002499999999998,-2.3838412662440662,True,0.8146861523718254
2011,MIA,7,231,KearFr00,Frank Kearse,,D,DL,DT,5.0,True,2.08715,1.102941,-0.3842282217735029,True,0.528443571377237
2011,PIT,7,232,BatcBa00,Baron Batch,,O,RB,RB,1.0,True,2.086512,0.082059,-4.382582370921628,True,0.0393283144309738
2011,GB,7,233,GuyxLa00,Lawrence Guy,,D,DL,DT,4.0,True,2.0859,1.060588,-1.3810035923615223,True,0.5084558224267702
2011,SD,7,234,GachAn00,Andrew Gachkar,,D,LB,LB,8.0,True,2.0859,2.0859,2.6189964076384777,True,1.0
2011,MIA,7,235,WilsJi00,Jimmy Wilson,,D,DB,DB,9.0,True,2.0859,2.8719,3.6189964076384777,True,1.3768157629800086
2011,MIN,7,236,BurtSt00,Stephen Burton,,O,WR,WR,0.0,True,2.0859,1.210235,-5.381003592361522,True,0.5801979960688431
2011,PHI,7,237,LloyGr01,Greg Lloyd,,D,LB,LB,0.0,True,2.0699,0.054706,-5.339728335888161,True,0.026429296101260928
2011,SF,7,239,PersMi00,Michael Person,,O,OL,G,1.0,True,2.0859,1.134706,-4.381003592361522,True,0.5439886859389232
2011,PHI,7,240,HaviSt00,Stanley Havili,,O,RB,RB,1.0,True,2.0819,0.87,-4.370684778243182,True,0.41788750660454393
2011,OAK,7,241,AusbDa00,David Ausberry,,O,WR,WR,1.0,True,2.0859,1.519425,-4.381003592361522,True,0.728426578455343
2011,SEA,7,242,SmitMa02,Malcolm Smith,,D,LB,LB,14.0,True,2.0859,2.0859,8.618996407638477,True,1.0
2011,NO,7,243,BussNa00,Nate Bussey,,D,LB,LB,0.0,True,2.0859,0.0969,-5.381003592361522,True,0.04645476772616137
2011,CAR,7,244,ZiemLe00,Lee Ziemba,,O,OL,T,1.0,True,2.0859,0.386475,-4.381003592361522,True,0.18527973536602904
2011,CLE,7,248,HaggEr00,Eric Hagg,,D,DB,DB,3.0,True,2.0804,0.8602000000000001,-2.366815222948804,True,0.41347817727360126
2011,ARI,7,249,SampDe00,DeMarco Sampson,,O,WR,WR,0.0,True,2.0859,0.386475,-5.381003592361522,True,0.18527973536602904
2011,TEN,7,251,CampTo00,Tommie Campbell,,D,DB,DB,4.0,True,2.085869,1.7708930000000005,-1.380923621552105,True,0.8489953108272861
2011,DAL,7,252,NagyBi00,Bill Nagy,,O,OL,G,2.0,True,2.0859,0.310769,-3.3810035923615223,True,0.14898556977803346
2011,WAS,7,253,NeilCh00,Chris Neild,,D,DL,DT,2.0,True,2.0859,0.95295,-3.3810035923615223,True,0.456853156910686
2011,HOU,7,254,OzouCh00,Cheta Ozougwu,,D,DL,DE,1.0,True,2.0859,0.197647,-4.381003592361522,True,0.09475382328970708
2012,IND,1,1,LuckAn00,Andrew Luck,00-0029668,O,QB,QB,48.0,True,22.107997999999995,22.107997999999995,-9.032080472659914,True,1.0
2012,WAS,1,2,GrifRo01,Robert Griffin,00-0029665,O,QB,QB,33.0,True,21.119098,14.399384999999995,-21.481011652253244,True,0.6818181818181815
2012,CLE,1,3,RichTr00,Trent Richardson,,O,RB,RB,18.0,True,20.489796,7.144027,-34.857599061678286,True,0.3486626709216627
2012,MIN,1,4,KaliMa00,Matt Kalil,,O,OL,T,34.0,True,19.770598000000003,19.770598000000003,-17.002281442607767,True,1.0
2012,JAX,1,5,BlacJu00,Justin Blackmon,,O,WR,WR,9.0,True,18.51201,6.631390000000001,-38.75549753671433,True,0.3582209603387207
2012,DAL,1,6,ClaiMo00,Morris Claiborne,,D,DB,DB,13.0,True,16.264501999999997,16.264501999999997,-28.95759321634361,True,1.0
2012,TB,1,7,BarrMa00,Mark Barron,,D,DB,DB,18.0,True,14.466500000000002,9.183537,-19.319281110742587,True,0.6348140185946841
2012,MIA,1,8,TannRy00,Ryan Tannehill,00-0029701,O,QB,QB,45.0,True,12.668512000000002,13.510988999999997,12.318994879009033,True,1.0665016538643208
2012,CAR,1,9,KuecLu00,Luke Kuechly,,D,LB,LB,57.0,True,12.578601999999998,15.273337,24.550936023354033,True,1.2142316769383434
2012,BUF,1,10,GilmSt00,Stephon Gilmore,,D,DB,DB,20.0,True,12.08415,12.08415,-11.173524407035565,True,1.0
2012,KC,1,11,PoexDo00,Dontari Poe,,D,DL,DT,37.0,True,11.320004,11.320004,7.797745726282756,True,1.0
2012,PHI,1,12,CoxxFl00,Fletcher Cox,,D,DL,DT,38.0,True,10.241198,10.241198,11.580745372220317,True,1.0
2012,ARI,1,13,FloyMi00,Michael Floyd,,O,WR,WR,25.0,True,9.9715,9.9715,-0.7235137452576446,True,1.0
2012,STL,1,14,BrocMi00,Michael Brockers,,D,DL,DT,30.0,True,9.522,9.522,5.43606299129085,True,1.0
2012,SEA,1,15,IrviBr00,Bruce Irvin,,D,DL,DE,25.0,True,9.342197999999998,8.996566999999999,0.8998988453173133,True,0.9630032461311568
2012,NYJ,1,16,CoplQu00,Quinton Coples,,D,DL,DE,20.0,True,8.802798,6.536747999999999,-2.7086090708244974,True,0.7425761672595463
2012,CIN,1,17,KirkDr00,Dre Kirkpatrick,,D,DB,DB,13.0,True,8.622995999999999,8.622995999999999,-9.244773216798038,True,1.0
2012,SD,1,18,IngrMe00,Melvin Ingram,,D,DL,DE,15.0,True,8.398248,8.398248,-6.664990007930854,True,1.0
2012,CHI,1,19,McClSh00,Shea McClellin,,D,DL,DE,14.0,True,8.263398000000002,8.263398000000002,-7.317116986966312,True,1.0
2012,TEN,1,20,WrigKe01,Kendall Wright,,O,WR,WR,22.0,True,8.218452,8.218452,0.7988303678744266,True,1.0
2012,NE,1,21,JoneCh03,Chandler Jones,,D,DL,DE,33.0,True,8.173499,8.173499,11.914795780639864,True,1.0
2012,CLE,1,22,WeedBr00,Brandon Weeden,00-0029677,O,QB,QB,15.0,True,8.083596000000002,4.148691,-5.853281132939852,True,0.5132234465948075
2012,DET,1,23,ReifRi00,Riley Reiff,,O,OL,T,28.0,True,7.9937,7.9937,7.378623895555734,True,1.0
2012,PIT,1,24,DeCaDa00,David DeCastro,,O,OL,G,30.0,True,7.813898,7.813898,9.84245974958219,True,1.0
2012,NE,1,25,HighDo01,Dont'a Hightower,,D,LB,LB,28.0,True,7.724002,7.724002,8.074364778077772,True,1.0
2012,HOU,1,26,MercWh00,Whitney Mercilus,,D,DL,DE,25.0,True,7.634095999999999,8.184096000000002,5.30629560360865,True,1.072045203518531
2012,CIN,1,27,ZeitKe00,Kevin Zeitler,,O,OL,G,26.0,True,7.5442,7.5442,6.538200632104225,True,1.0
2012,GB,1,28,PerrNi00,Nick Perry,,D,DL,DE,10.0,True,7.49925,7.49925,-9.345841694240924,True,1.0
2012,MIN,1,29,SmitHa00,Harrison Smith,,D,DB,DB,26.0,True,7.138545999999999,7.138545999999999,7.584667687694537,True,1.0
2012,SF,1,30,JenkA.00,A.J. Jenkins,,O,WR,WR,2.0,True,6.947529000000001,2.990578,-15.922565083194716,True,0.43045203553666345
2012,TB,1,31,MartDo00,Doug Martin,,O,RB,RB,31.0,True,6.787527999999999,6.787527999999999,13.49019006124243,True,1.0
2012,NYG,1,32,WilsDa01,David Wilson,,O,RB,RB,5.0,True,6.684502000000001,2.7345690000000005,-12.24403340291854,True,0.4090909090909091
2012,STL,2,33,QuicBr00,Brian Quick,,O,WR,WR,8.0,True,5.386599,5.386599,-5.895828452759472,True,1.0
2012,IND,2,34,FleeCo00,Coby Fleener,,O,TE,TE,19.0,True,5.341648,5.341648,5.220131800598907,True,1.0
2012,BAL,2,35,UpshCo00,Courtney Upshaw,,D,LB,LB,23.0,True,5.296698,5.296698,9.336089474253756,True,1.0
2012,DEN,2,36,WolfDe00,Derek Wolfe,,D,DL,DT,27.0,True,5.206799,4.947971,13.568002241859926,True,0.9502903799436083
2012,CLE,2,37,SchwMi00,Mitchell Schwartz,,O,OL,T,24.0,True,5.17084,5.17084,10.660765801080275,True,1.0
2012,JAX,2,38,BranAn00,Andre Branch,,D,LB,LB,10.0,True,5.089934,5.089934,-3.1305207051551136,True,1.0
2012,STL,2,39,JenkJa03,Janoris Jenkins,,D,DB,DB,27.0,True,4.990319,4.990319,14.126456461944503,True,1.0
2012,CAR,2,40,SilaAm00,Amini Silatolu,,O,OL,G,14.0,True,4.937104,4.937104,1.2637353852713762,True,1.0
2012,BUF,2,41,GlenCo00,Cordy Glenn,,O,OL,G,29.0,True,4.8651800000000005,4.8651800000000005,16.44927798193325,True,1.0
2012,MIA,2,42,MartJo01,Jonathan Martin,,O,OL,T,15.0,True,4.784267,2.7821329999999995,2.65800953362257,True,0.5815170850623511
2012,NYJ,2,43,HillSt00,Stephen Hill,,O,WR,WR,4.0,True,4.712348,1.927779,-8.156460768233202,True,0.4090909669659371
2012,KC,2,44,AlleJe01,Jeff Allen,,O,OL,T,15.0,True,4.643822,4.643822,3.020315995835146,True,1.0
2012,CHI,2,45,JeffAl00,Alshon Jeffery,,O,WR,WR,33.0,True,4.54783,4.54783,21.267946897047075,True,1.0
2012,PHI,2,46,KendMy00,Mychal Kendricks,,D,LB,LB,25.0,True,4.444444,6.044444,13.534652126156761,True,1.3600000360000037
2012,SEA,2,47,WagnBo00,Bobby Wagner,,D,LB,LB,49.0,True,4.3078,5.9077980000000005,37.887153135253385,True,1.3714188216723153
2012,NE,2,48,WilsTa00,Tavon Wilson,,D,DB,DB,6.0,True,4.217896,4.217896,-4.880921198622797,True,1.0
2012,SD,2,49,ReyeKe00,Kendall Reyes,,D,DL,DT,23.0,True,4.127996,4.127996,12.3509941486869,True,1.0
2012,STL,2,50,PeadIs00,Isaiah Pead,,O,RB,RB,1.0,True,4.0381,1.618212,-9.417100822817519,True,0.40073598969812535
2012,GB,2,51,WortJe00,Jerel Worthy,,D,DL,DT,3.0,True,3.948203,1.683998,-7.185193214618408,True,0.42652264840485665
2012,TEN,2,52,BrowZa00,Zach Brown,,D,LB,LB,18.0,True,3.858298,3.858298,8.046735031208938,True,1.0
2012,CIN,2,53,StilDe00,Devon Still,,D,DL,DT,3.0,True,3.768402,2.07809,-6.721359940295482,True,0.551451251750742
2012,DET,2,54,BroyRy00,Ryan Broyles,,O,WR,WR,3.0,True,3.6785,2.508068,-6.489439433578724,True,0.6818181323909203
2012,ATL,2,55,KonzPe00,Peter Konz,,O,OL,C,17.0,True,3.5886,2.4467730000000003,7.742475913730976,True,0.6818182578164187
2012,PIT,2,56,AdamMi02,Mike Adams,,O,OL,T,11.0,True,3.5436500000000004,2.416125,1.8584335873858233,True,0.6818181818181818
2012,DEN,2,57,OsweBr00,Brock Osweiler,00-0029682,O,QB,QB,5.0,True,3.516678,3.5166779999999997,-4.071986649014207,True,0.9999999999999999
2012,TB,2,58,DaviLa00,Lavonte David,,D,LB,LB,38.0,True,3.471732,8.471732,29.043960705826528,True,2.4402033336674607
2012,PHI,2,59,CurrVi00,Vinny Curry,,D,DL,DE,6.0,True,3.3818320000000006,3.381832,-2.7241239468637772,True,0.9999999999999999
2012,BAL,2,60,OsemKe00,Kelechi Osemele,,O,OL,T,23.0,True,3.345870000000001,3.34587,14.36864735146716,True,0.9999999999999998
2012,SF,2,61,JameLa00,LaMichael James,,O,RB,RB,2.0,True,3.318898,1.592437,-6.561772884932868,True,0.4798089606851431
2012,GB,2,62,HaywCa00,Casey Hayward,,D,DB,DB,10.0,True,3.309912,3.309912,1.461408330983982,True,1.0
2012,NYG,2,63,RandRu00,Rueben Randle,,O,WR,WR,22.0,True,3.29193,3.29193,13.507796559852983,True,1.0
2012,IND,3,64,AlleDw00,Dwayne Allen,,O,TE,TE,8.0,True,3.080304,3.822304,0.05372889900495448,True,1.2408853152156412
2012,STL,3,65,JohnTr05,Trumaine Johnson,,D,DB,DB,18.0,True,3.040676,3.788176,10.155957390475352,True,1.2458334922892147
2012,MIN,3,66,RobiJo01,Josh Robinson,,D,DB,DB,9.0,True,3.015,3.7810000000000006,1.2221938583009786,True,1.2540630182421229
2012,DEN,3,67,HillRo00,Ronnie Hillman,,O,RB,RB,16.0,True,3.0008320000000004,3.0008320000000004,8.25874309790814,True,1.0
2012,HOU,3,68,PoseDe00,DeVier Posey,,O,WR,WR,2.0,True,2.962092,2.043069,-5.641319187355735,True,0.6897385361426991
2012,BUF,3,69,GrahT.00,T.J. Graham,,O,WR,WR,7.0,True,2.901252,1.6715079999999998,-0.48437002461577716,True,0.5761333382967077
2012,JAX,3,70,AngeBr00,Bryan Anger,,S,P,P,12.0,True,2.8771660000000003,2.8771660000000003,4.577764714597808,True,1.0
2012,WAS,3,71,LeRiJo00,Josh LeRibeus,,O,OL,G,8.0,True,2.856324,2.182243,0.6315308955614212,True,0.7640040135502836
2012,MIA,3,72,VernOl00,Olivier Vernon,,D,LB,LB,24.0,True,2.84808,3.68008,16.65279797145932,True,1.2921266256565827
2012,SD,3,73,TaylBr02,Brandon Taylor,,D,DB,DB,1.0,True,2.766376,0.550969,-6.13642993135946,True,0.19916634615106552
2012,KC,3,74,StepDo00,Donald Stephenson,,O,OL,T,13.0,True,2.803125,2.669007,5.7687685436318175,True,0.9521541137123746
2012,SEA,3,75,WilsRu00,Russell Wilson,00-0029263,O,QB,QB,70.0,True,2.9967739999999994,9.098123000000005,62.2692115348312,True,3.0359723489325545
2012,HOU,3,76,BrooBr00,Brandon Brooks,,O,OL,G,17.0,True,2.8,3.639436,9.776830117161772,True,1.2997985714285716
2012,NYJ,3,77,DaviDe00,Demario Davis,,D,LB,LB,29.0,True,2.81796,3.64996,21.730498641770424,True,1.2952490454087355
2012,MIA,3,78,EgneMi00,Michael Egnew,,O,TE,TE,0.0,True,2.776456,1.189478,-7.162433342937677,True,0.4284159374396713
2012,ARI,3,80,FlemJa00,Jamell Fleming,,D,DB,DB,5.0,True,2.731068,2.169753,-2.04534575913687,True,0.7944705148315604
2012,DAL,3,81,CrawTy00,Tyrone Crawford,,D,DL,DE,14.0,True,2.7402519999999995,4.096439,6.930962243647422,True,1.4949132415558866
2012,TEN,3,82,MartMi01,Mike Martin,,D,DL,DT,6.0,True,2.72756,2.7275599999999995,-1.0362961591550857,True,0.9999999999999999
2012,CIN,3,83,SanuMo00,Mohamed Sanu,,O,WR,WR,19.0,True,2.713252,3.575252,12.000614238946216,True,1.3176999408827488
2012,BAL,3,84,PierBe00,Bernard Pierce,,O,RB,RB,10.0,True,2.655944,2.5169580000000003,3.1484518888196797,True,0.9476698303879902
2012,DET,3,85,BentBi00,Bill Bentley,,D,DB,DB,3.0,True,2.709112,1.891834,-3.9887057884413,True,0.6983225499720941
2012,PIT,3,86,SpenSe00,Sean Spence,,D,LB,LB,7.0,True,2.70538,1.54269,0.02092166513111149,True,0.5702304297363032
2012,CLE,3,87,HughJo00,John Hughes,,D,DL,DT,9.0,True,2.64414,3.34414,2.1789027092829016,True,1.264736360404517
2012,PHI,3,88,FoleNi00,Nick Foles,00-0032792,O,QB,QB,23.0,True,2.76852,5.99464,15.85803918427311,True,2.165286868073917
2012,NO,3,89,HickAk00,Akiem Hicks,,D,DL,DE,18.0,True,2.6804,3.131763,11.085362659300147,True,1.168393896433368
2012,NE,3,90,BequJa00,Jake Bequette,,D,DL,DE,0.0,True,2.6548,1.1449,-6.848596930342475,True,0.43125659183365983
2012,ATL,3,91,HolmLa00,Lamar Holmes,,O,OL,T,10.0,True,2.6336,1.8402,3.2060927844847287,True,0.6987393681652492
2012,IND,3,92,HiltT.00,T.Y. Hilton,,O,WR,WR,38.0,True,2.6424,4.9774,31.18339139342438,True,1.8836663639115958
2012,CIN,3,93,ThomBr01,Brandon Thompson,,D,DL,DT,7.0,True,2.6362,2.6362,0.19938555530780722,True,1.0
2012,NYG,3,94,HoslJa00,Jayron Hosley,,D,DB,DB,7.0,True,2.6375,2.495808,0.1960319407193465,True,0.946277914691943
2012,OAK,3,95,BergTo00,Tony Bergstrom,,O,OL,T,3.0,True,2.606016,1.303008,-3.7227486733551958,True,0.5
2012,STL,4,96,GiveCh00,Chris Givens,,O,WR,WR,13.0,True,2.597028,2.991947,6.300437701968715,True,1.152065745921877
2012,MIA,4,97,MillLa01,Lamar Miller,,O,RB,RB,25.0,True,2.586,3.468,18.328886672492978,True,1.3410672853828307
2012,BAL,4,98,GradGi00,Gino Gradkowski,,O,OL,G,9.0,True,3.345318,3.345318,0.3700713478154949,True,1.0
2012,HOU,4,99,JoneBe01,Ben Jones,,O,OL,C,19.0,True,2.581448,3.463447999999999,12.340629482959649,True,1.341668706865294
2012,CLE,4,100,BenjTr00,Travis Benjamin,,O,WR,WR,14.0,True,2.577,2.577,7.352104004259244,True,1.0
2012,DEN,4,101,BoldOm00,Omar Bolden,,D,DB,DB,5.0,True,2.574428,2.574428,-1.6412609982626636,True,1.0
2012,WAS,4,102,CousKi00,Kirk Cousins,00-0029604,O,QB,QB,16.0,True,2.572688,2.572688,9.363227685878815,True,1.0
2012,CAR,4,103,AlexFr00,Frank Alexander,,D,DL,DE,6.0,True,2.570252,1.4573949999999998,-0.6304881563231151,True,0.5670241672800954
2012,CAR,4,104,AdamJo01,Joe Adams,,O,WR,WR,0.0,True,2.567552,0.506888,-6.623522956793236,True,0.19742073383518619
2012,BUF,4,105,BradNi00,Nigel Bradham,,D,LB,LB,19.0,True,2.56426,3.411022,12.384969427226158,True,1.3302169046820524
2012,SEA,4,106,TurbRo00,Robert Turbin,,O,RB,RB,13.0,True,2.556456,2.054107,6.405101433571041,True,0.803497889265452
2012,KC,4,107,WyliDe00,Devon Wylie,,O,WR,WR,0.0,True,2.6154,0.52185,-6.746956611276823,True,0.19952970864877265
2012,PIT,4,109,Ta'aAl00,Alameda Ta'amu,,D,DL,DT,3.0,True,2.565312,1.0499999999999998,-3.6177444208869654,True,0.40930693810343527
2012,SD,4,110,GreeLa00,Ladarius Green,,O,TE,TE,9.0,True,2.5509,2.5509,2.4194342663814155,True,1.0
2012,CHI,4,111,RodrEv00,Evan Rodriguez,,O,TE,TE,0.0,True,2.5452,0.794241,-6.56586142349995,True,0.31205445544554455
2012,ARI,4,112,MassBo00,Bobby Massie,,O,OL,T,22.0,True,2.54338,3.2439679999999997,15.438833636923896,True,1.2754554962294269
2012,DAL,4,113,WilbKy00,Kyle Wilber,,D,LB,LB,10.0,True,2.53922,2.53922,3.4495652036069693,True,1.0
2012,SEA,4,114,HowaJa00,Jaye Howard,,D,DL,DT,15.0,True,2.534864,2.208716,8.460802392181842,True,0.8713351091025002
2012,TEN,4,115,SensCo00,Coty Sensabaugh,,D,DB,DB,13.0,True,2.532092,3.414092,6.467953330365851,True,1.3483285757389543
2012,CIN,4,116,CharOr00,Orson Charles,,O,TE,TE,1.0,True,2.5293,1.08465,-5.524844137379548,True,0.428834064761001
2012,SF,4,117,LoonJo01,Joe Looney,,O,OL,G,5.0,True,2.525204,1.689661,-1.5142776717223665,True,0.6691186137832825
2012,MIN,4,118,WrigJa02,Jarius Wright,,O,WR,WR,17.0,True,2.520108,3.962108,10.498868497464398,True,1.572197699463674
2012,WAS,4,119,RobiKe01,Keenan Robinson,,D,LB,LB,13.0,True,2.520108,1.935081,6.498868497464398,True,0.7678563775838179
2012,CLE,4,120,JohnJa04,James-Michael Johnson,,D,LB,LB,11.0,True,2.515908,1.621624,4.509703252288656,True,0.6445482108248791
2012,HOU,4,121,MartKe01,Keshawn Martin,,O,WR,WR,7.0,True,2.51256,2.36817,0.518340099705707,True,0.9425327156366415
2012,NO,4,122,ToonNi00,Nick Toon,,O,WR,WR,3.0,True,2.507612,1.288218,-3.468895527229906,True,0.5137230161603948
2012,PHI,4,123,BoykBr00,Brandon Boykin,,D,DB,DB,9.0,True,2.505468,3.2861010000000004,2.5366353571375244,True,1.311571730311463
2012,BUF,4,124,BrooRo01,Ron Brooks,,D,DB,DB,4.0,True,2.50054,2.447482,-2.4506518638686803,True,0.9787813832212242
2012,DET,4,125,LewiRo02,Ronnell Lewis,,D,LB,LB,0.0,True,2.497088,0.489272,-6.441746727284553,True,0.19593702744957325
2012,HOU,4,126,CricJa00,Jared Crick,,D,DL,DE,21.0,True,2.4915,3.3734999999999995,14.572668656038768,True,1.3540036122817578
2012,NYG,4,127,RobiAd00,Adrien Robinson,,O,TE,TE,0.0,True,2.485652,1.7292389999999995,-6.412245237720217,True,0.6956882942584077
2012,MIN,4,128,ElliRh00,Rhett Ellison,,O,RB,RB,5.0,True,3.282584,3.282584,-3.468093530959516,True,1.0
2012,OAK,4,129,BurrMi00,Miles Burris,,D,LB,LB,14.0,True,2.400584,1.603237,7.807204982134526,True,0.6678529057929238
2012,BAL,4,130,ThomCh01,Christian Thompson,,D,DB,DB,0.0,True,2.400584,0.465146,-6.192795017865474,True,0.19376368417018527
2012,NYG,4,131,MoslBr00,Brandon Mosley,,O,OL,T,2.0,True,2.400584,1.200292,-4.192795017865474,True,0.5
2012,GB,4,132,DaniMi00,Mike Daniels,,D,DL,DT,20.0,True,2.400584,5.682584,13.807204982134525,True,2.367167322618163
2012,GB,4,133,McMiJe00,Jerron McMillian,,D,DB,DB,2.0,True,2.400584,0.465146,-4.192795017865474,True,0.19376368417018527
2012,IND,5,136,ChapJo00,Josh Chapman,,D,DL,NT,8.0,True,2.315512,1.007756,2.0266655208033884,True,0.4352195108468451
2012,DEN,5,137,JackMa02,Malik Jackson,,D,DL,DT,17.0,True,2.313612,3.195612,11.0315669575096,True,1.3812220890970484
2012,DET,5,138,WhitTa00,Tahir Whitehead,,D,LB,LB,14.0,True,2.312,2.312,8.035725439599291,True,1.0
2012,MIN,5,139,BlanRo00,Robert Blanton,,D,DB,DB,9.0,True,2.311052,3.193052,3.038170998545337,True,1.38164437667348
2012,TB,5,140,GoodNa00,Najee Goode,,D,LB,LB,3.0,True,2.3069,2.0079009999999995,-2.951118072399826,True,0.8703892669816634
2012,WAS,5,141,GettAd00,Adam Gettis,,O,OL,G,1.0,True,2.301972,0.702552,-4.9384052934060305,True,0.3051957191486256
2012,JAX,5,142,MarsBr01,Brandon Marshall,,D,LB,LB,16.0,True,2.3005,1.1541169999999998,10.06539203018952,True,0.5016809389263203
2012,CAR,5,143,NormJo01,Josh Norman,,D,DB,DB,24.0,True,2.299,3.181,18.069261585483897,True,1.3836450630709005
2012,TEN,5,145,ThomTa00,Taylor Thompson,,O,TE,TE,0.0,True,2.298,1.5885,-5.928158710986518,True,0.6912532637075718
2012,BUF,5,147,CardTa00,Tank Carder,,D,LB,LB,4.0,True,2.2928,2.1,-1.9147442526326754,True,0.915910676901605
2012,DET,5,148,GreeCh01,Chris Greenwood,,D,DB,DB,0.0,True,2.292,0.112941,-5.912680489809007,True,0.04927617801047121
2012,SD,5,149,TrouJo00,Johnnie Troutman,,O,OL,G,14.0,True,2.291752,0.995876,8.08795927666633,True,0.43454789174395836
2012,STL,5,150,WatkRo00,Rokevious Watkins,,O,OL,G,1.0,True,2.2913,0.579002,-4.910874697338298,True,0.252695849517741
2012,ARI,5,151,KeleSe00,Senio Kelemete,,O,OL,G,5.0,True,2.29116,1.51779,-0.9105135388441559,True,0.6624548263761587
2012,PHI,5,153,KellDe00,Dennis Kelly,,O,OL,T,8.0,True,2.28888,1.76166,2.0953681852032986,True,0.7696602705253225
2012,SEA,5,154,ToomKo00,Korey Toomer,,D,LB,LB,2.0,True,2.287252,0.522353,-3.900432057450537,True,0.22837579768210933
2012,MIA,5,155,KaddJo00,Josh Kaddu,,D,LB,LB,0.0,True,2.28674,0.3088229999999999,-5.89911124924339,True,0.13504945905524893
2012,CIN,5,156,PratSh00,Shaun Prater,,D,DB,DB,2.0,True,2.285,0.8082349999999999,-3.894622565101912,True,0.35371334792122533
2012,ATL,5,157,EwinBr00,Bradie Ewing,,O,RB,RB,0.0,True,2.284192,0.3478129999999999,-5.8925381646500075,True,0.15226959905296922
2012,OAK,5,158,CrawJa00,Jack Crawford,,D,DL,DE,4.0,True,2.282424,2.191212,-1.8879772488097002,True,0.9600372235833484
2012,PIT,5,159,RainCh00,Chris Rainey,,O,RB,RB,1.0,True,2.281652,0.57359,-4.885985717684861,True,0.2513924121645194
2012,CLE,5,160,MillRy00,Ryan Miller,,O,OL,G,0.0,True,2.278532,0.434633,-5.877937042672555,True,0.1907513258536637
2012,HOU,5,161,BullRa00,Randy Bullock,,S,K,K,5.0,True,2.278108,1.339348,-0.8768432483760114,True,0.5879212047892374
2012,NO,5,162,WhitCo01,Corey White,,D,DB,DB,11.0,True,2.2765,1.766493,5.127304914899561,True,0.7759688117724578
2012,GB,5,163,MannTe00,Terrell Manning,,D,LB,LB,0.0,True,2.27148,0.622752,-5.859744973381921,True,0.2741613397432511
2012,ATL,5,164,MassJo00,Jonathan Massaquoi,,D,DL,DE,6.0,True,2.26886,1.5666449999999998,0.14701384986559152,True,0.690498752677556
2012,SF,5,165,FlemDa00,Darius Fleming,,D,LB,LB,1.0,True,2.2648,0.3229419999999999,-4.842512553804293,True,0.14259184033910274
2012,CIN,5,166,JoneMa02,Marvin Jones,,O,WR,WR,18.0,True,2.2628,1.6521,12.162646853254877,True,0.7301131341700547
2012,CIN,5,167,IlokGe00,George Iloka,,D,DB,DB,18.0,True,2.2603,3.1423,12.16909611207884,True,1.3902136884484362
2012,OAK,5,168,CrinJu00,Juron Criner,,O,WR,WR,1.0,True,2.24456,0.94228,-4.790299354365491,True,0.41980610899240833
2012,BAL,5,169,JackAs00,Asa Jackson,,D,DB,DB,2.0,True,2.24456,1.3491619999999998,-3.790299354365491,True,0.6010808354421355
2012,IND,5,170,BallVi00,Vick Ballard,,O,RB,RB,5.0,True,2.24456,0.775692,-0.7902993543654908,True,0.3455875539081157
2012,STL,6,171,ZuerGr00,Greg Zuerlein,,S,K,K,9.0,True,2.275473,2.275473,3.129954270424446,True,1.0
2012,SEA,6,172,LaneJe00,Jeremy Lane,,D,DB,DB,6.0,True,2.225116,2.225116,0.2598604010637615,True,1.0
2012,WAS,6,173,MorrAl00,Alfred Morris,,O,RB,RB,30.0,True,2.2231,3.1051,24.265061083379404,True,1.3967432864018714
2012,TB,6,174,TandKe00,Keith Tandy,,D,DB,DB,6.0,True,2.2206,2.2206,0.2715103422033671,True,1.0
2012,MIN,6,175,WalsBl00,Blair Walsh,,S,K,K,14.0,True,2.217932,3.767932,8.2783929912203,True,1.6988491982621652
2012,JAX,6,176,HarrMi00,Mike Harris,,D,DB,DB,9.0,True,2.215788,1.229659,3.283923875587731,True,0.5549533619642313
2012,ARI,6,177,BethJu00,Justin Bethel,,D,DB,DB,11.0,True,2.214224,2.964224,5.287958531908002,True,1.338719117848962
2012,BUF,6,178,AspeMa00,Mark Asper,,O,OL,G,0.0,True,2.213452,0.3335289999999999,-5.710049936967159,True,0.1506827344798983
2012,NO,6,179,TillAn01,Andrew Tiller,,O,OL,G,3.0,True,2.212,0.464118,-2.7063042074422015,True,0.20981826401446652
2012,SF,6,180,RobiTr02,Trent Robinson,,D,DB,DB,6.0,True,2.2105,1.298213,0.29756534785217603,True,0.5872938249264872
2012,SEA,6,181,GuyxWi00,Winston Guy,,D,DB,DB,3.0,True,2.21006,1.649684,-2.701299582594806,True,0.7464430829932219
2012,KC,6,182,GrayCy00,Cyrus Gray,,O,RB,RB,1.0,True,2.232672,1.537254,-4.759631838805784,True,0.6885265726447951
2012,MIA,6,183,CunnB.00,B.J. Cunningham,,O,WR,WR,0.0,True,2.2062,0.0419999999999999,-5.691341926970607,True,0.01903725863475655
2012,CHI,6,184,FreyIs00,Isaiah Frey,,D,DB,DB,3.0,True,2.2058,0.7252940000000001,-2.690310045558773,True,0.32881222232296675
2012,ARI,6,185,LindRy00,Ryan Lindley,00-0029531,O,QB,QB,-4.0,True,2.205308,0.6898569999999999,-9.689040831422219,True,0.3128166224400401
2012,DAL,6,186,HannJa00,James Hanna,,O,TE,TE,3.0,True,2.204852,2.204852,-2.6878644866127264,True,1.0
2012,NYJ,6,187,BushJo00,Josh Bush,,D,DB,DB,3.0,True,2.20422,1.183287,-2.686234113982028,True,0.5368279935759589
2012,DEN,6,188,TrevDa00,Danny Trevathan,,D,LB,LB,21.0,True,2.204072,3.086072,15.31414768214035,True,1.4001684155508531
2012,OAK,6,189,BiluCh00,Christo Bilukidi,,D,DL,DE,1.0,True,2.203864,0.968711,-4.685315739525496,True,0.4395511701266503
2012,TEN,6,190,MartMa00,Markelle Martin,,D,DB,DB,1.0,True,2.203788,0.298947,-4.685119682057247,True,0.1356514328964492
2012,CIN,6,191,HerrDa00,Dan Herron,,O,RB,RB,5.0,True,2.203152,1.191882,-0.683478990612433,True,0.5409894551079544
2012,ATL,6,192,MitcCh01,Charles Mitchell,,D,DB,DB,1.0,True,2.201672,0.415418,-4.679661029388646,True,0.18868296458328035
2012,WAS,6,193,CompTo00,Tom Compton,,O,OL,T,7.0,True,2.2003,1.71,1.323878323853945,True,0.7771667499886379
2012,PHI,6,194,McNuMa00,Marvin McNutt,,O,WR,WR,0.0,True,2.198896,0.4535289999999999,-5.672499772390518,True,0.20625304698357716
2012,DET,6,196,GreeJo03,Jonte Green,,D,DB,DB,4.0,True,2.197,0.9185,-1.6676086544984248,True,0.41807009558488845
2012,NE,6,197,EbneNa00,Nate Ebner,,D,DB,DB,4.0,True,2.1966,2.1966,-1.6665767730865912,True,1.0
2012,BAL,6,198,StreTo00,Tommy Streeter,,O,WR,WR,0.0,True,2.194052,0.123529,-5.660003688493208,True,0.056301764953610944
2012,PHI,6,200,WashBr00,Brandon Washington,,O,OL,G,0.0,True,2.191,0.0854969999999999,-5.652130433320914,True,0.03902190780465537
2012,NYG,6,201,McCaMa00,Matt McCants,,O,OL,T,3.0,True,2.188232,1.485,-2.644989813951023,True,0.678630053851694
2012,NYJ,6,202,GanaTe00,Terrance Ganaway,,O,RB,RB,0.0,True,2.17868,0.39,-5.620348485836426,True,0.17900747241448953
2012,CLE,6,204,AchoEm00,Emmanuel Acho,,D,LB,LB,2.0,True,2.17868,0.477882,-3.620348485836426,True,0.21934474085225916
2012,CLE,6,205,WinnBi00,Billy Winn,,D,DL,DT,14.0,True,2.17868,3.0410100000000004,8.379651514163573,True,1.395803881249197
2012,IND,6,206,BrazLa00,LaVon Brazill,,O,WR,WR,3.0,True,2.17868,0.796399,-2.620348485836426,True,0.36554197954724876
2012,CAR,6,207,NortBr00,Brad Nortman,,S,P,P,8.0,True,2.17868,2.17868,2.379651514163574,True,1.0
2012,MIN,7,210,ColeAu00,Audie Cole,,D,LB,LB,5.0,True,2.1675,1.8241110000000005,-0.5915074003756642,True,0.8415737024221456
2012,TEN,7,211,SoloSc00,Scott Solomon,,D,DL,DE,2.0,True,2.166964,0.970035,-3.5901246792838073,True,0.4476470305921095
2012,TB,7,212,SmitMi01,Michael Smith,,O,RB,RB,0.0,True,2.165148,0.406287,-5.58543993767408,True,0.18764860416008514
2012,WAS,7,213,CrawRi00,Richard Crawford,,D,DB,DB,1.0,True,2.163732,0.405933,-4.581787077476188,True,0.1876077998569139
2012,MIA,7,215,RandKh00,Kheeston Randall,,D,DL,DT,1.0,True,2.162448,0.405612,-4.578474738144201,True,0.18757075314643404
2012,CAR,7,216,CampD.00,D.J. Campbell,,D,DB,DB,2.0,True,2.162248,0.405562,-3.577958797438284,True,0.18756497867034677
2012,WAS,7,217,BernJo00,Jordan Bernstine,,D,DB,DB,0.0,True,2.16182,0.295338,-5.576854684327621,True,0.13661544439407536
2012,KC,7,218,LongJe00,Jerome Long,,D,DL,DT,0.0,True,2.1756,2.1756,-5.612402998965305,True,1.0
2012,ARI,7,221,PottNa00,Nate Potter,,O,OL,T,3.0,True,2.159424,0.8997120000000001,-2.5706737146707352,True,0.4166444385169379
2012,DET,7,223,LewiTr00,Travis Lewis,,D,LB,LB,4.0,True,2.159172,2.046231,-1.5700236293812795,True,0.9476924487720294
2012,NE,7,224,DennAl00,Alfonzo Dennard,,D,DB,DB,8.0,True,2.157848,1.483386,2.433391898091891,True,0.6874376693817174
2012,SEA,7,225,SweeJ.00,J.R. Sweezy,,D,DL,DT,27.0,True,2.156848,3.038848,21.435971601621475,True,1.4089300683219217
2012,SD,7,226,MolkDa00,David Molk,,O,OL,C,3.0,True,2.155952,1.2334,-2.5617169840160168,True,0.5720906587901772
2012,MIA,7,227,MattRi00,Rishard Matthews,,O,WR,WR,10.0,True,2.153612,2.153612,4.444319522243213,True,1.0
2012,JAX,7,228,PendJe00,Jeris Pendleton,,D,DL,DT,0.0,True,2.151392,0.431083,-5.549953535921108,True,0.2003739904210855
2012,PHI,7,229,BrowBr02,Bryce Brown,,O,RB,RB,10.0,True,2.15088,1.581911,4.451367272286039,True,0.7354715279327532
2012,OAK,7,230,StupNa01,Nathan Stupar,,D,LB,LB,4.0,True,2.150352,1.270588,-1.5472706442503394,True,0.5908744242803039
2012,PIT,7,231,ClemTo00,Toney Clemons,,O,WR,WR,0.0,True,2.149824,0.1147059999999999,-5.545908560786719,True,0.053355995653597645
2012,SEA,7,232,ScruGr00,Greg Scruggs,,D,DL,DE,1.0,True,2.149432,0.810006,-4.544897317003121,True,0.376846534340235
2012,NE,7,235,EberJe00,Jeremy Ebert,,O,WR,WR,0.0,True,2.1482,0.129176,-5.541719122254673,True,0.0601322037054278
2012,BAL,7,236,TysoDe00,DeAngelo Tyson,,D,DL,DT,6.0,True,2.147592,1.475694,0.45984933749131507,True,0.6871388978912196
2012,SF,7,237,JohnCa01,Cam Johnson,,D,DL,DE,1.0,True,2.147148,0.97147,-4.539005274141549,True,0.4524466874197773
2012,KC,7,238,HemiJu00,Junior Hemingway,,O,WR,WR,2.0,True,2.161512,0.922941,-3.5760601356405095,True,0.4269886079744179
2012,NYG,7,239,KuhnMa00,Markus Kuhn,,D,DL,DT,6.0,True,2.145896,2.083425,0.4642245146774915,True,0.970888151149916
2012,PIT,7,240,PaulDa01,David Paulson,,O,TE,TE,1.0,True,2.145896,0.8929480000000001,-4.5357754853225085,True,0.416118954506649
2012,NYJ,7,242,AlleAn02,Antonio Allen,,D,DB,DB,9.0,True,2.145896,1.141765,3.4642245146774915,True,0.5320691217095329
2012,NYJ,7,244,WhitJo02,Jordan White,,O,WR,WR,0.0,True,2.145896,0.137647,-5.5357754853225085,True,0.06414430149457383
2012,CLE,7,245,WadeTr00,Trevin Wade,,D,DB,DB,3.0,True,2.145896,1.155886,-2.5357754853225085,True,0.5386495897284863
2012,PIT,7,246,FredTe00,Terrence Frederick,,D,DB,DB,1.0,True,2.145896,0.171176,-4.5357754853225085,True,0.07976901024094364
2012,CLE,7,247,SmelBr00,Brad Smelley,,O,TE,TE,0.0,True,2.145896,0.166059,-5.5357754853225085,True,0.077384458519891
2012,PIT,7,248,BeacKe00,Kelvin Beachum,,O,OL,T,19.0,True,2.145896,3.027896,13.464224514677491,True,1.41101712291742
2012,ATL,7,249,RobeTr00,Travian Robertson,,D,DL,DT,1.0,True,2.145896,0.926477,-4.5357754853225085,True,0.4317436632530188
2012,SD,7,250,BakeEd01,Edwin Baker,,O,RB,RB,1.0,True,2.145896,0.109271,-4.5357754853225085,True,0.05092092067835533
2012,BUF,7,251,PottJo00,John Potter,,S,K,K,0.0,True,2.145896,0.217945,-5.5357754853225085,True,0.10156363588915772
2012,STL,7,252,RichDa00,Daryl Richardson,,O,RB,RB,7.0,True,2.145896,0.8929480000000001,1.4642245146774915,True,0.416118954506649
2013,KC,1,1,FishEr00,Eric Fisher,,O,OL,T,29.0,True,22.190498000000005,21.984521,-28.24490601385071,True,0.9907177838009762
2013,JAX,1,2,JoecLu00,Luke Joeckel,,O,OL,T,18.0,True,21.201598,21.201598,-36.69383719344401,True,1.0
2013,MIA,1,3,JordDi00,Dion Jordan,,D,DL,DE,3.0,True,20.572298,8.212116000000002,-50.07042976227612,True,0.39918321229840253
2013,PHI,1,4,JohnLa01,Lane Johnson,,O,OL,T,23.0,True,19.853104,20.962556,-28.2151224620197,True,1.0558830498243499
2013,DET,1,5,AnsaEz00,Ezekiel Ansah,,D,DL,DE,32.0,True,18.594501999999995,18.594501999999995,-15.968302440276851,True,1.0
2013,CLE,1,6,MingBa00,Barkevious Mingo,,D,LB,LB,13.0,True,16.347002000000003,11.820683,-29.1704187575344,True,0.7231101458236806
2013,ARI,1,7,CoopJo01,Jonathan Cooper,,O,OL,G,7.0,True,14.549,7.274500000000001,-30.532106651933354,True,0.5000000000000001
2013,STL,1,8,AustTa00,Tavon Austin,,O,WR,WR,21.0,True,12.751001999999998,16.505113,-11.893804865146429,True,1.2944169407235606
2013,NYJ,1,9,MillDe00,Dee Milliner,,D,DB,DB,6.0,True,12.661101000000004,8.632569,-26.661886938133215,True,0.6818181925884642
2013,TEN,1,10,WarmCh00,Chance Warmack,,O,OL,G,20.0,True,12.166646000000002,12.166645999999997,-11.38633962941222,True,0.9999999999999996
2013,SD,1,11,FlukDJ00,D.J. Fluker,,O,OL,T,31.0,True,11.402498,11.402498,1.5849356633131642,True,1.0
2013,OAK,1,12,HaydDJ00,D.J. Hayden,,D,DB,DB,10.0,True,10.323698,10.323698,-16.63208016897045,True,1.0
2013,NYJ,1,13,RichSh00,Sheldon Richardson,,D,DL,DT,38.0,True,9.55547,9.55547,13.34972031415564,True,1.0
2013,CAR,1,14,LotuSt00,Star Lotulelei,,D,DL,DT,28.0,True,9.604500000000002,9.604500000000002,3.223237450100079,True,1.0
2013,NO,1,15,VaccKe00,Kenny Vaccaro,,D,DB,DB,19.0,True,9.027013,9.027013,-4.287017297710417,True,1.0
2013,BUF,1,16,ManuEJ00,EJ Manuel,00-0030526,O,QB,QB,10.0,True,8.885299999999999,8.885299999999999,-12.921439771422325,True,1.0
2013,PIT,1,17,JoneJa05,Jarvis Jones,,D,LB,LB,19.0,True,8.705502,8.705502,-3.4576142362099844,True,1.0
2013,SF,1,18,ReidEr00,Eric Reid,,D,DB,DB,24.0,True,8.480754,8.480754,2.122168972657203,True,1.0
2013,NYG,1,19,PughJu00,Justin Pugh,,O,OL,T,25.0,True,8.345898,8.345898,3.4700574718429245,True,1.0
2013,CHI,1,20,LongKy00,Kyle Long,,O,OL,G,35.0,True,8.300952,13.273794,13.586004826683656,True,1.5990688778829223
2013,CIN,1,21,EifeTy00,Tyler Eifert,,O,TE,TE,13.0,True,8.256000999999998,8.256000999999998,-8.29803491995796,True,1.0
2013,ATL,1,22,TrufDe00,Desmond Trufant,,D,DB,DB,23.0,True,8.166096,8.166096,1.9338933258693842,True,1.0
2013,MIN,1,23,FloySh00,Sharrif Floyd,,D,DL,DT,13.0,True,8.0762,8.0762,-7.834201645635037,True,1.0
2013,IND,1,24,WernBj00,Bjoern Werner,,D,DL,DE,10.0,True,7.896398,5.383907999999999,-10.370365791608581,True,0.681818216356369
2013,MIN,1,25,RhodXa00,Xavier Rhodes,,D,DB,DB,23.0,True,7.806501999999999,7.806501999999999,2.861539236887001,True,1.0
2013,GB,1,26,JoneDa03,Datone Jones,,D,DL,DE,10.0,True,7.7166000000000015,7.651510999999999,-9.906540256396244,True,0.9915650675167818
2013,HOU,1,27,HopkDe00,DeAndre Hopkins,,O,WR,WR,33.0,True,7.6267,7.6267,13.325375090913457,True,1.0
2013,DEN,1,28,WillSy00,Sylvester Williams,,D,DL,DT,24.0,True,7.581749999999999,7.581749999999999,4.441332764568308,True,1.0
2013,MIN,1,29,PattCo00,Cordarrelle Patterson,,O,WR,WR,19.0,True,7.221046,7.221046,0.3718421465037629,True,1.0
2013,STL,1,30,OgleAl00,Alec Ogletree,,D,LB,LB,33.0,True,7.030024000000001,7.030023999999999,14.864622274132163,True,0.9999999999999998
2013,DAL,1,31,FredTr00,Travis Frederick,,O,OL,C,41.0,True,6.870028,6.870028,23.277364520051663,True,1.0
2013,BAL,1,32,ElamMa00,Matt Elam,,D,DB,DB,12.0,True,6.767002,4.9093160000000005,-5.456858944109307,True,0.7254787275073955
2013,JAX,2,33,CyprJo00,Johnathan Cyprien,,D,DB,DB,23.0,True,5.469104,5.469104,8.891333107532112,True,1.0
2013,TEN,2,34,HuntJu00,Justin Hunter,,O,WR,WR,10.0,True,5.424148,4.254165,-3.9926937405918608,True,0.7843010552071958
2013,PHI,2,35,ErtzZa00,Zach Ertz,,O,TE,TE,22.0,True,5.379197999999999,6.979197999999999,8.12326393306299,True,1.2974421093999515
2013,DET,2,36,SlayDa00,Darius Slay,,D,DB,DB,18.0,True,5.289301999999999,8.213033,4.3551689615585705,True,1.5527631056044824
2013,CIN,2,37,BernGi00,Giovani Bernard,,O,RB,RB,31.0,True,5.25334,8.203340000000003,17.447940259889506,True,1.5615475107265098
2013,SD,2,38,TeoxMa00,Manti Te'o,,D,LB,LB,15.0,True,5.172428,5.172428,1.656669231875295,True,1.0
2013,NYJ,2,39,SmitGe00,Geno Smith,00-0030565,O,QB,QB,15.0,True,5.019602999999999,5.019602999999999,2.050912423784137,True,1.0
2013,SF,2,40,CarrCo00,Tank Carradine,,D,DL,DE,4.0,True,4.947679999999999,4.673102,-8.763547559257516,True,0.944503686576335
2013,BUF,2,41,WoodRo02,Robert Woods,,O,WR,WR,20.0,True,4.866769,4.866769,7.445178833024743,True,1.0
2013,OAK,2,42,WatsMe00,Menelik Watson,,O,OL,T,9.0,True,4.794851999999999,3.487165,-3.369296628238086,True,0.7272727083129992
2013,TB,2,43,BankJo00,Johnthan Banks,,D,DB,DB,13.0,True,4.726321,3.4223740000000005,0.807493034347905,True,0.7241095135095564
2013,CAR,2,44,ShorKa00,Kawann Short,,D,DL,DT,28.0,True,4.630336,4.630336,16.055105877635132,True,1.0
2013,ARI,2,45,MintKe00,Kevin Minter,,D,LB,LB,22.0,True,4.390298,4.390298,10.674332753469676,True,1.0
2013,BUF,2,46,AlonKi00,Kiko Alonso,,D,LB,LB,19.0,True,3.5466190000000006,2.569255,9.850774447606485,True,0.7244237399055268
2013,DAL,2,47,EscoGa00,Gavin Escobar,,O,TE,TE,2.0,True,4.210496,4.210496,-8.861831392503868,True,1.0
2013,PIT,2,48,BellLe00,Le'Veon Bell,,O,RB,RB,45.0,True,4.1206,3.848128,34.370073635991716,True,0.9338756491773044
2013,NYG,2,49,HankJo00,Johnathan Hankins,,D,DL,DT,19.0,True,4.030698,4.030698,8.60199414270847,True,1.0
2013,CHI,2,50,BostJo00,Jonathan Bostic,,D,LB,LB,8.0,True,3.940798,2.158354,-2.1660905099818315,True,0.5476946547374415
2013,WAS,2,51,AmerDa00,David Amerson,,D,DB,DB,19.0,True,3.850902,6.702499999999999,9.065814518513749,True,1.7405013163149825
2013,NE,2,52,CollJa00,Jamie Collins,,D,LB,LB,35.0,True,3.761002,3.050248,25.29772986582345,True,0.8110200419994459
2013,CIN,2,53,HuntMa00,Margus Hunt,,D,DL,DE,4.0,True,3.671100000000001,3.671100000000001,-5.470349627459797,True,1.0
2013,MIA,2,54,TaylJa01,Jamar Taylor,,D,DB,DB,9.0,True,3.62615,4.12185,-0.35439195380494404,True,1.136701460226411
2013,SF,2,55,McDoVa00,Vance McDonald,,O,TE,TE,6.0,True,3.599178,4.999178,-3.284812190204976,True,1.38897770546497
2013,BAL,2,56,BrowAr00,Arthur Brown,,D,LB,LB,3.0,True,3.5542319999999994,2.42334,-6.168864835364243,True,0.681818181818182
2013,HOU,2,57,SweaDJ00,D.J. Swearinger,,D,DB,DB,17.0,True,3.491298,3.2369060000000003,7.993486226566663,True,0.9271354092374814
2013,DEN,2,58,BallMo00,Montee Ball,,O,RB,RB,8.0,True,3.464326,1.4172250000000002,-0.9369340098333669,True,0.4090911190228634
2013,NE,2,59,DobsAa00,Aaron Dobson,,O,WR,WR,6.0,True,3.42837,2.337525,-2.844178189723607,True,0.6818181818181818
2013,ATL,2,60,AlfoRo00,Robert Alford,,D,DB,DB,17.0,True,3.401398,4.001398,8.225401573876363,True,1.1763980575045907
2013,GB,2,61,LacyEd00,Eddie Lacy,,O,RB,RB,36.0,True,3.392412,3.392412,27.24858278979321,True,1.0
2013,SEA,2,62,MichCh00,Christine Michael,,O,RB,RB,9.0,True,3.37443,1.761625,0.2949710186622134,True,0.5220511315985219
2013,KC,3,63,KelcTr00,Travis Kelce,,O,TE,TE,28.0,True,3.126304,5.012116,19.93506253664404,True,1.6032081333101322
2013,JAX,3,64,GratDw00,Dwayne Gratz,,D,DB,DB,10.0,True,3.100652,2.2553,2.001237091584956,True,0.7273631481378755
2013,DET,3,65,WarfLa00,Larry Warford,,O,OL,G,27.0,True,3.075,3.988,19.067411646525873,True,1.296910569105691
2013,OAK,3,66,MoorSi00,Sio Moore,,D,LB,LB,16.0,True,3.054002,2.177651,8.121580261240101,True,0.7130483215138693
2013,PHI,3,67,LogaBe00,Bennie Logan,,D,DL,DT,24.0,True,3.032432,3.947932,16.17722446637325,True,1.3019028951020173
2013,CLE,3,68,McFaLe00,Leon McFadden,,D,DB,DB,2.0,True,2.999332,1.218625,-5.737387346797482,True,0.40629880253336415
2013,ARI,3,69,MathTy00,Tyrann Mathieu,,D,DB,DB,21.0,True,3.0525000000000007,6.456853,13.125454975941537,True,2.1152671580671574
2013,TEN,3,70,WrehBl00,Blidi Wreh-Wilson,,D,DB,DB,6.0,True,2.937324,2.161056,-1.5774250903349705,True,0.7357227190463156
2013,STL,3,71,McDoTJ00,T.J. McDonald,,D,DB,DB,21.0,True,2.926278,3.867241,13.451070314852826,True,1.3215562567876327
2013,NYJ,3,72,WintBr00,Brian Winters,,O,OL,G,16.0,True,2.9038759999999995,3.866876,8.508860833322593,True,1.3316257305752728
2013,TB,3,73,GlenMi00,Mike Glennon,00-0030520,O,QB,QB,11.0,True,3.104063,3.100219,2.9924377228455423,True,0.9987616230727276
2013,DAL,3,74,WillTe01,Terrance Williams,,O,WR,WR,25.0,True,2.8969719999999994,3.850472,17.52667110649085,True,1.3291367676318586
2013,NO,3,75,ArmsTe00,Terron Armstead,,O,OL,T,23.0,True,2.867436,5.083436000000001,15.602865229940672,True,1.7728158536057999
2013,SD,3,76,AlleKe00,Keenan Allen,,O,WR,WR,22.0,True,2.8138,9.6948,14.741230208453498,True,3.4454474376288293
2013,MIA,3,77,ThomDa04,Dallas Thomas,,O,OL,T,12.0,True,2.833767155007624,5.260014928191745,4.689720868204557,False,1.8561916489492212
2013,BUF,3,78,GoodMa00,Marquise Goodwin,,O,WR,WR,6.0,True,2.853876,2.853876,-1.3621539901981548,True,1.0
2013,PIT,3,79,WheaMa00,Markus Wheaton,,O,WR,WR,13.0,True,2.811376,3.787376,5.747483409809211,True,1.3471609631724821
2013,DAL,3,80,WilcJ.00,J.J. Wilcox,,D,DB,DB,16.0,True,2.811068,3.782068,8.748277958496324,True,1.3454203171179069
2013,NYG,3,81,MoorDa01,Damontre Moore,,D,DL,DE,4.0,True,2.800252,1.668214,-3.2238199681276845,True,0.5957370979468991
2013,NO,3,82,JenkJo00,John Jenkins,,D,DL,DT,11.0,True,2.79256,2.228611,3.796023111421884,True,0.7980530409373477
2013,NE,3,83,RyanLo00,Logan Ryan,,D,DB,DB,18.0,True,2.773252,3.759252,10.845832027171113,True,1.355539273026757
2013,CIN,3,84,WillSh02,Shawn Williams,,D,DB,DB,11.0,True,2.760944,6.1259440000000005,3.8775830182132465,True,2.218786038398461
2013,WAS,3,85,ReedJo02,Jordan Reed,,O,TE,TE,20.0,True,2.76,5.332862,12.880018258345174,True,1.9321963768115946
2013,IND,3,86,ThorHu00,Hugh Thornton,,O,OL,G,17.0,True,2.73538,1.914035,9.943530559243559,True,0.6997327610788994
2013,SEA,3,87,HillJo01,Jordan Hill,,D,DL,DT,6.0,True,2.76414,2.1713400000000003,-1.1306617142673074,True,0.7855390826803275
2013,SF,3,88,LemoCo00,Corey Lemonier,,D,DL,DE,4.0,True,2.73352,1.952934,-3.051671192191413,True,0.714439257806784
2013,DEN,3,90,WebsKa00,Kayvon Webster,,D,DB,DB,5.0,True,2.7358,2.7358,-2.0575529162388664,True,1.0
2013,NE,3,91,HarmDu00,Duron Harmon,,D,DB,DB,8.0,True,2.7111,3.7011000000000007,1.0061657609418848,True,1.365165431005865
2013,STL,3,92,BailSt01,Stedman Bailey,,O,WR,WR,7.0,True,2.736102,1.708508,-0.05833198670480044,True,0.6244313991218163
2013,MIA,3,93,DaviWi02,Will Davis,,D,DB,DB,0.0,True,2.7012,1.688394,-6.968295174115223,True,0.6250533096401599
2013,BAL,3,94,WillBr02,Brandon Williams,,D,DL,DT,24.0,True,2.685,3.671,17.073496023064056,True,1.3672253258845437
2013,KC,3,96,DaviKn00,Knile Davis,,O,RB,RB,10.0,True,2.741016,2.271865,2.9289913501508176,True,0.8288404737513388
2013,TEN,3,97,GoodZa00,Zaviar Gooden,,D,LB,LB,3.0,True,2.681016,1.4050669999999998,-3.9162264380740774,True,0.5240800502496068
2013,PHI,4,98,BarkMa00,Matt Barkley,00-0030533,O,QB,QB,2.0,True,2.739528,1.769102,-5.067170050997159,True,0.6457689061765385
2013,KC,4,99,JohnNi00,Nico Johnson,,D,LB,LB,3.0,True,2.671,0.881206,-3.890388127521753,True,0.3299161362785474
2013,TB,4,100,SpenAk00,Akeem Spence,,D,DL,DT,14.0,True,2.644424,3.606012,7.1781700734805005,True,1.363628525531458
2013,JAX,4,101,SandAc00,Ace Sanders,,O,WR,WR,3.0,True,2.641448,1.024253,-3.814152728815455,True,0.3877619396633968
2013,NE,4,102,BoycJo00,Josh Boyce,,O,WR,WR,1.0,True,2.637,0.553368,-5.802678207515861,True,0.2098475540386803
2013,ARI,4,103,OkafAl00,Alex Okafor,,D,DL,DE,16.0,True,2.634428,3.534073999999999,9.20395678996223,True,1.3414957630271158
2013,MIA,4,104,JenkJe00,Jelani Jenkins,,D,LB,LB,16.0,True,2.632688,3.628688,9.20844547410371,True,1.3783205605829478
2013,BUF,4,105,WillDu00,Duke Williams,,D,DB,DB,8.0,True,2.630252,1.956807,1.214729631901779,True,0.7439617952956599
2013,MIA,4,106,SimsDi00,Dion Sims,,O,TE,TE,6.0,True,2.627552,3.623552,-0.7783051685683411,True,1.3790600528552812
2013,TEN,4,107,SchwBr00,Brian Schwenke,,O,OL,C,13.0,True,2.62426,3.62026,6.230187215451053,True,1.379535564311463
2013,GB,4,109,BakhDa00,David Bakhtiari,,O,OL,T,43.0,True,2.6154,5.8404,36.25304338872318,True,2.233080981876577
2013,NYG,4,110,NassRy00,Ryan Nassib,,O,QB,QB,0.0,True,2.6136,1.3068,-6.742313144923569,True,0.5
2013,PIT,4,111,ThomSh00,Shamarko Thomas,,D,DB,DB,4.0,True,2.613152,2.613152,-2.7411574377423156,True,1.0
2013,STL,4,113,JoneBa00,Barrett Jones,,O,OL,G,1.0,True,2.6052,1.1225999999999998,-5.720643635275055,True,0.430907415937356
2013,DAL,4,114,WebbBW00,B.W. Webb,,D,DB,DB,6.0,True,2.60338,1.955845,-0.7159485748512102,True,0.7512714240717836
2013,PIT,4,115,JoneLa02,Landry Jones,00-0030524,O,QB,QB,3.0,True,2.59922,1.994415,-3.7052170081681357,True,0.7673128861735444
2013,ARI,4,116,WatfEa00,Earl Watford,,O,OL,G,8.0,True,2.594864,2.081148,1.3060201804067368,True,0.8020258479827845
2013,CHI,4,117,GreeKh00,Khaseem Greene,,D,LB,LB,3.0,True,2.592092,1.116046,-3.6868288814092542,True,0.4305580203171801
2013,CIN,4,118,PortSe00,Sean Porter,,D,LB,LB,0.0,True,2.5893,0.72956,-6.679626349154653,True,0.28175954891283356
2013,WAS,4,119,ThomPh00,Phillip Thomas,,D,DB,DB,2.0,True,2.585204,0.222353,-4.6690598834974715,True,0.0860098468051264
2013,MIN,4,120,HodgGe00,Gerald Hodges,,D,LB,LB,15.0,True,2.580108,3.228407,8.344086285689293,True,1.2512681639683298
2013,IND,4,121,HolmKh00,Khaled Holmes,,O,OL,C,4.0,True,2.580108,1.8000809999999998,-2.6559137143107066,True,0.6976766088861396
2013,GB,4,122,TretJC00,J.C. Tretter,,O,OL,T,7.0,True,2.575908,2.0669310000000003,0.3549210405135508,True,0.8024087040375667
2013,SEA,4,123,HarpCh00,Chris Harper,,O,WR,WR,0.0,True,2.57256,0.262059,-6.636442112069398,True,0.10186701184812015
2013,HOU,4,124,WillTr02,Trevardo Williams,,D,DL,DE,0.0,True,2.567612,0.0741179999999999,-6.623677739005011,True,0.028866510983746728
2013,GB,4,125,FranJo01,Johnathan Franklin,,O,RB,RB,1.0,True,2.565468,0.471955,-5.618146854637581,True,0.1839644852323241
2013,TB,4,126,GholWi00,William Gholston,,D,DL,DE,18.0,True,2.560544,3.556544,11.394555605542095,True,1.388979841783621
2013,ATL,4,127,GoodMa01,Malliciah Goodman,,D,DL,DE,5.0,True,2.557088,1.782756,-1.5965289390596569,True,0.6971821071468797
2013,SF,4,128,PattQu00,Quinton Patton,,O,WR,WR,7.0,True,2.5515,2.5515,0.4178864442636643,True,1.0
2013,BAL,4,129,SimoJo01,John Simon,,D,DL,DE,10.0,True,2.545652,3.106825,3.4329725505046778,True,1.220443721294191
2013,BAL,4,130,JuszKy00,Kyle Juszczyk,,O,RB,RB,6.0,True,2.460584,2.460584,-0.3475772296405788,True,1.0
2013,DET,4,132,TaylDe00,Devin Taylor,,D,DL,DE,13.0,True,2.460584,2.460584,6.652422770359421,True,1.0
2013,ATL,4,133,ToilLe00,Levine Toilolo,,O,TE,TE,5.0,True,2.460584,3.4565839999999994,-1.3475772296405788,True,1.404781954202742
2013,KC,5,134,CommSa00,Sanders Commings,,D,DB,DB,0.0,True,2.400512,0.341878,-6.192609279211344,True,0.1424187839927482
2013,JAX,5,135,RobiDe00,Denard Robinson,,O,WR,WR,8.0,True,2.373612,2.3527880000000003,1.8767847457344944,True,0.9912268727997668
2013,PHI,5,136,WolfEa00,Earl Wolff,,D,DB,DB,4.0,True,2.372,0.943529,-2.1190567721758136,True,0.3977778246205734
2013,SEA,5,138,SimoTh00,Tharold Simon,,D,DB,DB,3.0,True,2.3669,1.18345,-3.105900284174929,True,0.5
2013,IND,5,139,HughMo00,Montori Hughes,,D,DL,DT,2.0,True,2.361972,1.269398,-4.0931875051811355,True,0.5374314344115849
2013,ARI,5,140,TaylSt00,Stepfan Taylor,,O,RB,RB,3.0,True,2.3605,2.3605,-3.0893901815855855,True,1.0
2013,NYJ,5,141,AbouOd00,Oday Aboushi,,O,OL,T,7.0,True,2.359,1.770338,0.914479373708792,True,0.7504612123781264
2013,TEN,5,142,EdwaLa00,Lavar Edwards,,D,DL,DE,1.0,True,2.3585,0.690884,-5.084230774526415,True,0.292933644265423
2013,BUF,5,143,MeekJo01,Jonathan Meeks,,D,DB,DB,2.0,True,2.358,1.449441,-4.082940922761623,True,0.6146908396946564
2013,NO,5,144,StilKe00,Kenny Stills,,O,WR,WR,23.0,True,2.353452,3.253226,16.92879156889093,True,1.3823209481221628
2013,SD,5,145,WillSt02,Steve Williams,,D,DB,DB,4.0,True,2.3528,1.0264,-2.0695264644077795,True,0.4362461747704863
2013,DEN,5,146,SmitQu00,Quanterus Smith,,D,DL,DE,1.0,True,2.352,0.468,-5.067462701584112,True,0.19897959183673472
2013,TB,5,147,MeanSt00,Steven Means,,D,DL,DE,2.0,True,2.351752,1.082056,-4.066822935108775,True,0.46010633774309534
2013,CAR,5,148,KleiAJ00,A.J. Klein,,D,LB,LB,13.0,True,2.3513,2.3513,6.934343090886597,True,1.0
2013,STL,5,149,McGeBr00,Brandon McGee,,D,DB,DB,1.0,True,2.35116,1.00218,-5.065295750619261,True,0.426249170622161
2013,DAL,5,151,RandJo01,Joseph Randle,,O,RB,RB,7.0,True,2.34888,0.99444,0.9405859734281936,True,0.4233677327066517
2013,NYG,5,152,TaylCo01,Cooper Taylor,,D,DB,DB,2.0,True,2.347252,0.654931,-4.055214269225643,True,0.2790203182274421
2013,ATL,5,153,MapoSt00,Stansly Maponga,,D,DL,DE,2.0,True,2.34674,1.131017,-4.053893461018495,True,0.48195241057807847
2013,WAS,5,154,ThomCh03,Chris Thompson,,O,RB,RB,8.0,True,2.345,1.750426,1.950595223122983,True,0.7464503198294242
2013,MIN,5,155,LockJe00,Jeff Locke,,S,P,P,6.0,True,2.344192,2.344192,-0.04732037642511244,True,1.0
2013,CIN,5,156,HawkTa00,Tanner Hawkinson,,O,OL,T,0.0,True,2.342424,1.404153,-6.042759460584805,True,0.5994444216760074
2013,SF,5,157,DialQu00,Quinton Dial,,D,DL,DE,14.0,True,2.341652,3.107108,7.959232070540034,True,1.3268871719623583
2013,SEA,5,158,WillLu00,Luke Willson,,O,TE,TE,10.0,True,2.338532,3.334532,3.9672807455523404,True,1.4259082193444435
2013,GB,5,159,HydeMi00,Micah Hyde,,D,DB,DB,17.0,True,2.338108,3.334108,10.968374539848885,True,1.4259854549062747
2013,STL,5,160,StacZa00,Zac Stacy,,O,RB,RB,11.0,True,2.3365,1.5732499999999998,4.972522703124456,True,0.6733361866038946
2013,DEN,5,161,KingTa00,Tavarres King,,O,WR,WR,0.0,True,2.33148,0.658235,-6.014527185157027,True,0.28232496096899823
2013,WAS,5,162,JenkBr00,Brandon Jenkins,,D,DL,DE,0.0,True,2.32886,0.447215,-6.0077683619095135,True,0.1920317236759616
2013,CHI,5,163,MillJo02,Jordan Mills,,O,OL,T,28.0,True,2.3248,3.031929,22.002705234420603,True,1.3041676703372331
2013,MIA,5,164,GillMi00,Mike Gillislee,,O,RB,RB,6.0,True,2.3228,1.1957,0.007864641479772061,True,0.5147666609264681
2013,DET,5,165,MartSa01,Sam Martin,,S,P,P,12.0,True,2.3203,2.8203,6.014313900303735,True,1.2154893763737449
2013,MIA,5,166,SturCa00,Caleb Sturgis,,S,K,K,9.0,True,2.30456,2.129045,3.054918433859404,True,0.9238401256639012
2013,GB,5,167,BoydJo00,Josh Boyd,,D,DL,DE,4.0,True,2.30456,1.59342,-1.9450815661405958,True,0.6914204880758149
2013,BAL,5,168,WagnRi00,Ricky Wagner,,O,OL,T,23.0,True,2.30456,3.3005599999999995,17.054918433859406,True,1.4321866213073209
2013,JAX,6,169,EvanJo00,Josh Evans,,D,DB,DB,14.0,True,2.28882,1.621321,8.095522967415073,True,0.708365445950315
2013,KC,6,170,KushEr00,Eric Kush,,O,OL,C,3.0,True,2.310116,1.3521610000000002,-2.9594143989509707,True,0.5853216894736023
2013,DET,6,171,FullCo00,Corey Fuller,,O,WR,WR,3.0,True,2.2831,0.93,-2.8897211283957,True,0.40734089614997154
2013,OAK,6,172,KasaNi00,Nick Kasa,,O,TE,TE,0.0,True,2.2806,0.43515,-5.883271869571738,True,0.19080505130228884
2013,DEN,6,173,PainVi00,Vinston Painter,,O,OL,G,0.0,True,2.277932,0.8523529999999999,-5.876389220554804,True,0.3741784214805358
2013,BUF,6,177,HopkDu00,Dustin Hopkins,,S,K,K,6.0,True,2.272,1.08,0.13891358078269445,True,0.4753521126760564
2013,SD,6,179,WillTo00,Tourek Williams,,D,DL,DE,5.0,True,2.27006,2.27006,-0.8560817943699108,True,1.0
2013,SF,6,180,MoodNi00,Nick Moody,,D,LB,LB,2.0,True,2.267672,1.173013,-3.8499214623412614,True,0.5172763080374939
2013,OAK,6,181,MurrLa00,Latavius Murray,,O,RB,RB,19.0,True,2.1912,1.7596500000000002,13.34735362597317,True,0.8030531215772181
2013,CAR,6,182,BarnKe00,Kenjon Barner,,O,RB,RB,2.0,True,2.2658,1.54145,-3.845092257333878,True,0.6803115897254832
2013,NO,6,183,JohnRu02,Rufus Johnson,,D,DL,DE,0.0,True,2.265308,0.366177,-5.843823043197323,True,0.16164556872619526
2013,OAK,6,184,RiveMy00,Mychal Rivera,,O,TE,TE,10.0,True,2.264852,3.2608520000000003,4.157353301612169,True,1.4397638344580574
2013,DAL,6,185,HollDe01,DeVonte Holloman,,D,LB,LB,1.0,True,2.26422,0.431055,-4.841016325757134,True,0.19037681850703556
2013,PIT,6,186,BrowJu00,Justin Brown,,O,WR,WR,1.0,True,2.264072,0.42,-4.840634529634755,True,0.18550646799218398
2013,ARI,6,187,ElliAn00,Andre Ellington,,O,RB,RB,16.0,True,2.263864,3.259864,10.159902048699399,True,1.4399557570596113
2013,CHI,6,188,WashCo00,Cornelius Washington,,D,LB,LB,3.0,True,2.263788,2.263788,-2.8399018938323524,True,1.0
2013,TB,6,189,JameMi00,Mike James,,O,RB,RB,2.0,True,2.263152,0.937899,-3.838261202387536,True,0.41442156779571154
2013,CIN,6,190,BurkRe00,Rex Burkhead,,O,RB,RB,5.0,True,2.2622,2.2622,-0.8358053246273718,True,1.0
2013,WAS,6,191,RambBa00,Bacarri Rambo,,D,DB,DB,8.0,True,2.261672,1.587183,2.1655567588362494,True,0.7017741741508052
2013,GB,6,193,PalmNa01,Nate Palmer,,D,LB,LB,8.0,True,2.258896,1.7144480000000002,2.172718015834377,True,0.7589760661845433
2013,SEA,6,194,WareSp00,Spencer Ware,,O,RB,RB,13.0,True,2.257432,1.678868,7.17649470180169,True,0.7437070086718005
2013,MIN,6,196,BacaJe00,Jeff Baca,,O,OL,G,0.0,True,2.256,0.42915,-5.819811162743944,True,0.19022606382978724
2013,CIN,6,197,HamiCo00,Cobi Hamilton,,O,WR,WR,2.0,True,2.254052,0.317647,-3.814785900268313,True,0.14092265839474866
2013,HOU,6,198,JoneCh04,Chris Jones,,D,DL,DT,15.0,True,2.252512,1.193823,9.18918684316725,True,0.5299962885880298
2013,DET,6,199,RiddTh00,Theo Riddick,,O,RB,RB,16.0,True,2.251,3.3385,10.19308735490398,True,1.4831186139493557
2013,BAL,6,200,LewiKa00,Kapron Lewis-Moore,,D,DL,DE,0.0,True,2.248232,0.607058,-5.799772025726127,True,0.27001572791420103
2013,HOU,6,201,GrifRy00,Ryan Griffin,,O,TE,TE,7.0,True,2.23868,2.23868,1.224869302388469,True,1.0
2013,TEN,6,202,WootKh00,Khalid Wooten,,D,DB,DB,0.0,True,2.23868,0.0741179999999999,-5.775130697611531,True,0.03310790287133485
2013,BAL,6,203,JensRy00,Ryan Jensen,,O,OL,T,4.0,True,2.33868,1.168235,-2.033101050570039,True,0.49952751124565986
2013,OAK,6,205,McGeSt01,Stacy McGee,,D,DL,DT,11.0,True,2.23868,2.23868,5.224869302388469,True,1.0
2013,PIT,6,206,WillVi01,Vince Williams,,D,LB,LB,12.0,True,2.23868,2.73868,6.224869302388469,True,1.2233459002626548
2013,KC,7,207,CataMi00,Mike Catapano,,D,DL,DE,3.0,True,2.254124,1.190634,-2.814971638922443,True,0.5282025301181301
2013,JAX,7,208,HarrJe02,Jeremy Harris,,D,DB,DB,0.0,True,2.2289,0.467225,-5.749901197092188,True,0.2096213378796716
2013,OAK,7,209,ButlBr00,Brice Butler,,O,WR,WR,7.0,True,2.2275,2.159338,1.25371038784923,True,0.9693997755331089
2013,JAX,7,210,McCrDe00,Demetrius McCray,,D,DB,DB,8.0,True,2.226964,1.5352229999999998,2.2550931089410877,True,0.6893793523379811
2013,DET,7,211,WillMi06,Michael Williams,,O,TE,TE,0.0,True,2.225148,0.435,-5.740222149449186,True,0.19549261442384958
2013,MIN,7,213,MautMi00,Michael Mauti,,D,LB,LB,4.0,True,2.222728,2.160129,-1.73397926690759,True,0.9718368599306797
2013,MIN,7,214,BondTr00,Travis Bond,,O,OL,G,0.0,True,2.222448,0.166765,-5.733256949919306,True,0.07503662627877007
2013,NYJ,7,215,BohaTo00,Tommy Bohanon,,O,RB,RB,1.0,True,2.222248,1.396333,-4.732741009213389,True,0.6283425612262898
2013,GB,7,216,JohnCh08,Charles Johnson,,O,WR,WR,7.0,True,2.22182,1.480588,1.268363103897273,True,0.6663852157240461
2013,CLE,7,217,BryaAr00,Armonty Bryant,,D,DL,DE,4.0,True,2.2206,1.832329,-1.7284896577966329,True,0.8251504097991533
2013,PHI,7,218,PoyeJo00,Jordan Poyer,,D,DB,DB,6.0,True,2.220256,1.993235,0.2723977602175447,True,0.8977500792701383
2013,ARI,7,219,JeffD.00,D.C. Jefferson,,O,TE,TE,0.0,True,2.220248,2.220248,-5.727581602154219,True,1.0
2013,SEA,7,220,SeymRy00,Ryan Seymour,,O,OL,G,2.0,True,2.219424,0.389118,-3.7254559264458402,True,0.17532386781435183
2013,BUF,7,222,GragCh00,Chris Gragg,,O,TE,TE,1.0,True,2.219172,1.529379,-4.7248058411563845,True,0.6891664999378146
2013,PIT,7,223,WillNi01,Nicholas Williams,,D,DL,DT,2.0,True,2.217848,1.021764,-3.721390313683214,True,0.4607006431459685
2013,GB,7,224,DorsKe01,Kevin Dorsey,,O,WR,WR,0.0,True,2.216848,0.2414119999999999,-5.718810610153629,True,0.10889876076302926
2013,NE,7,226,BuchMi00,Michael Buchanan,,D,DL,DE,0.0,True,2.213612,0.801865,-5.710462689531892,True,0.3622427959371381
2013,CLE,7,227,GilkGa00,Garrett Gilkey,,O,OL,T,2.0,True,2.211392,0.912848,-3.704735747696213,True,0.4127933898648453
2013,MIN,7,229,DawkEv00,Everett Dawkins,,D,DL,DT,0.0,True,2.210352,0.0299999999999999,-5.702052856025444,True,0.01357249885991005
2013,IND,7,230,WillKe05,Kerwynn Williams,,O,RB,RB,3.0,True,2.209824,0.744353,-2.700690772561823,True,0.3368381373358241
2013,SEA,7,231,PoweTy00,Ty Powell,,D,DL,DE,1.0,True,2.209432,0.7808820000000001,-4.699679528778226,True,0.35343110808569805
2013,GB,7,232,BarrSa00,Sam Barrington,,D,LB,LB,4.0,True,2.209,1.749044,-1.6985650968534456,True,0.7917808963331824
2013,OAK,7,233,BassDa00,David Bass,,D,DL,DE,8.0,True,2.2086,1.897941,2.302466784558388,True,0.8593412116272752
2013,NE,7,235,BeauSt00,Steve Beauharnais,,D,LB,LB,0.0,True,2.207592,0.4751329999999999,-5.69493287428379,True,0.21522681727420642
2013,CHI,7,236,WilsMa02,Marquess Wilson,,O,WR,WR,6.0,True,2.207148,3.09903,0.30621251408334604,True,1.404087990474585
2013,SF,7,237,DaniB.00,B.J. Daniels,,O,QB,QB,0.0,True,2.206512,0.06,-5.692146794471838,True,0.027192238247514627
2013,PHI,7,239,KingDa00,David King,,D,DL,DE,0.0,True,2.205896,0.284118,-5.6905576970976135,True,0.12879936316127322
2013,CIN,7,240,FragRe00,Reid Fragel,,O,OL,OL,0.0,True,2.205896,0.033,-5.6905576970976135,True,0.014959907448039255
2013,SEA,7,242,BowiMi00,Michael Bowie,,O,OL,T,4.0,True,2.205896,0.416474,-1.6905576970976135,True,0.1888003786216576
2013,ATL,7,243,IshmKe00,Kemal Ishmael,,D,DB,DB,10.0,True,2.205896,3.201896,4.3094423029023865,True,1.4515172066135484
2013,ATL,7,244,MottZe00,Zeke Motta,,D,DB,DB,1.0,True,2.205896,0.409592,-4.6905576970976135,True,0.18568055792294832
2013,TEN,7,248,StafDa00,Daimion Stafford,,D,DB,DB,7.0,True,2.205896,2.205896,1.3094423029023865,True,1.0
2013,ATL,7,249,RenfSe00,Sean Renfree,,O,QB,QB,0.0,True,2.205896,0.596474,-5.6905576970976135,True,0.27039987379278074
2013,MIA,7,250,JoneDo02,Don Jones,,D,DB,DB,2.0,True,2.205896,1.411768,-3.6905576970976135,True,0.6399975338819237
2013,CIN,7,251,JohnTJ00,T.J. Johnson,,O,OL,C,2.0,True,2.205896,1.5299999999999998,-3.6905576970976135,True,0.6935957089545471
2013,SF,7,252,CoopMa00,Marcus Cooper,,D,DB,DB,12.0,True,2.205896,2.16,6.3094423029023865,True,0.9791939420534785
2013,NYG,7,253,CoxxMi00,Michael Cox,,O,RB,RB,0.0,True,2.205896,0.693003,-5.6905576970976135,True,0.31415941640041056
2013,IND,7,254,CunnJu00,Justice Cunningham,,O,TE,TE,0.0,True,2.205896,0.063,-5.6905576970976135,True,0.028559823309893123
2014,HOU,1,1,ClowJa00,Jadeveon Clowney,,D,DL,DE,29.0,True,22.272998,22.272998,-28.45773155504147,True,1.0
2014,STL,1,2,RobiGr01,Greg Robinson,,O,OL,T,19.0,True,21.284098000000004,17.834262000000003,-35.906662734634786,True,0.8379148601928068
2014,JAX,1,3,BortBl00,Blake Bortles,00-0031407,O,QB,QB,42.0,True,20.654802,20.654802,-11.283265622281007,True,1.0
2014,BUF,1,4,WatkSa00,Sammy Watkins,,O,WR,WR,27.0,True,19.935603,14.282457,-24.427945423506948,True,0.7164296459956592
2014,OAK,1,5,MackKh00,Khalil Mack,,D,LB,LB,48.0,True,18.677022,18.677002,-0.1811795755382235,True,0.9999989291654741
2014,ATL,1,6,MattJa00,Jake Matthews,,O,OL,T,37.0,True,16.429500000000004,16.429499999999997,-5.383239139318114,True,0.9999999999999996
2014,TB,1,7,EvanMi00,Mike Evans,,O,WR,WR,35.0,True,14.631052,14.590913999999994,-2.743776485942867,True,0.997256656595848
2014,CLE,1,8,GilbJu00,Justin Gilbert,,D,DB,DB,4.0,True,12.833501999999996,6.036751,-29.106630406337196,True,0.47038999954961647
2014,MIN,1,9,BarrAn00,Anthony Barr,,D,LB,LB,37.0,True,12.743595999999998,12.743595999999998,4.125300419193678,True,1.0
2014,DET,1,10,EbroEr00,Eric Ebron,,O,TE,TE,17.0,True,12.249145999999998,12.249145999999998,-14.59916517060298,True,1.0
2014,TEN,1,11,LewaTa00,Taylor Lewan,,O,OL,T,31.0,True,11.485004,11.485004,1.3720946439012174,True,1.0
2014,NYG,1,12,BeckOd00,Odell Beckham,,O,WR,WR,36.0,True,10.406198,10.406198,9.155094289838782,True,1.0
2014,STL,1,13,DonaAa00,Aaron Donald,,D,DL,DT,61.0,True,10.1365,10.1365,34.85083517236082,True,1.0
2014,CHI,1,14,FullKy00,Kyle Fuller,,D,DB,DB,17.0,True,9.687,7.045091,-7.989588091090685,True,0.7272727366573759
2014,PIT,1,15,ShazRy00,Ryan Shazier,,D,LB,LB,28.0,True,9.507204000000002,9.507204000000002,3.4742322847145886,True,1.0
2014,DAL,1,16,MartZa00,Zack Martin,,O,OL,G,48.0,True,8.967798,8.967798,24.865739846793964,True,1.0
2014,BAL,1,17,MoslC.00,C.J. Mosley,,D,LB,LB,50.0,True,8.788001999999999,8.788001999999999,27.329560222599245,True,1.0
2014,NYJ,1,18,PryoCa00,Calvin Pryor,,D,DB,DB,15.0,True,8.563253999999999,5.838582000000001,-7.090656568533568,True,0.6818181499696262
2014,MIA,1,19,JameJa01,Ja'Wuan James,,O,OL,T,23.0,True,8.428397999999998,8.428397999999998,1.2572319306521607,True,1.0
2014,NO,1,20,CookBr00,Brandin Cooks,,O,WR,WR,38.0,True,8.383452,7.279187999999999,16.37317928549289,True,0.8682805126098412
2014,GB,1,21,ClinHa00,Ha Ha Clinton-Dix,,D,DB,DB,25.0,True,8.338501,8.338501,3.4891395388512656,True,1.0
2014,CLE,1,22,ManzJo00,Johnny Manziel,00-0031409,O,QB,QB,5.0,True,8.248596,3.374426,-16.278932215321383,True,0.40909095317554656
2014,KC,1,23,FordDe00,Dee Ford,,D,LB,LB,15.0,True,8.1587,8.1587,-6.0470271868258045,True,1.0
2014,CIN,1,24,DennDa00,Darqueze Dennard,,D,DB,DB,8.0,True,7.978899000000001,7.978899000000001,-12.583193912502882,True,1.0
2014,SD,1,25,VerrJa00,Jason Verrett,,D,DB,DB,12.0,True,7.889002000000001,7.889002000000001,-8.351286304303773,True,1.0
2014,PHI,1,26,SmitMa03,Marcus Smith,,D,LB,LB,3.0,True,7.799101999999999,6.307569000000001,-17.119370956994068,True,0.8087558029116688
2014,ARI,1,27,BucaDe00,Deone Bucannon,,D,DB,DB,22.0,True,7.709199999999999,7.709199999999999,2.11254954972269,True,1.0
2014,CAR,1,28,BenjKe00,Kelvin Benjamin,,O,WR,WR,21.0,True,16.12325,4.013162,-20.593204933382665,True,0.2489052765416402
2014,NE,1,29,EaslDo00,Dominique Easley,,D,DL,DT,6.0,True,7.30355,3.587816,-12.840993713501124,True,0.49124275181247473
2014,SF,1,30,WardJi01,Jimmie Ward,,D,DB,DB,9.0,True,7.112529000000001,7.112529000000001,-9.348216165576254,True,1.0
2014,DEN,1,31,RobyBr00,Bradley Roby,,D,DB,DB,11.0,True,6.952528,6.952528,-6.935461021139108,True,1.0
2014,MIN,1,32,BridTe00,Teddy Bridgewater,00-0031237,O,QB,QB,22.0,True,6.849502,4.981456,4.330315514699922,True,0.7272727272727272
2014,HOU,2,33,Sua-Xa00,Xavier Su'a-Filo,,O,OL,G,18.0,True,5.5516,5.551689999999999,3.678517885155461,True,1.000016211542618
2014,DAL,2,34,LawrDe00,Demarcus Lawrence,,D,DL,DE,24.0,True,5.506648,5.255844,9.794480718217368,True,0.9544543250267675
2014,CLE,2,35,BitoJo00,Joel Bitonio,,O,OL,G,18.0,True,5.461698000000001,15.961698,3.9104383918722156,True,2.9224790532175153
2014,OAK,2,36,CarrDe02,Derek Carr,00-0031280,O,QB,QB,40.0,True,5.371802,19.394283000000005,26.1423434203678,True,3.6103867938542793
2014,ATL,2,37,HageRa00,Ra'Shede Hageman,,D,DL,DT,8.0,True,5.335839999999999,3.638073,-5.764885281301261,True,0.6818182329305227
2014,TB,2,38,SefeAu00,Austin Seferian-Jenkins,,O,TE,TE,9.0,True,5.254932,3.83897,-4.556166628129594,True,0.7305460850873047
2014,JAX,2,39,LeexMa00,Marqise Lee,,O,WR,WR,18.0,True,5.174022,5.174022,4.652557184449137,True,1.0
2014,DET,2,40,VanNKy00,Kyle Van Noy,,D,LB,LB,14.0,True,5.102103,4.816,0.8380868825933661,True,0.9439244954482495
2014,STL,2,41,JoynLa00,Lamarcus Joyner,,D,DB,DB,13.0,True,5.030178,5.030177999999999,0.023632058958771296,True,0.9999999999999998
2014,PHI,2,42,MattJo00,Jordan Matthews,,O,WR,WR,23.0,True,4.949270000000001,4.469403,10.23235071213044,True,0.9030428729893497
2014,NYG,2,43,RichWe00,Weston Richburg,,O,OL,OL,22.0,True,4.877346,4.877346,9.41789330879232,True,1.0
2014,BUF,2,44,KouaCy00,Cyrus Kouandjio,,O,OL,T,7.0,True,4.808821,3.603448,-5.405332506842862,True,0.7493412626504501
2014,SEA,2,45,RichPa01,Paul Richardson,,O,WR,WR,11.0,True,4.712836,4.712835999999999,-1.157719663555639,True,0.9999999999999998
2014,PIT,2,46,TuitSt00,Stephon Tuitt,,D,DL,DE,23.0,True,4.609444,7.160883999999999,11.109001043775223,True,1.553524459783002
2014,WAS,2,47,MurpTr00,Trent Murphy,,D,LB,LB,13.0,True,4.472798,3.0496350000000003,1.4615072122789048,True,0.6818181818181819
2014,BAL,2,48,JernTi00,Timmy Jernigan,,D,DL,DT,22.0,True,4.382902,6.382902,10.693412240774487,True,1.4563186674034692
2014,NYJ,2,49,AmarJa00,Jace Amaro,,O,TE,TE,4.0,True,4.292995999999999,1.590817,-7.074656933694634,True,0.37056102544703057
2014,SD,2,50,AttaJe00,Jeremiah Attaochu,,D,LB,LB,8.0,True,4.2031,4.2031,-2.842751905199057,True,1.0
2014,CHI,2,51,FergEg00,Ego Ferguson,,D,DL,DT,2.0,True,4.113204,1.539859,-8.610846876703476,True,0.3743697127592019
2014,ARI,2,52,NiklTr00,Troy Niklas,,O,TE,TE,1.0,True,4.023298,4.0232980000000005,-9.378916051172599,True,1.0000000000000002
2014,GB,2,53,AdamDa01,Davante Adams,,O,WR,WR,27.0,True,3.933402,7.5334020000000015,16.85298897732298,True,1.9152382593998787
2014,TEN,2,54,SankBi00,Bishop Sankey,,O,RB,RB,6.0,True,3.843496000000001,1.57234,-3.915080197146146,True,0.40909109831257784
2014,CIN,2,55,HillJe01,Jeremy Hill,,O,RB,RB,22.0,True,3.753602,3.753602,12.316819671942378,True,1.0
2014,DEN,2,56,LatiCo00,Cody Latimer,,O,WR,WR,3.0,True,3.70865,3.70865,-6.567217494995713,True,1.0
2014,SF,2,57,HydeCa00,Carlos Hyde,,O,RB,RB,20.0,True,3.681678,3.681678,10.502362268604257,True,1.0
2014,NO,2,58,JeanSt00,Stanley Jean-Baptiste,,D,DB,DB,0.0,True,3.636732,0.7882830000000001,-9.381690376555014,True,0.21675586763060906
2014,IND,2,59,MewhJa00,Jack Mewhort,,O,OL,T,24.0,True,3.5737980000000005,3.5737980000000005,14.780660685375892,True,1.0
2014,CAR,2,60,EalyKo00,Kony Ealy,,D,DL,DE,13.0,True,3.5468320000000007,3.221954,3.8502249707546845,True,0.9084033300703275
2014,JAX,2,61,RobiAl02,Allen Robinson,,O,WR,WR,20.0,True,3.51087,3.51087,10.942996269085624,True,1.0
2014,NE,2,62,GaroJi00,Jimmy Garoppolo,00-0031345,O,QB,QB,8.0,True,3.4838979999999995,2.809543,-0.9874239673144061,True,0.8064366407971761
2014,MIA,2,63,LandJa00,Jarvis Landry,,O,WR,WR,33.0,True,3.474908,3.474908,24.035767567416563,True,1.0
2014,SEA,2,64,BritJu00,Justin Britt,,O,OL,T,32.0,True,3.54693,4.706929999999999,22.849972159808786,True,1.3270433868162042
2014,HOU,3,65,FiedC.00,C.J. Fiedorowicz,,O,TE,TE,6.0,True,3.195114,8.585303999999999,-2.242446863226709,True,2.687010228743012
2014,WAS,3,66,MoseMo00,Morgan Moses,,O,OL,OL,28.0,True,4.159576,5.788929,17.2695271112226,True,1.391711318653632
2014,MIA,3,67,TurnBi00,Billy Turner,,O,OL,T,6.0,True,3.1465,2.555618,-2.1170371558394603,True,0.8122097568727157
2014,ATL,3,68,SoutDe00,Dezmen Southward,,D,DB,DB,1.0,True,3.125,0.724708,-7.06157352995338,True,0.23190656
2014,TB,3,69,SimsCh00,Charles Sims,,O,RB,RB,14.0,True,3.1030920000000006,3.048033,5.994942614972768,True,0.9822567297392406
2014,SF,3,70,MartMa01,Marcus Martin,,O,OL,C,10.0,True,3.069252,2.1234390000000003,2.0822397824139287,True,0.691842507555587
2014,CLE,3,71,KirkCh00,Christian Kirksey,,D,LB,LB,22.0,True,3.04,7.2715,14.157701270061352,True,2.391940789473684
2014,MIN,3,72,CricSc00,Scott Crichton,,D,DL,DE,2.0,True,3.0205,1.289588,-5.7919945111117395,True,0.4269452077470617
2014,BUF,3,73,BrowPr00,Preston Brown,,D,LB,LB,31.0,True,3.0121765316793767,1.96818760363132,23.229477569493362,False,0.6534104435552447
2014,NYG,3,74,BromJa00,Jay Bromley,,D,DL,DT,7.0,True,3.0038759999999995,3.0038759999999995,-0.7491095196359154,True,1.0
2014,STL,3,75,MasoTr00,Tre Mason,,O,RB,RB,7.0,True,2.980938,1.2687849999999998,-0.6899362800742947,True,0.42563280417103605
2014,DET,3,76,SwanTr00,Travis Swanson,,O,OL,C,22.0,True,2.9569720000000004,4.021472,14.371888894715742,True,1.359996645216796
2014,SF,3,77,BorlCh00,Chris Borland,,D,LB,LB,6.0,True,2.927436,0.560594,-1.5519169818344336,True,0.19149658609103667
2014,WAS,3,78,LongSp00,Spencer Long,,O,OL,G,16.0,True,2.8638,3.9608,8.612245031974243,True,1.383057476080732
2014,BAL,3,79,BrooTe00,Terrence Brooks,,D,DB,DB,5.0,True,2.871376,2.554423,-2.4072988019658936,True,0.8896163372543338
2014,NYJ,3,80,McDoDe00,Dexter McDougle,,D,DB,DB,2.0,True,2.863876,0.921778,-5.387951025494005,True,0.32186379577886753
2014,OAK,3,81,JackGa00,Gabe Jackson,,O,OL,G,25.0,True,2.856376,12.651375999999996,17.63139675097788,True,4.429170389332495
2014,CHI,3,82,SuttWi00,Will Sutton,,D,DL,DT,9.0,True,2.851068,1.999551,1.64508981731292,True,0.7013340264069464
2014,HOU,3,83,NixILo00,Louis Nix,,D,DL,DT,0.0,True,2.855252,0.0527999999999999,-7.365703662254864,True,0.018492238163216383
2014,ARI,3,84,MartKa00,Kareem Martin,,D,DL,DE,10.0,True,2.854252,1.2502840000000002,2.6368760412747214,True,0.43804261151433027
2014,GB,3,85,ThorKh00,Khyri Thornton,,D,DL,DT,3.0,True,2.837549128013117,1.3076642996396286,-4.320035500906509,False,0.4608428755400156
2014,PHI,3,86,HuffJo00,Josh Huff,,O,WR,WR,6.0,True,2.820944,1.367678,-1.2771991935618585,True,0.4848299009126023
2014,KC,3,87,GainPh00,Phillip Gaines,,D,DB,DB,6.0,True,2.824112,2.678347,-1.285371694343584,True,0.9483855456157546
2014,CIN,3,88,ClarWi00,Will Clarke,,D,DL,DE,6.0,True,2.82038,2.659035,-1.2757442407711732,True,0.9427931697147192
2014,SD,3,89,WattCh00,Chris Watt,,O,OL,G,4.0,True,2.81664,1.21957,-3.266096149570525,True,0.43298753124289935
2014,IND,3,90,MoncDo00,Donte Moncrief,,O,WR,WR,16.0,True,2.80852,3.90052,8.754851043089705,True,1.3888168857618959
2014,ARI,3,91,BrowJo02,John Brown,,O,WR,WR,21.0,True,2.7989,3.8939,13.779667791044314,True,1.3912251241559184
2014,CAR,3,92,TurnTr01,Trai Turner,,O,OL,OL,31.0,True,2.7914699999999995,5.89847,23.798834988269135,True,2.113033634608289
2014,JAX,3,93,LindBr00,Brandon Linder,,O,OL,OL,19.0,True,2.7896,12.9231,11.803659033869454,True,4.63259965586464
2014,CLE,3,94,WestTe00,Terrance West,,O,RB,RB,12.0,True,2.7834,3.15885,4.819653195752884,True,1.1348889846949775
2014,DEN,3,95,SchoMi00,Michael Schofield,,O,OL,OL,16.0,True,2.7772,3.1916,8.835647357636311,True,1.1492150367276395
2014,MIN,3,96,McKiJe00,Jerick McKinnon,,O,RB,RB,22.0,True,2.765,2.737471,14.867119740697248,True,0.9900437613019892
2014,PIT,3,97,ArchDr00,Dri Archer,,O,WR,WR,0.0,True,2.748016,0.546504,-7.089066574556277,True,0.19887220452864904
2014,GB,3,98,RodgRi00,Richard Rodgers,,O,TE,TE,13.0,True,2.761016,3.858016,5.877397279559116,True,1.3973175092067558
2014,BAL,3,99,GillCr00,Crockett Gillmore,,O,TE,TE,4.0,True,2.7310160000000003,1.909512,-3.045211614553333,True,0.6991947319239433
2014,PHI,4,101,WatkJa01,Jaylen Watkins,,D,DB,DB,3.0,True,2.717028,2.014257,-4.009126721581495,True,0.7413456909534978
2014,WAS,4,102,BreeBa00,Bashaud Breeland,,D,DB,DB,23.0,True,2.706,3.7794280000000007,16.01932224894277,True,1.3966844050258687
2014,ATL,4,103,FreeDe00,Devonta Freeman,,O,RB,RB,39.0,True,2.704424,6.311424000000001,32.023387861705395,True,2.3337405673074936
2014,NYJ,4,104,SaunJa00,Jalen Saunders,,O,WR,WR,0.0,True,2.701448,0.148235,-6.96893494059056,True,0.05487242397410574
2014,NE,4,105,StorBr00,Bryan Stork,,O,OL,C,11.0,True,2.697,1.074794,4.042539580709034,True,0.398514645902855
2014,SF,4,106,ElliBr00,Bruce Ellington,,O,WR,WR,5.0,True,2.694428,1.726449,-1.9508254218128718,True,0.6407478693065838
2014,OAK,4,107,ElliJu01,Justin Ellis,,D,DL,DT,19.0,True,2.692688,3.7996880000000006,12.053663262328605,True,1.4111133558733877
2014,SEA,4,108,MarsCa00,Cassius Marsh,,D,DL,DE,7.0,True,2.690252,2.050512,0.05994742012667409,True,0.7622007157693776
2014,BUF,4,109,CockRo00,Ross Cockrell,,D,DB,DB,15.0,True,2.687552,2.746888,8.066912619656554,True,1.0220780844426451
2014,STL,4,110,AlexMa00,Maurice Alexander,,D,DB,DB,11.0,True,2.68426,1.878195,4.075405003675948,True,0.6997068093254751
2014,CIN,4,111,BodiRu00,Russell Bodine,,O,OL,C,28.0,True,2.676456,3.783456,21.09553701002083,True,1.4136066499878945
2014,TEN,4,112,JoneDa04,DaQuan Jones,,D,DL,DT,20.0,True,2.6754,3.7824,13.098261176948073,True,1.413769903565822
2014,NYG,4,113,WillAn00,Andre Williams,,O,RB,RB,7.0,True,2.6736,1.671741,0.10290464330132565,True,0.6252771543985637
2014,JAX,4,114,ColvAa00,Aaron Colvin,,D,DB,DB,10.0,True,2.673152,3.495151,3.1040603504825794,True,1.307501780669412
2014,OAK,4,116,McGiKe00,Keith McGill,,D,DB,DB,4.0,True,2.6652,2.6652,-2.8754258470501597,True,1.0
2014,CHI,4,117,CareKa00,Ka'Deem Carey,,O,RB,RB,3.0,True,2.66338,1.862535,-3.870730786626315,True,0.6993125276903784
2014,PIT,4,118,BryaMa00,Martavis Bryant,,O,WR,WR,18.0,True,2.65922,1.7479559999999998,11.14000078005676,True,0.6573190634847812
2014,DAL,4,119,HitcAn00,Anthony Hitchens,,D,LB,LB,24.0,True,2.654864,3.761864,17.151237968631634,True,1.4169705114838276
2014,ARI,4,120,ThomLo00,Logan Thomas,,O,QB,QB,1.0,True,2.652092,1.280523,-5.841611093184359,True,0.4828350600205423
2014,GB,4,121,BradCa01,Carl Bradford,,D,LB,LB,0.0,True,2.6493,0.061765,-6.834408560929758,True,0.023313705507115087
2014,TEN,4,122,HuffMa00,Marqueston Huff,,D,DB,DB,4.0,True,2.645204,1.601426,-2.8238420952725765,True,0.6054073712273231
2014,SEA,4,123,NorwKe00,Kevin Norwood,,O,WR,WR,1.0,True,2.640108,1.035027,-5.8106959260858115,True,0.39203964383275225
2014,KC,4,124,ThomDe05,De'Anthony Thomas,,O,RB,RB,7.0,True,2.665108,2.665108,0.12481148567456213,True,1.0
2014,MIA,4,125,AikeWa00,Walt Aikens,,D,DB,DB,5.0,True,2.635908,2.635908,-1.7998611712615542,True,1.0
2014,NO,4,126,FortKh00,Khairi Fortt,,D,LB,LB,0.0,True,2.63256,0.1838819999999999,-6.791224323844502,True,0.06984912024797153
2014,CLE,4,127,DesiPi00,Pierre Desir,,D,DB,DB,5.0,True,2.627612,1.942156,-1.7784599507801158,True,0.7391334793721447
2014,CAR,4,128,BostTr00,Tre Boston,,D,DB,DB,16.0,True,2.625468,2.7309760000000005,9.227070933587314,True,1.0401863591557774
2014,SF,4,129,JohnDo02,Dontae Johnson,,D,DB,DB,10.0,True,2.620544,2.620544,3.239773393766991,True,1.0
2014,NE,4,130,WhitJa02,James White,,O,RB,RB,19.0,True,2.617088,3.617088,12.248688849165237,True,1.3821040790374646
2014,CHI,4,131,VereBr00,Brock Vereen,,D,DB,DB,2.0,True,2.6115,0.564075,-4.736895767511441,True,0.2159965537047674
2014,SEA,4,132,PierKe00,Kevin Pierre-Louis,,D,LB,LB,4.0,True,2.605652,2.509239,-2.7218096612704272,True,0.9629985124644427
2014,DET,4,133,LawsNe00,Nevin Lawson,,D,DB,DB,12.0,True,2.520484,3.4493489999999998,5.497898528937275,True,1.3685264417469023
2014,BAL,4,134,UrbaBr00,Brent Urban,,D,DL,DT,5.0,True,2.520484,1.874732,-1.5021014710627254,True,0.7437984133206161
2014,HOU,4,135,SavaTo00,Tom Savage,00-0031064,O,QB,QB,4.0,True,2.520584,1.935438,-2.502359441415684,True,0.767853005493965
2014,DET,4,136,WebsLa00,Larry Webster,,D,DL,DE,0.0,True,2.520584,0.030882,-6.502359441415684,True,0.012251922570324973
2014,NYJ,4,137,DoziDa00,Dakota Dozier,,O,OL,OL,3.0,True,2.520584,2.0254380000000003,-3.502359441415684,True,0.8035590164818948
2014,BAL,4,138,TaliLo00,Lorenzo Taliaferro,,O,RB,RB,3.0,True,2.520584,1.616732,-3.502359441415684,True,0.6414116728504188
2014,ATL,4,139,ShemPr00,Prince Shembo,,D,LB,LB,2.0,True,2.520484,0.495146,-4.502101471062725,True,0.19644877729832838
2014,NE,4,140,FlemCa00,Cameron Fleming,,O,OL,T,15.0,True,2.520584,3.252146,8.497640558584315,True,1.290235120115021
2014,PHI,5,141,HartTa00,Taylor Hart,,D,DL,DE,1.0,True,2.435512,0.916819,-5.282898902746822,True,0.376437890677607
2014,WAS,5,142,GranRy01,Ryan Grant,,O,WR,WR,7.0,True,2.433612,2.433612,0.7220025339593894,True,1.0
2014,JAX,5,144,SmitTe01,Telvin Smith,,D,LB,LB,37.0,True,2.431052,3.697110000000001,30.728606574995126,True,1.520786062988369
2014,MIN,5,145,YankDa00,David Yankey,,O,OL,OL,0.0,True,2.4269,0.1852939999999999,-6.260682495950034,True,0.076350076228934
2014,DAL,5,146,StreDe00,Devin Street,,O,WR,WR,1.0,True,2.421972,1.136868,-5.247969716956239,True,0.4693976643825775
2014,ATL,5,147,AlleRi00,Ricardo Allen,,D,DB,DB,16.0,True,2.4205,1.575,9.75582760663931,True,0.6506920057839289
2014,CAR,5,148,BenwBe00,Bene Benwikere,,D,DB,DB,8.0,True,2.419,1.822065,1.759697161933687,True,0.753230673832162
2014,TB,5,149,PampKe00,Kevin Pamphile,,O,OL,T,18.0,True,2.4185,3.5255000000000005,11.760987013698479,True,1.4577217283440151
2014,SF,5,150,LyncAa00,Aaron Lynch,,D,DL,DE,10.0,True,2.418,3.383824,3.7622768654632717,True,1.399430934656741
2014,TEN,5,151,WillAv00,Avery Williamson,,D,LB,LB,27.0,True,2.414452,3.5214520000000005,20.77142965358624,True,1.4584891312811357
2014,NYG,5,152,BerhNa00,Nat Berhe,,D,DB,DB,3.0,True,2.4128,1.8546,-3.2243086761828845,True,0.7686505305039788
2014,BUF,5,153,RichCy00,Cyril Richardson,,O,OL,G,2.0,True,2.412,0.468,-4.222244913359217,True,0.19402985074626866
2014,NYJ,5,154,GeorJe01,Jeremiah George,,D,LB,LB,3.0,True,2.411752,1.293882,-3.2216051468838796,True,0.5364904849254816
2014,DEN,5,156,BarrLa00,Lamin Barrow,,D,LB,LB,2.0,True,2.41116,0.97779,-4.220077962394366,True,0.4055268003782412
2014,DET,5,158,ReidCa00,Caraun Reid,,D,DL,DT,7.0,True,2.40888,1.7056159999999998,0.7858037616530886,True,0.7080535352528976
2014,JAX,5,159,SmitCh03,Chris Smith,,D,DL,DE,5.0,True,2.407252,2.047059,-1.209996481000748,True,0.8503717101491659
2014,ARI,5,160,StinEd00,Ed Stinson,,D,DL,DE,5.0,True,2.40674,1.868996,-1.2086756727935999,True,0.7765674730132877
2014,GB,5,161,LinsCo00,Corey Linsley,,O,OL,C,29.0,True,2.405,5.512,22.795813011347878,True,2.291891891891892
2014,PHI,5,162,ReynEd00,Ed Reynolds,,D,DB,DB,3.0,True,2.404192,0.518824,-3.2021025882002174,True,0.21579973646031594
2014,CIN,5,164,McCaA.00,A.J. McCarron,00-0031288,O,QB,QB,3.0,True,2.401652,1.936239,-3.1955501412350706,True,0.8062113078830738
2014,SD,5,165,CarrRy00,Ryan Carrethers,,D,DL,DT,3.0,True,2.398532,1.195737,-3.1875014662227654,True,0.4985286833779996
2014,IND,5,166,NewsJo00,Jonathan Newsome,,D,LB,LB,4.0,True,2.398108,1.019054,-2.1864076719262213,True,0.4249408283530182
2014,NO,5,167,SunsVi00,Vinnie Sunseri,,D,DB,DB,0.0,True,2.3965,0.601243,-6.182259508650649,True,0.25088378885875234
2014,NO,5,169,PoweRo01,Ronald Powell,,D,LB,LB,1.0,True,2.38886,0.462215,-5.162550573684619,True,0.1934876886883283
2014,SF,5,170,ReasKe00,Keith Reaser,,D,DB,DB,2.0,True,2.3848,1.225929,-4.152076977354502,True,0.514059459912781
2014,MIA,5,171,TripJo00,Jordan Tripp,,D,LB,LB,3.0,True,2.3828,1.502582,-3.146917570295333,True,0.6305950982037939
2014,PIT,5,173,JohnWe00,Wesley Johnson,,O,OL,OL,10.0,True,2.36456,3.917765,3.900136222084299,True,1.656868508305985
2014,NYG,5,174,KennDe00,Devon Kennard,,D,DL,DE,18.0,True,2.36456,3.47156,11.9001362220843,True,1.468163210068681
2014,BAL,5,175,UrscJo00,John Urschel,,O,OL,G,7.0,True,2.36456,1.63842,0.9001362220842992,True,0.6929069256013803
2014,GB,5,176,AbbrJa00,Jared Abbrederis,,O,WR,WR,1.0,True,2.36456,0.3582349999999999,-5.099863777915701,True,0.15150175931251478
2014,HOU,6,177,PagaJe00,Jeoffrey Pagan,,D,DL,DE,1.0,True,2.34882,0.99441,-5.059259244360032,True,0.4233657751551843
2014,TEN,6,178,MettZa00,Zach Mettenberger,00-0029623,O,QB,QB,1.0,True,2.345116,0.992558,-5.0497040224864485,True,0.42324473501524024
2014,NE,6,179,HalaJo00,Jon Halapio,,O,OL,OL,2.0,True,2.3431,0.355588,-4.044503340170806,True,0.1517596346720157
2014,SF,6,180,AckeKe00,Kenneth Acker,,D,DB,DB,7.0,True,2.3406,1.75515,0.961945918653158,True,0.7498718277364779
2014,HOU,6,181,BlueAl00,Alfred Blue,,O,RB,RB,14.0,True,2.337932,2.337932,7.968828567670091,True,1.0
2014,MIN,6,182,ExumAn00,Antone Exum,,D,DB,DB,3.0,True,2.335788,1.235659,-3.025640547962479,True,0.529011622630136
2014,CHI,6,183,FaleDa00,David Fales,,O,QB,QB,1.0,True,2.334224,0.6176470000000001,-5.021605891642207,True,0.2646048536901343
2014,TB,6,185,HerrRo00,Robert Herron,,O,WR,WR,0.0,True,2.332,0.448,-6.0158686309924105,True,0.1921097770154374
2014,STL,6,188,GainE.00,E.J. Gaines,,D,DB,DB,14.0,True,2.327672,2.870836,7.995296325883633,True,1.2333507470124656
2014,DET,6,189,JoneT.00,T.J. Jones,,O,WR,WR,5.0,True,2.3262,1.403021,-1.0009063505208173,True,0.6031385951336945
2014,MIA,6,190,HazeMa01,Matt Hazel,,O,WR,WR,0.0,True,2.3258,0.530294,-5.999874469108983,True,0.22800498753117207
2014,CHI,6,191,ODonPa00,Pat O'Donnell,,S,P,P,8.0,True,2.325308,2.325308,2.0013947450275724,True,1.0
2014,KC,6,193,FultZa00,Zach Fulton,,O,OL,G,24.0,True,2.34922,3.44772,17.939708874228135,True,1.4676020125829
2014,NYJ,6,195,DixoBr00,Brandon Dixon,,D,DB,DB,3.0,True,2.323864,0.578824,-2.994880163075706,True,0.24907825931293742
2014,ARI,6,196,PoweWa00,Walt Powell,,O,WR,WR,1.0,True,2.323788,1.010294,-4.994684105607458,True,0.434761690825497
2014,GB,6,197,GoodDe00,Demetri Goodson,,D,DB,DB,2.0,True,2.323152,1.466188,-3.993043414162641,True,0.6311201333360883
2014,NE,6,198,MoorZa00,Zach Moore,,D,DL,DE,1.0,True,2.3322,0.570844,-5.016384571698327,True,0.24476631506731844
2014,KC,6,200,DuveLa00,Laurent Duvernay-Tardif,,O,OL,OL,19.0,True,2.3453,3.900225,12.949821312064108,True,1.66299620517631
2014,SD,6,201,GricMa00,Marion Grice,,O,RB,RB,0.0,True,2.318896,0.345882,-5.982064195940728,True,0.14915804762266183
2014,IND,6,203,JackAn02,Andrew Jackson,,D,LB,LB,1.0,True,2.317,0.370588,-4.977173078048635,True,0.15994302977988775
2014,JAX,6,205,BowaLu00,Luke Bowanko,,O,OL,C,7.0,True,2.314052,2.290539,1.0304318879565821,True,0.9898390355964342
2014,NE,6,206,ThomJe03,Jemea Thomas,,D,DB,DB,0.0,True,2.312512,0.1164709999999999,-5.965595368607857,True,0.05036557648133281
2014,DEN,6,207,ParaMa00,Matt Paradis,,O,OL,OL,18.0,True,2.311,1.575,12.038305143128877,True,0.6815231501514496
2014,SEA,6,208,PinkEr00,Eric Pinkins,,D,DB,DB,0.0,True,2.308232,0.33353,-5.954554237501232,True,0.144495873898291
2014,NYJ,6,209,EnunQu00,Quincy Enunwa,,O,WR,WR,9.0,True,2.29868,0.882353,3.070087090613364,True,0.3838520368211321
2014,NYJ,6,210,EnemIK00,IK Enemkpali,,D,DL,DT,1.0,True,2.29868,0.819258,-4.929912909386636,True,0.35640367515269633
2014,HOU,6,211,ProsJa00,Jay Prosch,,O,RB,RB,0.0,True,2.29868,3.29868,-5.929912909386636,True,1.4350322793951311
2014,CIN,6,212,FlowMa00,Marquis Flowers,,D,LB,LB,6.0,True,2.29868,1.74934,0.07008709061336393,True,0.7610193676370786
2014,PIT,6,215,McCuDa00,Daniel McCullers,,D,DL,DT,3.0,True,2.29868,2.29868,-2.929912909386636,True,1.0
2014,HOU,7,216,HalxAn00,Andre Hal,,D,DB,DB,18.0,True,2.289124,7.146124,12.094738737542079,True,3.121772346102701
2014,BAL,7,218,CampMi02,Michael Campanaro,,O,WR,WR,4.0,True,2.2875,2.1342790000000003,-1.901071823925875,True,0.9330181420765028
2014,OAK,7,219,CarrTr00,T.J. Carrie,,D,DB,DB,14.0,True,2.286964,3.3939639999999995,8.100310897165983,True,1.48404784683974
2014,MIN,7,220,StepSh00,Shamar Stephen,,D,DL,DT,14.0,True,2.285148,3.277619,8.104995638775708,True,1.4343136637101843
2014,BUF,7,221,JohnRa01,Randell Johnson,,D,LB,LB,2.0,True,2.283732,1.032454,-3.8913515010263984,True,0.4520907006601475
2014,JAX,7,222,JohnSt03,Storm Johnson,,O,RB,RB,0.0,True,2.282728,0.435682,-5.888761478682695,True,0.19086023389558457
2014,MIN,7,223,WattBr00,Brandon Watts,,D,LB,LB,0.0,True,2.282448,0.7356119999999999,-5.888039161694411,True,0.32229080355828477
2014,PHI,7,224,AlleBe00,Beau Allen,,D,DL,DT,9.0,True,2.282248,2.282248,3.112476779011506,True,1.0
2014,MIN,7,225,PricJa00,Jabari Price,,D,DB,DB,1.0,True,2.28182,0.435455,-4.886419107877832,True,0.19083670052852544
2014,SEA,7,227,SmalKi00,Kiero Small,,O,RB,RB,0.0,True,2.280256,0.0441,-5.88238445155756,True,0.019339933761823233
2014,WAS,7,228,HockZa00,Zach Hocker,,S,K,K,0.0,True,2.280248,2.280248,-5.882363813929323,True,1.0
2014,DET,7,229,FreeNa00,Nate Freese,,S,K,K,-1.0,True,2.279424,2.279424,-6.880238138220946,True,1.0
2014,IND,7,232,JohnUl00,Ulrick John,,O,OL,OL,2.0,True,2.277848,1.1073529999999998,-3.87617252545832,True,0.48613998826962984
2014,NYJ,7,233,ReilTr00,Trevor Reilly,,D,LB,LB,3.0,True,2.276848,1.029012,-2.8735928219287343,True,0.4519458479441754
2014,MIA,7,234,FedeTe00,Terrence Fede,,D,DL,DE,6.0,True,2.275952,2.275952,0.12871859243377326,True,1.0
2014,OAK,7,235,HarrSh00,Shelby Harris,,D,DL,DE,5.0,True,2.273612,0.849706,-0.8652449013069967,True,0.37372515627116676
2014,GB,7,236,JaniJe00,Jeff Janis,,O,WR,WR,2.0,True,2.271392,2.271392,-3.859517959471318,True,1.0
2014,BUF,7,237,HendSe00,Seantrel Henderson,,O,OL,OL,13.0,True,2.27088,2.029328,7.141802848735829,True,0.8936306630028887
2014,CIN,7,239,WrigJa03,James Wright,,O,WR,WR,2.0,True,2.269824,1.044912,-3.855472984336928,True,0.4603493486719676
2014,STL,7,241,BryaC.00,C.B. Bryant,,D,DB,DB,1.0,True,2.269,0.286764,-4.853347308628551,True,0.12638342882327017
2014,DEN,7,242,NelsCo00,Corey Nelson,,D,LB,LB,6.0,True,2.2686,2.2686,0.14768457278328295,True,1.0
2014,CHI,7,246,LenoCh00,Charles Leno,,O,OL,T,22.0,True,2.266512,6.773512,16.153070993753058,True,2.988518040054498
2014,OAK,7,247,DowlJo00,Jonathan Dowling,,D,DB,DB,0.0,True,2.265896,0.403945,-5.8453399088727185,True,0.1782716417699665
2014,DAL,7,248,DixoAh00,Ahmad Dixon,,D,DB,DB,0.0,True,2.265896,0.049412,-5.8453399088727185,True,0.021806826085574976
2014,STL,7,250,RhanDe00,Demetrius Rhaney,,O,OL,OL,2.0,True,2.265896,1.275007,-3.8453399088727185,True,0.5626944043327672
2014,DAL,7,251,BishKe01,Ken Bishop,,D,DL,DT,0.0,True,2.265896,1.6997156412976848,-5.8453399088727185,True,0.7501295916925069
2014,DAL,7,254,MitcTe00,Terrance Mitchell,,D,DB,DB,4.0,True,2.265896,0.991765,-1.8453399088727185,True,0.4376921977001592
2014,ATL,7,255,StarTy00,Tyler Starr,,D,LB,LB,0.0,True,2.265896,0.0899999999999999,-5.8453399088727185,True,0.039719386944502263
2014,HOU,7,256,BallLo00,Lonnie Ballentine,,D,DB,DB,0.0,True,2.265896,0.907242,-5.8453399088727185,True,0.4003899561144907
2015,TB,1,1,WinsJa00,Jameis Winston,00-0031503,O,QB,QB,44.0,True,25.351277,25.226865000000004,-21.398778756389106,True,0.9950924760121553
2015,TEN,1,2,MariMa01,Marcus Mariota,00-0032268,O,QB,QB,43.0,True,24.213974000000004,24.213974000000004,-19.464874193081407,True,1.0
2015,JAX,1,3,FowlDa00,Dante Fowler,,D,LB,LB,10.0,True,23.490240000000004,13.671233,-50.59785503880068,True,0.5819963099568161
2015,OAK,1,4,CoopAm00,Amari Cooper,,O,WR,WR,33.0,True,22.663120000000003,15.863892,-25.464130655410266,True,0.6999871156310339
2015,WAS,1,5,ScheBr00,Brandon Scherff,,O,OL,T,30.0,True,21.215637999999995,21.215637999999995,-24.730056230999374,True,1.0
2015,NYJ,1,6,WillLe02,Leonard Williams,,D,DL,DE,35.0,True,18.630868000000003,18.630868000000003,-13.062115938833763,True,1.0
2015,CHI,1,7,WhitKe00,Kevin White,,O,WR,WR,2.0,True,16.563048,13.551585,-40.72775338628713,True,0.8181818346478257
2015,ATL,1,8,BeasVi00,Vic Beasley,,D,LB,LB,28.0,True,14.495228,14.495228,-9.393390833740504,True,1.0
2015,NYG,1,9,FlowEr00,Ereck Flowers,,O,OL,T,25.0,True,14.391832,10.31026,-12.12665980759553,True,0.7163966338684331
2015,STL,1,10,GurlTo01,Todd Gurley,,O,RB,RB,47.0,True,13.82318,16.653202,11.34029376391009,True,1.2047301706264404
2015,MIN,1,11,WaynTr00,Trae Waynes,,D,DB,CB,15.0,True,12.944364000000002,12.944364000000002,-18.39262149903407,True,1.0
2015,CLE,1,12,ShelDa01,Danny Shelton,,D,DL,NT,19.0,True,11.70367,10.010730000000002,-11.191998808099036,True,0.8553496467347423
2015,NO,1,13,PeatAn00,Andrus Peat,,O,OL,T,36.0,True,11.393496,11.393496,6.608158154486489,True,1.0
2015,MIA,1,14,ParkDe01,DeVante Parker,,O,WR,WR,16.0,True,10.87654,10.87654,-12.058248627673326,True,1.0
2015,SD,1,15,GordMe00,Melvin Gordon,,O,RB,RB,36.0,True,10.669762,10.669762,8.475177308767218,True,1.0
2015,HOU,1,16,JohnKe04,Kevin Johnson,,D,DB,CB,9.0,True,10.04941,10.04941,-16.924498447247615,True,1.0
2015,SF,1,17,ArmsAr01,Arik Armstead,,D,DL,DT,12.0,True,9.842627999999998,9.842628000000005,-13.391062191992948,True,1.0000000000000007
2015,KC,1,18,PeteMa00,Marcus Peters,,D,DB,CB,35.0,True,9.58416,8.199746,10.27570861989184,True,0.8555518689170464
2015,CLE,1,19,ErviCa00,Cameron Erving,,O,OL,C,17.0,True,9.429068,7.286199999999999,-7.324200000297747,True,0.7727380903393634
2015,PHI,1,20,AghoNe00,Nelson Agholor,,O,WR,WR,19.0,True,9.377372,9.377372,-5.190839646632316,True,1.0
2015,CIN,1,21,OgbuCe00,Cedric Ogbuehi,,O,OL,T,13.0,True,9.325682,9.325679999999998,-11.057494771188065,True,0.999999785538473
2015,PIT,1,22,DuprAl00,Bud Dupree,,D,LB,LB,20.0,True,18.454286,9.222286,-27.60658673017256,True,0.4997368091076512
2015,DEN,1,23,RayxSh00,Shane Ray,,D,DL,DE,12.0,True,9.118890000000002,9.118894,-11.524032718898113,True,1.0000004386498793
2015,ARI,1,24,HumpD.00,D.J. Humphries,,O,OL,T,12.0,True,8.912111999999999,7.291728000000002,-10.990606782457558,True,0.8181818181818185
2015,CAR,1,25,ThomSh01,Shaq Thompson,,D,LB,LB,22.0,True,8.808726,8.808726,-0.7239015533478792,True,1.0
2015,BAL,1,26,PerrBr02,Breshad Perriman,,O,WR,WR,6.0,True,8.70533,4.850311999999999,-16.4571705272029,True,0.5571657823425418
2015,DAL,1,27,JoneBy00,Byron Jones,,D,DB,CB,27.0,True,8.601938,8.601938,4.80955018012796,True,1.0
2015,DET,1,28,TomlLa01,Laken Tomlinson,,O,OL,G,26.0,True,8.550248,7.561067999999999,3.9428950555722153,True,0.884309788441224
2015,IND,1,29,DorsPh00,Phillip Dorsett,,O,WR,WR,12.0,True,8.13541,5.8970780000000005,-8.986945891621769,True,0.7248654954083446
2015,GB,1,30,RandDa00,Damarious Randall,,D,DB,S,19.0,True,7.915728,6.911505,-1.4202314608354598,True,0.873135736851999
2015,NO,1,31,AnthSt00,Stephone Anthony,,D,LB,LB,10.0,True,7.731719999999999,5.6563170000000005,-9.945545373763565,True,0.7315729229718615
2015,NE,1,32,BrowMa01,Malcom Brown,,D,DL,DT,30.0,True,7.613231999999999,7.613231999999999,10.36011853804991,True,1.0
2015,NYG,2,33,CollLa00,Landon Collins,,D,DB,S,31.0,True,6.120558,6.120558,15.210774924369792,True,1.0
2015,TB,2,34,SmitDo02,Donovan Smith,,O,OL,T,34.0,True,6.068858,6.068858,18.34414559684934,True,1.0
2015,OAK,2,35,EdwaMa01,Mario Edwards,,D,DL,DT,12.0,True,6.017168,5.358138,-3.522509527706406,True,0.8904750540453583
2015,JAX,2,36,YeldT.00,T.J. Yeldon,,O,RB,RB,20.0,True,5.913776000000001,5.913776000000001,4.74421117962445,True,1.0
2015,NYJ,2,37,SmitDe04,Devin Smith,,O,WR,WR,1.0,True,5.872419999999999,2.402354,-14.149102601206023,True,0.4090909710136537
2015,WAS,2,38,SmitPr00,Preston Smith,,D,DL,DE,26.0,True,5.779368,5.779368,11.090943971628926,True,1.0
2015,CHI,2,39,GoldEd00,Eddie Goldman,,D,DL,DT,25.0,True,5.686314,7.675906999999999,10.330995703870935,True,1.3498915114430892
2015,TEN,2,40,GreeDo00,Dorial Green-Beckham,,O,WR,WR,7.0,True,5.602992546138893,1.708546,-7.4540596475134056,False,0.30493454808848264
2015,CAR,2,41,FuncDe00,Devin Funchess,,O,TE,TE,21.0,True,5.520892,5.520892,6.757735421141959,True,1.0
2015,ATL,2,42,CollJa02,Jalen Collins,,D,DB,CB,3.0,True,5.427835,2.060073,-11.002205107505443,True,0.37953861898897073
2015,HOU,2,43,McKiBe00,Benardrick McKinney,,D,LB,LB,37.0,True,5.345124,11.345124000000002,23.21116475113007,True,2.122518392463861
2015,NO,2,44,KikaHa00,Hau'oli Kikaha,,D,LB,LB,5.0,True,5.266312,2.393778,-8.58552365429627,True,0.45454542002069004
2015,MIN,2,45,KendEr00,Eric Kendricks,,D,LB,LB,32.0,True,5.15592,7.255920000000001,18.699254977741685,True,1.4072987943955686
2015,SF,2,46,TartJa00,Jaquiski Tartt,,D,DB,S,12.0,True,5.037014,3.434328,-0.9940027943694716,True,0.6818182359628144
2015,PHI,2,47,RoweEr00,Eric Rowe,,D,DB,CB,7.0,True,4.879864000000001,3.52312,-5.588602384695179,True,0.7219709401737423
2015,SD,2,48,PerrDe00,Denzel Perryman,,D,LB,LB,18.0,True,4.776472,4.776472,5.678118322635685,True,1.0
2015,KC,2,49,MorsMi00,Mitch Morse,,O,OL,G,25.0,True,4.673082,4.673082,12.944833870559487,True,1.0
2015,BUF,2,50,DarbRo00,Ronald Darby,,D,DB,CB,17.0,True,4.56969,3.727984,5.2115545778903485,True,0.8158067615089865
2015,CLE,2,51,OrchNa00,Nate Orchard,,D,DL,DE,9.0,True,4.466304,3.045207,-2.521740192999969,True,0.6818181207548792
2015,MIA,2,52,PhilJo01,Jordan Phillips,,D,DL,NT,15.0,True,4.362908,3.762313,3.7449908331450104,True,0.8623406681965331
2015,CIN,2,53,FishJa00,Jake Fisher,,O,OL,T,6.0,True,4.25952,4.25952,-4.9882987783382475,True,1.0
2015,DET,2,54,AbduAm00,Ameer Abdullah,,O,RB,RB,11.0,True,4.156126,3.2463080000000004,0.27842708839967223,True,0.7810898899600253
2015,BAL,2,55,WillMa04,Maxx Williams,,O,TE,TE,4.0,True,4.052734,4.052734,-6.454852204269466,True,1.0
2015,STL,2,57,HaveRo00,Rob Havenstein,,O,OL,T,30.0,True,3.970018000000001,4.770017999999999,19.75853055288369,True,1.2015104213633283
2015,ARI,2,58,GoldMa00,Markus Golden,,D,DL,DE,15.0,True,3.918332,3.918332,4.891865109513828,True,1.0
2015,DEN,2,59,SambTy00,Ty Sambrailo,,O,OL,T,8.0,True,3.845956,3.317426,-1.9214262678289238,True,0.8625751308647317
2015,DAL,2,60,GregRa00,Randy Gregory,,D,LB,LB,5.0,True,3.814936,2.431096,-4.841403864341194,True,0.6372573484850074
2015,TB,2,61,MarpAl00,Ali Marpet,,O,OL,C,27.0,True,3.773586,4.173586,17.26526687660715,True,1.105999969260009
2015,GB,2,62,RollQu00,Quinten Rollins,,D,DB,CB,7.0,True,3.742566000000001,2.551749,-2.6547107199051236,True,0.6818180360747144
2015,SEA,2,63,ClarFr01,Frank Clark,,D,DL,DE,23.0,True,3.732226,3.732226,13.37196341459079,True,1.0
2015,NE,2,64,RichJo00,Jordan Richards,,D,DB,S,9.0,True,3.711549,3.471722,-0.5746960555279816,True,0.9353835824341804
2015,IND,3,65,SmitDJ00,D'Joun Smith,,D,DB,CB,0.0,True,3.414848,0.630153,-8.809295438596557,True,0.184533250089023
2015,TEN,3,66,PoutJe00,Jeremiah Poutasi,,O,OL,G,4.0,True,3.385845,0.8517410000000001,-4.734476297128001,True,0.2515593596280988
2015,JAX,3,67,CannA.00,A.J. Cann,,O,OL,G,25.0,True,3.3725960000000006,4.449596,16.29970219493547,True,1.319338574795202
2015,OAK,3,68,WalfCl00,Clive Walford,,O,TE,TE,7.0,True,3.34545,2.365495,-1.6302691730504115,True,0.7070782704867806
2015,SEA,3,69,LockTy00,Tyler Lockett,,O,WR,WR,31.0,True,3.3187519999999995,6.746751999999999,22.438603751782452,True,2.0329183982412666
2015,HOU,3,70,StroJa01,Jaelen Strong,,O,WR,WR,2.0,True,3.28135,1.47158,-6.464910176804009,True,0.4484678562177153
2015,CHI,3,71,GrasHr00,Hroniss Grasu,,O,OL,C,7.0,True,3.52942,1.50346,-2.104857231388179,True,0.4259793393815414
2015,STL,3,72,BrowJa04,Jamon Brown,,O,OL,T,18.0,True,3.2509740000000003,3.2729610000000005,9.613450897610667,True,1.00676320388905
2015,ATL,3,73,ColeTe01,Tevin Coleman,,O,RB,RB,27.0,True,3.2193720000000003,3.2193720000000003,18.694974688552616,True,1.0
2015,NYG,3,74,OdigOw00,Owamagbe Odighizuwa,,D,DL,DE,1.0,True,3.1605000000000003,1.36525,-7.153153005253651,True,0.43197278911564624
2015,NO,3,75,GrayGa00,Garrett Grayson,,O,QB,QB,0.0,True,3.400606,0.618292,-8.772555300928206,True,0.18181818181818182
2015,KC,3,76,ConlCh00,Chris Conley,,O,WR,WR,13.0,True,3.123686,4.274436,4.941816200484494,True,1.3683949026886824
2015,CLE,3,77,JohnDu00,Duke Johnson,,O,RB,RB,20.0,True,3.1050920000000004,6.069592,11.989783207913598,True,1.9547221145138372
2015,NO,3,78,WillP.00,P.J. Williams,,D,DB,CB,7.0,True,3.0609120000000005,2.449434,-0.8962454901493331,True,0.8002301274914142
2015,SF,3,79,HaroEl00,Eli Harold,,D,LB,LB,13.0,True,3.071372,4.054029,5.076770810931208,True,1.3199407300711212
2015,DET,3,80,CartAl01,Alex Carter,,D,DB,CB,0.0,True,3.063235221892044,0.0811759999999999,-7.902238713864247,False,0.02650008703865078
2015,BUF,3,81,MillJo04,John Miller,,O,OL,G,20.0,True,3.05512,4.22212,12.118696152694024,True,1.3819817224855326
2015,NYJ,3,82,MaulLo00,Lorenzo Mauldin,,D,LB,LB,4.0,True,3.008016,1.3150080000000002,-3.759789492248399,True,0.4371678874048543
2015,SD,3,83,MageCr00,Craig Mager,,D,DB,CB,4.0,True,2.99483,1.50001,-3.72577352150729,True,0.5008664932567124
2015,PHI,3,84,HickJo00,Jordan Hicks,,D,LB,LB,22.0,True,2.9927320000000006,4.115673,14.279638696497777,True,1.3752227062095768
2015,CIN,3,85,KrofTy00,Tyler Kroft,,O,TE,TE,5.0,True,3.001276,4.178276,-2.7424022904589958,True,1.3921665318351264
2015,ARI,3,86,JohnDa08,David Johnson,,O,RB,RB,31.0,True,2.992872,7.145372,23.279277538003637,True,2.387463279418565
2015,PIT,3,87,CoatSa00,Sammie Coates,,O,WR,WR,4.0,True,2.985016,1.914758,-3.700456311067942,True,0.641456528206214
2015,MIN,3,88,HuntDa01,Danielle Hunter,,D,DL,DE,33.0,True,2.9697240000000003,7.141224,25.338992515306472,True,2.4046759900920085
2015,STL,3,89,MannSe00,Sean Mannion,00-0032245,O,QB,QB,1.0,True,3.2508960000000005,3.2508960000000005,-7.386347885514025,True,1.0
2015,BAL,3,90,DaviCa01,Carl Davis,,D,DL,DT,7.0,True,2.952334,2.099042,-0.6161464403140426,True,0.7109771455397661
2015,DAL,3,91,GreeCh02,Chaz Green,,O,OL,T,5.0,True,2.951272,1.690289,-2.6134067951656235,True,0.5727323676028505
2015,DEN,3,92,HeueJe00,Jeff Heuerman,,O,TE,TE,4.0,True,2.945804,2.355603,-3.5993009762658517,True,0.7996468875729682
2015,IND,3,93,AndeHe00,Henry Anderson,,D,DL,DE,14.0,True,2.937176,3.916198,6.422956705787408,True,1.3333208496869102
2015,GB,3,94,MontTy01,Ty Montgomery,,O,WR,WR,15.0,True,2.948794,2.434217,7.392985710180689,True,0.8254957789523446
2015,WAS,3,95,JoneMa04,Matt Jones,,O,RB,RB,10.0,True,2.921416,1.421708,2.463612833413669,True,0.4866503093020645
2015,CLE,3,96,CoopXa00,Xavier Cooper,,D,DL,DT,4.0,True,2.9072840000000006,1.58873,-3.499930796306236,True,0.5464653607972251
2015,NE,3,97,GrisGe00,Geneo Grissom,,D,DL,DE,3.0,True,2.891948,1.131957,-4.460368462976518,True,0.3914167889602441
2015,KC,3,98,NelsSt01,Steven Nelson,,D,DB,CB,13.0,True,2.902948,4.089948,5.511254798198046,True,1.408894682233371
2015,CIN,3,99,DawsPa00,Paul Dawson,,D,LB,LB,1.0,True,2.896948,0.7375459999999999,-6.473266980624444,True,0.2545941452866948
2015,TEN,4,100,BlacAn00,Angelo Blackson,,D,DL,DT,8.0,True,2.851616,2.811396,0.6436761397787079,True,0.9858957166743347
2015,NE,4,101,FlowTr00,Trey Flowers,,D,DL,DE,25.0,True,2.838932,4.00652,17.676397099347966,True,1.4112771986084909
2015,CAR,4,102,WillDa06,Daryl Williams,,O,OL,G,20.0,True,2.83712,4.0391200000000005,12.681071522143572,True,1.4236690728626213
2015,NYJ,4,103,PettBr01,Bryce Petty,00-0031568,O,QB,QB,4.0,True,2.833696,1.416848,-3.3100955729711288,True,0.5
2015,JAX,4,104,SampJa00,James Sample,,D,DB,S,1.0,True,2.82858,0.523969,-6.296897809713771,True,0.18524100432018892
2015,WAS,4,105,CrowJa00,Jamison Crowder,,O,WR,WR,22.0,True,2.825624,4.027624,14.710727793919684,True,1.4253927628021281
2015,CHI,4,106,LangJe00,Jeremy Langford,,O,RB,RB,8.0,True,2.823624000000001,1.30593,0.7158872009788508,True,0.4625013812037295
2015,ATL,4,107,HardJu00,Justin Hardy,,O,WR,WR,7.0,True,2.8208200000000003,2.8208200000000003,-0.27687931032419133,True,1.0
2015,TEN,4,108,FowlJa00,Jalston Fowler,,O,RB,RB,0.0,True,2.8177159999999994,1.250458,-7.268871910568357,True,0.4437842564687145
2015,IND,4,109,GeatCl00,Clayton Geathers,,D,DB,S,9.0,True,2.813928,2.813928,1.7409000064017093,True,1.0
2015,MIN,4,110,ClemT.00,T.J. Clemmings,,O,OL,T,15.0,True,2.804956,3.744478,7.764045106469148,True,1.334950708674218
2015,NE,4,111,JackTr00,Tre' Jackson,,O,OL,G,6.0,True,2.8037399999999995,0.565935,-1.232817974038876,True,0.20185002888998269
2015,WAS,4,112,KouaAr00,Arie Kouandjio,,O,OL,G,4.0,True,2.8016719999999995,1.582601,-3.2274831471396936,True,0.5648773303941361
2015,DET,4,113,WrigGa00,Gabe Wright,,D,DL,DT,1.0,True,2.801156,0.7682300000000001,-6.2261520201184295,True,0.27425462916024673
2015,MIA,4,114,DougJa00,Jamil Douglas,,O,OL,G,3.0,True,2.798564,0.6405409999999999,-4.219465428569745,True,0.22888202663937646
2015,CLE,4,115,CampIb00,Ibraheim Campbell,,D,DB,S,5.0,True,2.7920080000000005,1.6201219999999998,-2.202552892229786,True,0.5802712599677363
2015,ARI,4,116,GuntRo00,Rodney Gunter,,D,DL,DT,17.0,True,2.789916,2.789916,9.802843847554108,True,1.0
2015,SF,4,117,BellBl00,Blake Bell,,O,TE,TE,2.0,True,2.785132,2.283742,-5.1848148507603575,True,0.8199762165671143
2015,KC,4,118,WilsRa00,Ramik Wilson,,D,LB,LB,15.0,True,2.8071239999999995,2.264737,7.758452309217009,True,0.8067819590442034
2015,STL,4,119,DonnAn00,Andrew Donnal,,O,OL,T,4.0,True,2.776936,2.000821,-3.1636716006318784,True,0.72051390453363
2015,CIN,4,120,ShawJo00,Josh Shaw,,D,DB,CB,7.0,True,2.773724,2.194117,-0.15538559289485132,True,0.7910365270661391
2015,PIT,4,121,GranDo00,Doran Grant,,D,DB,CB,0.0,True,2.769012,0.2302939999999999,-7.143230029863447,True,0.08316829251733104
2015,BAL,4,122,SmitZa00,Za'Darius Smith,,D,DL,DE,14.0,True,2.7631519999999994,3.965152,6.871887032819924,True,1.4350104518318212
2015,CLE,4,123,MaylVi00,Vince Mayle,,O,WR,WR,0.0,True,2.7631519999999994,0.592059,-7.128112967180076,True,0.21426942853668568
2015,TB,4,124,AlexKw00,Kwon Alexander,,D,LB,LB,25.0,True,2.75832,3.843899,17.88435216027488,True,1.3935652861161867
2015,BAL,4,125,AlleJa01,Javorius Allen,,O,RB,RB,14.0,True,2.754472,2.754472,6.894278859456721,True,1.0
2015,SF,4,126,DaviMi01,Mike Davis,,O,RB,RB,10.0,True,2.74878,2.630066,2.908962531947119,True,0.9568121130101354
2015,DAL,4,127,WilsDa02,Damien Wilson,,D,LB,LB,12.0,True,2.746316,2.746316,4.915318921444016,True,1.0
2015,OAK,4,128,FeliJo00,Jon Feliciano,,O,OL,G,6.0,True,2.740652,2.740652,-1.070069637764413,True,1.0
2015,GB,4,129,RyanJa00,Jake Ryan,,D,LB,LB,15.0,True,2.736676,1.917507,7.940187263469217,True,0.7006700829765745
2015,NE,4,131,MasoSh01,Shaq Mason,,O,OL,C,31.0,True,2.723524,5.325523999999999,23.97411552429032,True,1.9553798681414223
2015,SF,4,132,SmelDe00,DeAndre Smelter,,O,WR,WR,0.0,True,2.674158612444669,0.0529409999999999,-6.898536411193858,False,0.01979725501457902
2015,DEN,4,133,GarcMa00,Max Garcia,,O,OL,C,17.0,True,2.625688,3.827688,10.226503398810806,True,1.4577847786941938
2015,SEA,4,134,GlowMa00,Mark Glowinski,,O,OL,G,13.0,True,2.625688,2.448947,6.226503398810807,True,0.9326877374615721
2015,BAL,4,136,WalkTr00,Tray Walker,,D,DB,CB,0.0,True,2.625688,0.521422,-6.773496601189193,True,0.1985849042231979
2015,ATL,5,137,JarrGr00,Grady Jarrett,,D,DL,NT,22.0,True,2.527852,3.729852,15.478891273331293,True,1.4755025215083795
2015,TEN,5,138,CobbDa00,David Cobb,,O,RB,RB,1.0,True,2.525668,0.441088,-5.515474654160094,True,0.17464211448218847
2015,JAX,5,139,GreeRa00,Rashad Greene,,O,WR,WR,2.0,True,2.523816,1.4899080000000002,-4.510697043223303,True,0.5903393908272236
2015,OAK,5,140,HeenBe00,Ben Heeney,,D,LB,LB,3.0,True,2.522724,1.346597,-3.507880006968996,True,0.5337868906784888
2015,WAS,5,141,SpaiMa00,Martrell Spaight,,D,LB,LB,6.0,True,2.517948,0.900739,-0.49555934291169734,True,0.3577274034253288
2015,CHI,5,142,AmosAd00,Adrian Amos,,D,DB,S,21.0,True,2.51228,3.714280000000001,14.519062416693991,True,1.4784498543156022
2015,MIN,5,143,PruiMy00,MyCole Pruitt,,O,TE,TE,2.0,True,2.5105714190040485,1.2249483861289832,-4.476529950880171,False,0.48791616795148735
2015,NYG,5,144,ThomMy00,Mykkele Thompson,,D,DB,S,0.0,True,2.508864,0.403981,-6.472125316048946,True,0.1610214822325961
2015,MIA,5,145,McCaBo01,Bobby McCain,,D,DB,CB,13.0,True,2.508288,3.248688,6.529360593184095,True,1.295181414574403
2015,MIN,5,146,DiggSt00,Stefon Diggs,,O,WR,WR,32.0,True,2.507712,6.709712,25.530846502417134,True,2.67563101344971
2015,GB,5,147,HundBr00,Brett Hundley,00-0031589,O,QB,QB,5.0,True,2.503632,1.2518159999999998,-1.458628307182158,True,0.4999999999999999
2015,MIA,5,149,AjayJa00,Jay Ajayi,,O,RB,RB,20.0,True,2.500812,3.2479350000000005,13.548646456771273,True,1.298752165296712
2015,IND,5,151,ParrDa00,David Parry,,D,DL,NT,13.0,True,2.500008,1.4679449999999998,6.55072053840906,True,0.5871761210364127
2015,SD,5,153,EmanKy00,Kyle Emanuel,,D,LB,LB,18.0,True,2.498572,3.700572,11.554424992677543,True,1.4810747899200025
2015,NO,5,154,DaviTy01,Tyeler Davison,,D,DL,DT,19.0,True,2.497224,3.699224,12.557902433035423,True,1.4813344737997072
2015,BUF,5,155,WillKa01,Karlos Williams,,O,RB,RB,4.0,True,2.495352,0.488838,-2.4372683619571927,True,0.19589941619458898
2015,MIA,5,156,LippTo00,Tony Lippett,,O,WR,WR,6.0,True,2.494764,1.4379699999999995,-0.43575149628179677,True,0.5763952021113017
2015,CIN,5,157,UzomC.00,C.J. Uzomah,,O,TE,TE,7.0,True,2.492764,2.492764,0.5694079107773726,True,1.0
2015,ARI,5,159,NelsJJ00,JJ Nelson,,O,WR,WR,12.0,True,2.4898,3.6918,5.577054152039064,True,1.4827697003775406
2015,PIT,5,160,JameJe00,Jesse James,,O,TE,TE,10.0,True,2.488912,3.690912,3.5793449287733354,True,1.482941944110519
2015,OAK,5,161,BallNe00,Neiron Ball,,D,LB,LB,1.0,True,2.485324,0.458802,-5.411399094962514,True,0.18460450227012656
2015,DAL,5,163,RussRy00,Ryan Russell,,D,DL,DE,4.0,True,2.482988,1.313394,-2.4053729075174033,True,0.5289570469128324
2015,DEN,5,164,DossLo00,Lorenzo Doss,,D,DB,CB,0.0,True,2.477212,1.265959,-6.39047253993052,True,0.5110418486588956
2015,SF,5,165,PiniBr00,Bradley Pinion,,S,P,P,6.0,True,2.4742,2.4742,-0.3827024728994095,True,1.0
2015,NE,5,166,CardJo00,Joe Cardona,,S,LS,LS,4.0,True,2.48,2.61,-2.3976647533710027,True,1.0524193548387097
2015,NO,5,167,SwanDa02,Damian Swann,,D,DB,CB,1.0,True,2.467232,0.481808,-5.36472709870526,True,0.1952828108584843
2015,DET,5,168,BurtMi00,Michael Burton,,O,RB,RB,0.0,True,2.464356,2.372178,-6.357307871354173,True,0.9625955016239537
2015,CAR,5,169,MayoDa00,David Mayo,,D,LB,LB,5.0,True,2.446252,2.446252,-1.3106049186545654,True,1.0
2015,SEA,5,170,SmitTy01,Tye Smith,,D,DB,CB,1.0,True,2.446252,1.016563,-5.310604918654565,True,0.41555939453498664
2015,BAL,5,171,BoylNi00,Nick Boyle,,O,TE,TE,5.0,True,2.446252,2.022641,-1.3106049186545654,True,0.8268326403003453
2015,KC,5,172,AlexD.00,D.J. Alexander,,D,LB,LB,7.0,True,2.473252,2.372126,0.6197430860466371,True,0.9591121325283474
2015,KC,5,173,O'ShJa00,James O'Shaughnessy,,O,TE,TE,3.0,True,2.473252,2.3329500000000003,-3.380256913953363,True,0.943272258548664
2015,CAR,5,174,ArtiCa00,Cameron Artis-Payne,,O,RB,RB,5.0,True,2.446252,2.446252,-1.3106049186545654,True,1.0
2015,HOU,5,175,MumpKe00,Keith Mumphery,,O,WR,WR,2.0,True,2.446252,1.043126,-4.310604918654565,True,0.42641804687333934
2015,TEN,6,177,MounDe00,Deiontrez Mount,,D,LB,LB,1.0,True,2.428152,0.735332,-5.263912284769075,True,0.30283606627591686
2015,JAX,6,180,BennMi01,Michael Bennett,,D,DL,DT,1.0,True,2.4187,1.04435,-5.239528927007437,True,0.43178153553561827
2015,WAS,6,181,JarrKy00,Kyshoen Jarrett,,D,DB,S,2.0,True,2.415628,0.468907,-4.231604077764551,True,0.19411391157910077
2015,CHI,6,183,FabuTa00,Tayo Fabuluje,,O,OL,T,0.0,True,2.411364,0.426547,-6.2206042219144,True,0.17689034090249336
2015,TB,6,184,ClayKa00,Kaelin Clay,,O,WR,WR,3.0,True,2.410476,0.496765,-3.2183134451801294,True,0.20608585192302267
2015,NYG,6,186,DaviGe00,Geremy Davis,,O,WR,WR,0.0,True,2.407084,1.820595,-6.209563090807777,True,0.7563487605750361
2015,WAS,6,187,SpenEv00,Evan Spencer,,O,WR,WR,0.0,True,2.406576,0.0511759999999999,-6.208252601414747,True,0.021265067049617344
2015,BUF,6,188,StewTo01,Tony Steward,,D,LB,LB,1.0,True,2.403828,0.438428,-5.201163576115447,True,0.18238742538983654
2015,CLE,6,189,GainCh00,Charles Gaines,,D,DB,CB,1.0,True,2.402136,0.410475,-5.19679871774339,True,0.1708791675408886
2015,SF,6,190,SilbIa00,Ian Silberman,,O,OL,G,0.0,True,2.401676,0.495819,-6.195612054119781,True,0.20644708112168336
2015,PHI,6,191,ShepJa00,JaCorey Shepherd,,D,DB,CB,1.0,True,2.401112,0.317647,-5.194157101329094,True,0.13229162154868246
2015,SD,6,192,PhilDa01,Darius Philon,,D,DL,DT,14.0,True,2.400588,2.400588,7.807194663320408,True,1.0
2015,BUF,6,194,OLeaNi00,Nick O'Leary,,O,TE,TE,5.0,True,2.3694686654859987,2.047353,-1.1125266795954838,False,0.8640557395090389
2015,CLE,6,195,JohnMa06,Malcolm Johnson,,O,TE,TE,0.0,True,2.399452,0.451134,-6.189874793469984,True,0.18801543018989333
2015,PHI,6,196,EvanRa00,Randall Evans,,D,DB,CB,0.0,True,2.399041964965181,0.7683825203321585,-6.1888170246434075,False,0.32028723613565907
2015,CIN,6,197,SmitDe05,Derron Smith,,D,DB,S,3.0,True,2.398632,1.308728,-3.187759436575724,True,0.5456143335034302
2015,CLE,6,198,TelfRa00,Randall Telfer,,O,TE,TE,0.0,True,2.397536,1.048768,-6.184932081507299,True,0.43743576738785145
2015,PIT,6,199,WaltLe00,Leterrius Walton,,D,DL,DT,3.0,True,2.396928,2.396928,-3.183363621761311,True,1.0
2015,DET,6,200,DiggQu00,Quandre Diggs,,D,DB,CB,13.0,True,2.395352,3.815352,6.820701991001315,True,1.5928147512348916
2015,NE,6,202,DerbA.00,A.J. Derby,,O,TE,TE,3.0,True,2.392052,1.150588,-3.1707849873510545,True,0.48100459354562525
2015,DEN,6,203,KilgDa01,Darius Kilgo,,D,DL,NT,3.0,True,2.389072143948776,1.0771979119604715,-3.163097842178056,False,0.45088546810479563
2015,BAL,6,204,WallDa01,Darren Waller,,O,WR,WR,2.0,True,2.386096,1.008489,-4.155420273128846,True,0.42265231574924056
2015,IND,6,205,RobiJo02,Josh Robinson,,O,RB,RB,0.0,True,2.388168,0.0461999999999999,-6.1607654188421455,True,0.019345372687348587
2015,GB,6,206,RipkAa00,Aaron Ripkowski,,O,RB,RB,2.0,True,2.386396,1.654797,-4.15619418418772,True,0.6934293386344932
2015,IND,6,207,HerrAm00,Amarlo Herrera,,D,LB,LB,0.0,True,2.383932728688458,0.025588,-6.149839674491011,False,0.010733524353297278
2015,TEN,6,208,GallAn00,Andy Gallik,,O,OL,C,3.0,True,2.381472,0.460368,-3.1434917240080438,True,0.1933123715080421
2015,SEA,6,209,GwacOb00,Obum Gwacham,,D,DL,DE,1.0,True,2.370484,1.284529,-5.115145941624962,True,0.5418846952774202
2015,GB,6,210,RingCh00,Christian Ringo,,D,DL,DE,1.0,True,2.370484,0.8629410000000001,-5.115145941624962,False,0.3640357834096329
2015,PIT,6,212,ChicAn00,Anthony Chickillo,,D,DL,DE,9.0,True,2.370484,0.628410632756162,2.884854058375038,False,0.2650980275573099
2015,GB,6,213,BackKe00,Kennard Backman,,O,TE,TE,0.0,True,2.370484,0.5362591744413401,-6.115145941624962,False,0.22622349462866662
2015,SEA,6,214,SokoKr00,Kristjan Sokoli,,D,DL,DT,0.0,True,2.370484,0.457621,-6.115145941624962,False,0.19304960505955748
2015,STL,6,215,WichCo00,Cody Wichmann,,O,OL,G,5.0,True,2.370484,1.005242,-1.115145941624962,True,0.42406614007940996
2015,HOU,6,216,CoviCh00,Christian Covington,,D,DL,DT,9.0,True,2.370484,2.370484,2.884854058375038,True,1.0
2015,KC,6,217,NuneRa00,Rakeem Nunez-Roches,,D,DL,DT,9.0,True,2.3649836185614475,2.3649836185614475,2.8990434117861357,False,1.0
2015,CLE,7,219,PullHa00,Hayes Pullard,,D,LB,LB,9.0,True,2.28,1.769117,3.118275952546014,True,0.7759285087719299
2015,JAX,7,220,SterNe00,Neal Sterling,,O,WR,WR,2.0,True,2.28,3.0752360000000007,-3.881724047453986,True,1.348787719298246
2015,WAS,7,222,ReitAu00,Austin Reiter,,O,OL,C,4.0,True,2.315789109569349,2.689495418296897,-1.974049339730743,False,1.1613732041416516
2015,NYJ,7,223,SimoDe00,Deon Simon,,D,DL,NT,2.0,True,2.333893784254641,2.5151679373737377,-4.020754032918381,False,1.0776702668913396
2015,STL,7,224,HageBr00,Bryce Hager,,D,LB,LB,5.0,True,2.35214,2.35214,-1.0678238600782537,True,1.0
2015,NYG,7,226,HartBo00,Bobby Hart,,O,OL,G,18.0,True,2.351588,2.633691,11.933600136270076,True,1.1199627655864888
2015,MIN,7,228,ShepAu00,Austin Shepherd,,O,OL,T,1.0,True,2.3504377186694394,2.060649484041621,-5.06343247892146,False,0.8767088222223286
2015,JAX,7,229,KoyaBe00,Ben Koyack,,O,TE,TE,1.0,True,2.3498627890192845,1.8227360251212872,-5.061949330873692,False,0.7756776411111247
2015,NO,7,230,MurpMa03,Marcus Murphy,,O,RB,RB,2.0,True,2.349288,1.612291,-4.060466545611877,True,0.6862892076237566
2015,TB,7,231,IoseJo00,Joey Iosefa,,O,RB,RB,0.0,True,2.3487999493051763,1.288873543297402,-6.0592075195118245,False,0.5487370449231649
2015,MIN,7,232,RobiEd00,Edmond Robinson,,D,LB,LB,2.0,True,2.348312,1.030332,-4.057948754967002,True,0.43875430522009
2015,BUF,7,234,LewiDe02,Dezmin Lewis,,O,WR,WR,0.0,True,2.3463291628789,1.468765134157262,-6.052833623047109,False,0.6259842640131174
2015,DAL,7,236,NzeoMa00,Mark Nzeocha,,D,LB,LB,3.0,True,2.344348,2.093763,-3.0477228101757277,True,0.8931110057039313
2015,PHI,7,237,MihaBr00,Brian Mihalik,,D,DL,DE,2.0,True,2.342736338816464,2.0346820250557323,-4.043565202132065,False,0.8685066225094886
2015,CIN,7,238,AlfoMa00,Mario Alford,,O,WR,WR,0.0,True,2.341125785596323,1.9772681736590512,-6.039410452305482,False,0.8445800673437154
2015,DET,7,240,RobiCo00,Corey Robinson,,O,OL,T,6.0,True,2.337908,1.867255,-0.031109519445199574,True,0.7986862613926639
2015,OAK,7,242,McDoDe02,Dexter McDonald,,D,DB,CB,2.0,True,2.336852,1.617639,-4.028385352517957,True,0.6922299743415501
2015,SF,7,244,BrowTr02,Trent Brown,,O,OL,G,23.0,True,2.335892,3.523919,16.974091162870444,True,1.508596715944059
2015,TEN,7,245,McBrTr00,Tre McBride,,O,WR,WR,1.0,True,2.3353119279753614,2.823220889365549,-5.0244124232801815,False,1.2089266772225964
2015,DAL,7,246,SwaiGe00,Geoff Swaim,,O,TE,TE,3.0,True,2.334732,2.26185,-3.0229163810352366,True,0.9687835691633987
2015,NE,7,247,RobeDa00,Darryl Roberts,,D,DB,CB,7.0,True,2.334224,1.77,0.9783941083577927,True,0.7582819815064878
2015,SEA,7,248,MurpRy00,Ryan Murphy,,D,DB,DB,0.0,True,2.333743901260977,1.7166012233842587,-6.020367379230601,False,0.7355568117207455
2015,ATL,7,249,KingAk00,Akeem King,,D,DB,DB,1.0,True,2.333263901267748,1.6648134237990584,-5.019129121553868,False,0.7135126990541036
2015,DEN,7,250,SiemTr00,Trevor Siemian,00-0032156,O,QB,QB,13.0,True,2.332784,1.614588,6.982108881440394,True,0.6921292327107866
2015,DEN,7,251,NixoTa00,Taurean Nixon,,D,DB,DB,0.0,True,2.332784,1.1536922889283765,-6.017891118559606,False,0.4945559850069172
2015,IND,7,255,GoodDe01,Denzelle Good,,O,OL,T,13.0,True,2.332784,1.152274,6.982108881440394,True,0.49394800375859915
2015,ARI,7,256,ChriGe00,Gerald Christian,,O,TE,TE,0.0,True,2.332784,0.132353,-6.017891118559606,True,0.05673607157799436
2016,LA,1,1,GoffJa00,Jared Goff,00-0033106,O,QB,QB,31.0,True,27.937672000000003,29.677990000000005,-41.070911066790316,True,1.0622928782326602
2016,PHI,1,2,WentCa00,Carson Wentz,00-0032950,O,QB,QB,33.0,True,26.676338,26.582191,-35.81704329500464,True,0.9964707674644099
2016,SD,1,3,BosaJo00,Joey Bosa,,D,DL,DE,23.0,True,25.873672,25.873672,-43.7464029817267,True,1.0
2016,DAL,1,4,ElliEz00,Ezekiel Elliott,,O,RB,RB,40.0,True,24.956337999999995,22.796145,-24.37995322411828,True,0.9134411066238967
2016,JAX,1,5,RamsJa00,Jalen Ramsey,,D,DB,CB,32.0,True,23.350998000000004,18.272694,-28.238651959934195,True,0.7825230424840942
2016,BAL,1,6,StanRo00,Ronnie Stanley,,O,OL,T,23.0,True,20.484332,20.484332,-29.843503561592634,True,1.0
2016,SF,1,7,BuckDe00,DeForest Buckner,,D,DL,DE,24.0,True,18.190990000000003,18.190990000000003,-22.92736110964693,True,1.0
2016,TEN,1,8,ConkJa00,Jack Conklin,,O,OL,T,27.0,True,15.897657999999998,15.859523999999997,-14.011244454736506,True,0.9976012818995099
2016,CHI,1,9,FloyLe00,Leonard Floyd,,D,LB,LB,21.0,True,15.782989999999996,15.782990000000003,-19.71543501040604,True,1.0000000000000004
2016,NYG,1,10,ApplEl00,Eli Apple,,D,DB,CB,13.0,True,15.15232,9.722908000000002,-26.08849338540262,True,0.6416778420730292
2016,TB,1,11,HargVe00,Vernon Hargreaves,,D,DB,CB,8.0,True,14.177654000000002,10.647948,-28.57414406503606,True,0.7510373719093439
2016,NO,1,12,RankSh00,Sheldon Rankins,,D,DL,DT,15.0,True,12.801645999999998,12.801645999999998,-18.024451370698735,True,1.0
2016,MIA,1,13,TunsLa00,Laremy Tunsil,,O,OL,T,19.0,True,12.45765,10.642623,-13.13704367533559,True,0.8543042227065298
2016,OAK,1,14,JoseKa00,Karl Joseph,,D,DB,S,12.0,True,11.884316000000002,11.884316000000002,-18.658011931904465,True,1.0
2016,CLE,1,15,ColeCo00,Corey Coleman,,O,WR,WR,6.0,True,11.654984,5.858535999999999,-24.066403362057656,True,0.5026635815201461
2016,DET,1,16,DeckTa00,Taylor Decker,,O,OL,T,22.0,True,10.966978,10.966978,-6.291551855481938,True,1.0
2016,ATL,1,17,NealKe01,Keanu Neal,,D,DB,S,12.0,True,10.737646,10.737646,-15.699943285635133,True,1.0
2016,IND,1,18,KellRy00,Ryan Kelly,,O,OL,C,17.0,True,10.450986,10.450986,-9.960445471844277,True,1.0
2016,BUF,1,19,LawsSh00,Shaq Lawson,,D,DL,DE,9.0,True,10.278976000000002,10.278976000000002,-17.51671066772035,True,1.0
2016,NYJ,1,20,LeexDa00,Darron Lee,,D,LB,LB,19.0,True,10.221644,8.488636,-7.368811104962173,True,0.8304570184600442
2016,HOU,1,21,FullWi01,Will Fuller,,O,WR,WR,13.0,True,10.164312,10.164312,-13.220911542204004,True,1.0
2016,WAS,1,22,DoctJo00,Josh Doctson,,O,WR,WR,9.0,True,10.049644,6.852029999999999,-16.92510209787354,True,0.6818181818181817
2016,MIN,1,23,TreaLa00,Laquon Treadwell,,O,WR,WR,4.0,True,9.93498,7.366790999999999,-21.629302972357195,True,0.741500335179336
2016,CIN,1,24,JackWi02,William Jackson,,D,DB,CB,7.0,True,9.705641999999996,7.940980000000001,-18.0376789242892,True,0.8181818369150649
2016,PIT,1,25,BurnAr00,Artie Burns,,D,DB,CB,14.0,True,9.590984,9.590984,-10.741895276994047,True,1.0
2016,DEN,1,26,LyncPa00,Paxton Lynch,00-0033108,O,QB,QB,2.0,True,9.476305999999996,4.331964999999999,-22.446060035628275,True,0.45713646224594284
2016,GB,1,27,ClarKe01,Kenny Clark,,D,DL,DT,18.0,True,9.361642,9.361642,-6.1502609101119425,True,1.0
2016,SF,1,28,GarnJo00,Joshua Garnett,,O,OL,G,5.0,True,9.30431,4.229232,-19.00236134735377,True,0.45454547408674045
2016,ARI,1,29,NkemRo00,Robert Nkemdiche,,D,DL,DT,6.0,True,8.600592,5.86404,-16.18697753892122,True,0.6818181818181818
2016,CAR,1,30,ButlVe00,Vernon Butler,,D,DL,DT,3.0,True,8.396516,8.396516,-18.66052196141761,True,1.0
2016,SEA,1,31,IfedGe00,Germain Ifedi,,O,OL,G,20.0,True,8.265106,8.265106,-1.3215231205948363,True,1.0
2016,CLE,2,32,OgbaEm00,Emmanuel Ogbah,,D,DL,DE,18.0,True,6.60964,5.857887,0.9490883627132618,True,0.8862641535696346
2016,TEN,2,33,DoddKe00,Kevin Dodd,,D,DL,DE,2.0,True,6.552304,2.680488,-14.903001755714449,True,0.40909090909090906
2016,DAL,2,34,SmitJa05,Jaylon Smith,,D,LB,LB,13.0,True,6.494972,5.814068000000001,-3.755102192956276,True,0.895164444126934
2016,SD,2,35,HenrHu00,Hunter Henry,,O,TE,TE,9.0,True,6.380307999999999,4.640223999999999,-7.459303067439933,True,0.7272727272727272
2016,JAX,2,36,JackMy00,Myles Jack,,D,LB,LB,24.0,True,6.334438,8.734437999999999,7.659027933462134,True,1.3788812835487536
2016,KC,2,37,JoneCh09,Chris Jones,,D,DL,DT,21.0,True,6.231239999999999,6.231240000000001,4.925248178308259,True,1.0000000000000002
2016,MIA,2,38,HowaXa00,Xavien Howard,,D,DB,CB,17.0,True,6.128038,14.528038,1.1914787419684938,True,2.37074868008325
2016,TB,2,39,SpenNo00,Noah Spence,,D,DL,DE,5.0,True,6.036312,4.242726,-10.571895372076783,True,0.7028672474186226
2016,NYG,2,40,ShepSt00,Sterling Shepard,,O,WR,WR,17.0,True,5.944571999999999,7.444572,1.6647666297273531,True,1.2523310340929508
2016,BUF,2,41,RaglRe00,Reggie Ragland,,D,LB,LB,11.0,True,5.84137,2.943102,-4.06900280661241,True,0.5038376271319913
2016,BAL,2,42,CorrKa00,Kamalei Correa,,D,DL,DE,6.0,True,5.749638,4.558859999999999,-8.832361442436511,True,0.7928951353111273
2016,TEN,2,43,JohnAu01,Austin Johnson,,D,DL,NT,9.0,True,5.662228,5.662228,-5.606869556915477,True,1.0
2016,OAK,2,44,WardJi02,Jihad Ward,,D,DL,DE,7.0,True,5.539798000000001,3.228045,-7.291036453788379,True,0.5827008493811505
2016,TEN,2,45,HenrDe00,Derrick Henry,,O,RB,RB,17.0,True,5.40793,5.40793,3.0491438912509476,True,1.0
2016,DET,2,46,RobiAS00,A'Shawn Robinson,,D,DL,DT,16.0,True,5.233638,5.233638,2.498765578829392,True,1.0
2016,NO,2,47,ThomMi05,Michael Thomas,,O,WR,WR,40.0,True,5.118974,9.618973999999998,26.79456470434574,True,1.8790824098735408
2016,GB,2,48,SpriJa00,Jason Spriggs,,O,OL,T,8.0,True,5.0043,5.0043,-4.909610373102623,True,1.0
2016,SEA,2,49,ReedJa02,Jarran Reed,,D,DL,DT,19.0,True,4.889636,4.495483,6.386188752413718,True,0.9193901141107436
2016,HOU,2,50,MartNi00,Nick Martin,,O,OL,G,13.0,True,4.774972,10.156795,0.6819878779300623,True,2.1270899598992417
2016,ATL,2,52,JoneDe01,Deion Jones,,D,LB,LB,21.0,True,4.54564,8.125779999999997,9.27359644777687,True,1.7875986659744276
2016,WAS,2,53,CravSu00,Su'a Cravens,,D,LB,LB,3.0,True,4.430972,1.457039,-8.430594107892668,True,0.32883055907372016
2016,MIN,2,54,AlexMa01,Mackensie Alexander,,D,DB,CB,5.0,True,4.316308,4.316304999999999,-6.1347949823763255,True,0.9999993049615548
2016,CIN,2,55,BoydTy00,Tyler Boyd,,O,WR,WR,16.0,True,4.258972,8.927720000000003,5.0131148991959655,True,2.0962147673194385
2016,CHI,2,56,WhitCo03,Cody Whitehair,,O,OL,G,21.0,True,4.224568,5.324567999999999,10.10186701942781,True,1.260381653224661
2016,IND,2,57,GreeT.00,T.J. Green,,D,DB,S,4.0,True,4.16724,1.780662,-6.750243736628136,True,0.4273000835085093
2016,PIT,2,58,DaviSe00,Sean Davis,,D,DB,CB,16.0,True,4.086966,4.086966,5.456839384505775,True,1.0
2016,TB,2,59,AguaRo00,Roberto Aguayo,,S,K,K,0.0,True,4.052567999999999,0.73683,-10.454423973483554,True,0.18181804722339023
2016,NE,2,60,JoneCy00,Cyrus Jones,,D,DB,CB,3.0,True,4.006702,1.479083,-7.336103291395606,True,0.3691522354295378
2016,NO,2,61,BellVo00,Vonn Bell,,D,DB,S,11.0,True,3.972298,3.972298,0.7526488288362394,True,1.0
2016,CAR,2,62,BradJa00,James Bradberry,,D,DB,CB,17.0,True,3.960836,3.960836,6.7822173906923435,True,1.0
2016,DEN,2,63,GotsAd00,Adam Gotsis,,D,DL,DT,15.0,True,3.937904,3.937904,4.8413751520327875,True,1.0
2016,TEN,3,64,ByarKe01,Kevin Byard,,D,DB,S,24.0,True,3.634287,6.575192,14.624616998574822,True,1.8092109951690662
2016,CLE,3,65,NassCa00,Carl Nassib,,D,DL,DE,12.0,True,3.598862,4.310986,2.716002996110374,True,1.1978747726364611
2016,SD,3,66,TuerMa00,Max Tuerk,,O,OL,C,0.0,True,3.57702,0.2541179999999999,-9.227651119396429,True,0.07104181693141215
2016,DAL,3,67,CollMa00,Maliek Collins,,D,DL,DT,19.0,True,3.55018,4.723652,9.841588123337635,True,1.3305387332473284
2016,SF,3,68,RedmWi00,Will Redmond,,D,DB,CB,0.0,True,3.5417040000000006,0.782117,-9.136546309545604,True,0.22083070747865993
2016,JAX,3,69,NgakYa00,Yannick Ngakoue,,D,DL,DE,28.0,True,3.4805869999999994,4.671317999999999,19.02111743107205,True,1.3421063745856663
2016,BAL,3,70,KaufBr01,Bronson Kaufusi,,D,DL,DE,1.0,True,3.4550550000000007,1.400636,-7.913017578410587,True,0.40538746850629
2016,NYG,3,71,ThomDa05,Darian Thompson,,D,DB,S,6.0,True,3.457136,2.365862,-2.918385941455652,True,0.6843416053056633
2016,CHI,3,72,BullJo00,Jonathan Bullard,,D,DL,DT,7.0,True,3.41352,3.20689,-1.8058695923092678,True,0.9394671775762262
2016,MIA,3,73,DrakKe00,Kenyan Drake,,O,RB,RB,15.0,True,3.38126,3.4380040000000003,6.277351643555146,True,1.0167819097023003
2016,KC,3,74,RussKe00,KeiVarae Russell,,D,DB,CB,2.0,True,3.363128,1.426176,-6.675873172046417,True,0.4240623609925046
2016,OAK,3,75,CalhSh00,Shilique Calhoun,,D,DL,DE,2.0,True,3.2986320000000005,2.2417670000000003,-6.509492613202298,True,0.6796050605220588
2016,CLE,3,76,ColeSh00,Shon Coleman,,O,OL,T,6.0,True,3.2788159999999995,3.4567680000000003,-2.4583732080600385,True,1.0542732498560459
2016,CAR,3,77,WorlDa00,Daryl Worley,,D,DB,CB,14.0,True,3.237896,4.970331,5.647188260370582,True,1.5350496124643904
2016,NE,3,78,ThunJo00,Joe Thuney,,O,OL,G,26.0,True,3.213428,4.488428,17.71030844633247,True,1.3967725432155318
2016,PHI,3,79,SeumIs00,Isaac Seumalo,,O,OL,G,8.0,True,3.200864,4.000864,-0.25728015852182295,True,1.2499325182200804
2016,BUF,3,80,WashAd00,Adolphus Washington,,D,DL,DT,9.0,True,3.189296,1.832324,0.7725618519084172,True,0.5745230295337905
2016,ATL,3,81,HoopAu00,Austin Hooper,,O,TE,TE,14.0,True,3.165524,4.444524,5.833886564213714,True,1.4040405316781677
2016,IND,3,82,ClarLe01,Le'Raven Clark,,O,OL,T,7.0,True,3.142732,3.142732,-1.1073168329399827,True,1.0
2016,NYJ,3,83,JenkJo01,Jordan Jenkins,,D,LB,LB,18.0,True,3.12392,4.40892,9.941212549858571,True,1.4113421598504443
2016,WAS,3,84,FullKe00,Kendall Fuller,,D,DB,CB,10.0,True,3.123424,4.039212,1.9424920828092453,True,1.2932000266374337
2016,HOU,3,85,MillBr03,Braxton Miller,,O,WR,WR,2.0,True,3.114104,1.3620519999999998,-6.033465080295022,True,0.4373816674073826
2016,MIA,3,86,CarrLe00,Leonte Carroo,,O,WR,WR,2.0,True,3.100388,1.7307819999999998,-5.998081866683233,True,0.5582469032908138
2016,CIN,3,87,VigiNi00,Nick Vigil,,D,LB,LB,10.0,True,3.035628,4.415628,2.168979733892698,True,1.4546011566634647
2016,GB,3,88,FackKy00,Kyler Fackrell,,D,LB,LB,8.0,True,3.1358280000000005,4.408048,-0.0895065597717295,True,1.4057046496172618
2016,PIT,3,89,HargJa00,Javon Hargrave,,D,DL,DT,20.0,True,3.114256,4.419256,11.96614280476848,True,1.4190406954341581
2016,SEA,3,90,ProsC.00,C.J. Prosise,,O,RB,RB,4.0,True,3.112464,3.112464,-4.029234366506502,True,1.0
2016,NE,3,91,BrisJa00,Jacoby Brissett,00-0033119,O,QB,QB,13.0,True,3.410832,10.409558999999998,4.201064650778257,True,3.0519119675199478
2016,ARI,3,92,WillBr07,Brandon Williams,,D,DB,CB,4.0,True,3.082696,3.082696,-3.9524417518378128,True,1.0
2016,CLE,3,93,KessCo00,Cody Kessler,00-0033104,O,QB,QB,5.0,True,3.389082,2.525717,-3.7428267974532687,True,0.7452510738896256
2016,SEA,3,94,VannNi00,Nick Vannett,,O,TE,TE,4.0,True,3.05688,2.762778,-3.8858441255180445,True,0.9037901389652194
2016,DET,3,95,GlasGr00,Graham Glasgow,,O,OL,C,22.0,True,3.03792,4.327419999999999,14.163067053402887,True,1.4244680570916939
2016,NE,3,96,ValeVi00,Vincent Valentine,,D,DL,DT,3.0,True,2.985416,0.7092959999999999,-4.701488192479776,True,0.23758698955187482
2016,SEA,3,97,OdhiRe00,Rees Odhiambo,,O,OL,G,4.0,True,3.02742,1.473945,-3.8098460595364685,True,0.48686505341181596
2016,DEN,3,98,SimmJu00,Justin Simmons,,D,DB,S,14.0,True,3.02742,4.33242,6.1901539404635315,True,1.4310601105892145
2016,CLE,4,99,SchoJo00,Joe Schobert,,D,LB,LB,18.0,True,2.973956,4.278956,10.328075209969269,True,1.438809451114946
2016,OAK,4,100,CookCo00,Connor Cook,00-0032893,O,QB,QB,0.0,True,2.9598879999999994,0.604972,-7.635633520776527,True,0.20439016611439353
2016,DAL,4,101,TappCh00,Charles Tapper,,D,DL,DE,0.0,True,2.95788,0.559117,-7.630453476089121,True,0.18902626205255116
2016,SD,4,102,PerrJo01,Joshua Perry,,D,LB,LB,1.0,True,2.954054,0.653913,-6.62058353038493,True,0.22136122088492624
2016,JAX,4,103,DayxSh00,Sheldon Day,,D,DL,DT,4.0,True,2.948412,2.142691,-3.6060288430710097,True,0.7267271331143681
2016,BAL,4,104,YounTa01,Tavon Young,,D,DB,CB,10.0,True,2.945128,5.033846,2.4024429033201473,True,1.7092112804604755
2016,KC,4,105,EhinPa00,Parker Ehinger,,O,OL,G,3.0,True,2.970412,1.428221,-4.662782320721882,True,0.48081579255672274
2016,KC,4,106,MurrEr00,Eric Murray,,D,DB,CB,5.0,True,2.967304,4.112852999999999,-2.654764602151931,True,1.3860571751327129
2016,BAL,4,107,MoorCh00,Chris Moore,,O,WR,WR,4.0,True,2.93636,2.93636,-3.5749382561324508,True,1.0
2016,TB,4,108,SmitRy00,Ryan Smith,,D,DB,CB,7.0,True,2.93216,3.760689,-0.5641035013081934,True,1.282566094619666
2016,NYG,4,109,GoodB.00,B.J. Goodson,,D,LB,LB,10.0,True,2.922208,2.7766560000000005,2.4615697082182377,True,0.9501910883824836
2016,LA,4,110,HigbTy00,Tyler Higbee,,O,TE,TE,7.0,True,2.92086,3.80086,-0.5349528514238813,True,1.301281129530344
2016,DET,4,111,KillMi00,Miles Killebrew,,D,DB,S,4.0,True,2.918564,2.918564,-3.5290298521199546,True,1.0
2016,NE,4,112,MitcMa01,Malcolm Mitchell,,O,WR,WR,4.0,True,2.9179920000000004,0.594498,-3.5275542617010327,True,0.2037353083901532
2016,CHI,4,113,KwiaNi00,Nick Kwiatkoski,,D,LB,LB,10.0,True,2.91512,4.22012,2.4798546468359364,True,1.4476659622931474
2016,CLE,4,114,LouiRi00,Ricardo Louis,,O,WR,WR,3.0,True,2.907848,1.681922,-4.5013857490969205,True,0.5784078122377786
2016,ATL,4,115,CampDe00,De'Vondre Campbell,,D,LB,LB,20.0,True,2.905528,4.210528,12.504599163091717,True,1.4491438389167133
2016,IND,4,116,RidgHa00,Hassan Ridgeway,,D,DL,DT,5.0,True,2.900224,2.760168,-2.481718089387364,True,0.9517085576838203
2016,LA,4,117,CoopPh00,Pharoh Cooper,,O,WR,WR,3.0,True,2.894668,1.89204,-4.467385256576989,True,0.6536293626764796
2016,NYJ,4,118,BurrJu00,Juston Burris,,D,DB,CB,3.0,True,2.891132,2.197331,-4.458263424896376,True,0.7600244471715578
2016,HOU,4,119,ErviTy00,Tyler Ervin,,O,RB,RB,0.0,True,2.8875680000000004,0.861304,-7.449069361516936,True,0.29828007513589283
2016,NO,4,120,OnyeDa00,David Onyemata,,D,DL,DT,8.0,True,2.882344,4.068226,0.5644070097216174,True,1.4114297252513928
2016,MIN,4,121,BeavWi00,Willie Beavers,,O,OL,T,0.0,True,2.34,0.370588,-6.036506259229091,True,0.15837094017094017
2016,CIN,4,122,BillAn00,Andrew Billings,,D,DL,NT,9.0,True,2.875844,2.216883,1.5811750826639202,True,0.770863440436964
2016,PIT,4,123,HawkJe00,Jerald Hawkins,,O,OL,T,1.0,True,2.8704879999999995,1.317622,-6.405008025231621,True,0.4590236921387584
2016,CHI,4,124,BushDe00,Deon Bush,,D,DB,S,4.0,True,2.8662160000000005,2.8662160000000005,-3.393987531753236,True,1.0
2016,IND,4,125,MorrAn01,Antonio Morrison,,D,LB,LB,13.0,True,2.859908,1.879954,5.622285238111388,True,0.6573477188776702
2016,KC,4,126,RobiDe01,Demarcus Robinson,,O,WR,WR,5.0,True,2.884672,4.180172,-2.4415985400952573,True,1.4490978523728173
2016,CHI,4,127,HallDe02,Deiondre' Hall,,D,DB,CB,2.0,True,2.8508919999999995,1.7134460000000002,-5.354456154865872,True,0.6010210137739348
2016,ARI,4,128,BoehEv00,Evan Boehm,,O,OL,C,8.0,True,2.846484,3.712948,0.6569151782925386,True,1.3043979871307902
2016,CLE,4,129,KindDe00,Derrick Kindred,,D,DB,S,8.0,True,2.8393560000000004,1.994517,0.6753033050514192,True,0.7024540071762752
2016,BAL,4,130,LewiAl01,Alex Lewis,,O,OL,T,8.0,True,2.831896,3.350948,0.6945478933821256,True,1.183287804354397
2016,GB,4,131,MartBl01,Blake Martinez,,D,LB,LB,22.0,True,2.453388,4.028392,15.670986316958317,True,1.641971021297895
2016,BAL,4,132,HenrWi00,Willie Henry,,D,DL,DT,4.0,True,2.723392,1.361696,-3.0255439548437746,True,0.5
2016,SF,4,133,RobiRa00,Rashard Robinson,,D,DB,CB,8.0,True,2.453388,1.313495,1.6709863169583157,True,0.5353800540314048
2016,BAL,4,134,DixoKe00,Kenneth Dixon,,O,RB,RB,5.0,True,2.723392,1.339121,-2.0255439548437746,True,0.491710704885672
2016,DAL,4,135,PresDa01,Dak Prescott,00-0033077,O,QB,QB,44.0,True,2.723392,4.028392,36.974456045156224,True,1.4791818438182973
2016,DEN,4,136,BookDe00,Devontae Booker,,O,RB,RB,11.0,True,2.453392,2.723392,4.670975998144197,True,1.1100517161546137
2016,GB,4,137,LowrDe00,Dean Lowry,,D,DL,DE,13.0,True,2.723392,5.5533920000000006,5.974456045156225,True,2.039145301153855
2016,CLE,4,138,DevaSe00,Seth Devalve,,O,TE,TE,4.0,True,2.453392,2.6275440000000003,-2.329024001855803,True,1.0709841721176234
2016,BUF,4,139,JoneCa01,Cardale Jones,,O,QB,QB,0.0,True,2.723392,0.545848,-7.025543954843775,True,0.20042946443258994
2016,TEN,5,140,SharTa00,Tajae Sharpe,,O,WR,WR,8.0,True,2.614884,3.3111630000000005,1.254374515744443,True,1.2662752917529039
2016,CAR,5,141,SancZa00,Zack Sanchez,,D,DB,CB,1.0,True,2.34,0.302823,-5.036506259229091,True,0.12941153846153847
2016,SF,5,142,BlaiRo00,Ronald Blair,,D,DL,DE,4.0,True,2.610404,2.52711,-2.7340684124430155,True,0.9680915291272921
2016,OAK,5,143,WashDe00,DeAndre Washington,,O,RB,RB,8.0,True,2.609196,2.609196,1.2690478694207235,True,1.0
2016,DEN,5,144,McGoCo00,Connor McGovern,,O,OL,G,9.0,True,2.6039,3.392925,2.282709979313406,True,1.3030166289027998
2016,SF,5,145,TheuJo00,John Theus,,O,OL,T,1.0,True,2.597612,0.514403,-5.701068844892563,True,0.19802918988671137
2016,BAL,5,146,JudoMa00,Matt Judon,,D,DL,DE,15.0,True,2.595736,3.9007360000000006,8.303770678928938,True,1.5027475829591301
2016,SEA,5,147,JeffQu00,Quinton Jefferson,,D,DL,DT,7.0,True,2.593824,3.5125739999999994,0.30870307207750436,True,1.3542067619082865
2016,TB,5,148,BeneCa00,Caleb Benenoch,,O,OL,T,12.0,True,2.593184,1.894594,5.310354082336439,True,0.7306053099201599
2016,NYG,5,149,PerkPa00,Paul Perkins,,O,RB,RB,5.0,True,2.592548,1.148274,-1.6880052262187437,True,0.4429133038231115
2016,CHI,5,150,HowaJo00,Jordan Howard,,O,RB,RB,22.0,True,2.588024,3.831018,15.3236653525491,True,1.4802868906934403
2016,DET,5,151,DahlJo00,Joe Dahl,,O,OL,G,3.0,True,2.585916,2.731798,-3.6708966324105363,True,1.0564140521192489
2016,WAS,5,152,IoanMa01,Matthew Ioannidis,,D,DL,DT,11.0,True,2.34,4.092059,4.963493740770909,True,1.7487431623931624
2016,PHI,5,153,SmalWe00,Wendell Smallwood,,O,RB,RB,9.0,True,2.58458,2.523435,2.3325498515049894,True,0.976342384449311
2016,CLE,5,154,PaytJo00,Jordan Payton,,O,WR,WR,0.0,True,2.584,0.405118,-6.665953920447851,True,0.15677941176470586
2016,IND,5,155,HaegJo00,Joe Haeg,,O,OL,T,18.0,True,2.582412,3.887412,11.33814264875713,True,1.5053415179297494
2016,BUF,5,156,WillJo07,Jonathan Williams,,O,RB,RB,1.0,True,2.580916,1.452582,-5.657998114762611,True,0.5628164574127945
2016,TEN,5,157,SimsLe00,LeShaun Sims,,D,DB,CB,6.0,True,2.578184,2.557361,-0.6509503647197841,True,0.9919233848321145
2016,NYJ,5,158,ShelBr00,Brandon Shell,,O,OL,T,13.0,True,2.575968,3.880968,6.354766258301776,True,1.5066056721201506
2016,HOU,5,159,DillK.00,K.J. Dillon,,D,DB,S,0.0,True,2.574936,0.433028,-6.642571487655692,True,0.16817039336123304
2016,MIN,5,160,BrotKe00,Kentrell Brothers,,D,LB,LB,3.0,True,2.57268,2.424445,-3.636751676492948,True,0.9423810967551347
2016,CIN,5,161,WestCh02,Christian Westerman,,O,OL,G,2.0,True,2.571696,1.285848,-4.634213248219837,True,0.5
2016,KC,5,162,HogaKe00,Kevin Hogan,00-0032784,O,QB,QB,2.0,True,2.56943500608519,0.857647,-4.628380554237431,False,0.3337881666470783
2016,GB,5,163,DaviTr03,Trevor Davis,,O,WR,WR,1.0,True,2.567176,1.959794,-5.622552988266111,True,0.7634046126950392
2016,PHI,5,164,VaitHa00,Halapoulivaati Vaitai,,O,OL,T,10.0,True,2.565124,3.870124,3.382740563376597,True,1.5087473354114656
2016,KC,5,165,HillTy00,Tyreek Hill,,O,WR,WR,41.0,True,2.58622,3.985756,34.32831913771647,True,1.541151178167364
2016,HOU,5,166,ReadD.00,D.J. Reader,,D,DL,NT,18.0,True,3.87038,3.839557,8.015567053164492,True,0.9920361824937087
2016,ARI,5,167,ChriMa00,Marqui Christian,,D,DB,S,3.0,True,2.5502,2.250176,-3.578759941147875,True,0.8823527566465377
2016,CLE,5,168,DranSp00,Spencer Drango,,O,OL,G,9.0,True,2.547652,1.359414,2.4278131434455075,True,0.533594855184303
2016,DET,5,169,WillAn01,Antwione Williams,,D,LB,LB,2.0,True,2.54446,0.501115,-4.563952442888057,True,0.19694355580358897
2016,ARI,5,170,ToneCo00,Cole Toner,,O,OL,T,0.0,True,2.524384,1.051096,-6.512162314828107,True,0.41637722311660985
2016,SEA,5,171,CollAl00,Alex Collins,,O,RB,RB,14.0,True,2.524384,1.634331,7.487837685171893,True,0.6474177462699812
2016,CLE,5,172,HiggRa00,Rashard Higgins,,O,WR,WR,6.0,True,2.254384,3.659331,0.18435763815986483,True,1.6232066054407768
2016,CLE,5,173,CaldTr00,Trey Caldwell,,D,DB,DB,0.0,True,2.341012514123478,0.0529409999999999,-6.039118245487183,False,0.022614573685789147
2016,SD,5,175,BrowJa05,Jatavis Brown,,D,LB,LB,14.0,True,2.524384,3.829384000000001,7.487837685171893,True,1.5169578003980382
2016,DEN,6,176,JanoAn00,Andy Janovich,,O,RB,RB,2.0,True,2.504308,2.807396,-4.460372186768157,True,1.1210266468820926
2016,LA,6,177,HemiTe00,Temarrick Hemingway,,O,TE,TE,0.0,True,2.499584,0.795331,-6.448185667294397,True,0.31818534604158133
2016,KC,6,178,WhitD.00,D.J. White,,D,DB,CB,1.0,True,2.524012,0.815371,-5.511202665115101,True,0.3230456115105633
2016,SD,6,179,KaseDr00,Drew Kaser,,S,P,P,6.0,True,2.493824,1.066912,-0.43332657496398674,True,0.427821690704717
2016,MIN,6,180,BoehMo00,Moritz Boehringer,,O,WR,WR,0.0,True,2.490754110487826,0.7093346877180051,-6.425407170153995,False,0.28478711918258304
2016,JAX,6,181,HolmTy01,Tyrone Holmes,,D,LB,LB,1.0,True,2.487688,0.4716,-5.4174975141064525,True,0.18957361212499318
2016,BAL,6,182,ReynKe00,Keenan Reynolds,,O,RB,RB,0.0,True,2.4861975535150056,0.6777864858493419,-6.413652604048455,False,0.2726197219891404
2016,TB,6,183,BondDe00,Devante Bond,,D,LB,LB,3.0,True,2.484708,0.974119,-3.4098099975882894,True,0.39204566492320225
2016,NYG,6,184,AdamJe01,Jerell Adams,,O,TE,TE,2.0,True,2.482856,1.0614279999999998,-4.405032386651498,True,0.4275028434995827
2016,CHI,6,185,HousDe00,DeAndre Houston-Carson,,D,DB,S,2.0,True,2.480944,2.361707,-4.4000999935029315,True,0.9519388587569892
2016,MIA,6,186,GranJa00,Jakeem Grant,,O,WR,WR,7.0,True,2.48038,3.0803799999999995,0.6013549592877556,True,1.241898418790669
2016,WAS,6,187,SudfNa00,Nate Sudfeld,,O,QB,QB,1.0,True,2.477336,4.0108820000000005,-5.390792423168189,True,1.61903028091466
2016,MIN,6,188,MorgDa01,David Morgan,,O,TE,TE,1.0,True,2.475456,2.475456,-5.385942580532568,True,1.0
2016,DAL,6,189,BrowAn02,Anthony Brown,,D,DB,CB,12.0,True,2.474948,3.779948,5.6153679088604616,True,1.5272838055587432
2016,LA,6,190,ForrJo00,Josh Forrest,,D,LB,LB,2.0,True,2.47432,0.685639,-4.38301203732296,True,0.2771019916583142
2016,DET,6,191,RudoJa00,Jake Rudock,,O,QB,QB,0.0,True,2.47362590264575,0.8800000000000001,-6.381221471928325,False,0.35575306640295384
2016,TEN,6,193,TretSe00,Sebastian Tretola,,O,OL,G,0.0,True,2.472744,0.483186,-6.378946424560334,True,0.19540478108530443
2016,OAK,6,194,JameCo00,Cory James,,D,LB,LB,7.0,True,2.472476,1.025003,0.6217449359855953,True,0.41456539921924423
2016,ATL,6,195,SchwWe00,Wes Schweitzer,,O,OL,G,16.0,True,2.47238,3.294285,9.621992587524435,True,1.3324347389964326
2016,PHI,6,196,CounBl00,Blake Countess,,D,DB,CB,4.0,True,1.886176,1.355294,-0.8657748846186717,True,0.7185405815788134
2016,TB,6,197,VitaDa00,Dan Vitale,,O,RB,RB,0.0,True,1.762941,1.762941,-4.547865120150254,True,1.0
2016,SD,6,198,WattDe00,Derek Watt,,O,RB,RB,1.0,True,2.46968,2.46968,-5.371042212945684,True,1.0
2016,CIN,6,199,CoreCo00,Cody Core,,O,WR,WR,3.0,True,2.467932,2.435949,-3.3665328911759698,True,0.9870405667579172
2016,GB,6,200,MurpKy00,Kyle Murphy,,O,OL,T,2.0,True,2.46614,0.907305,-4.361910062450954,True,0.3679049040200475
2016,JAX,6,201,AlleBr00,Brandon Allen,00-0032434,O,QB,QB,0.0,True,2.464272,0.645,-6.357091176257688,True,0.26174058707804987
2016,DET,6,202,ZettAn00,Anthony Zettel,,D,DL,DT,10.0,True,2.463724,1.7242149999999998,3.644322501276524,True,0.6998409724465889
2016,KC,6,203,NicoDa00,Dadi Nicolas,,D,DL,DE,1.0,True,2.490712,0.480803,-5.425298537579917,True,0.19303837617516598
2016,MIA,6,204,LucaJo00,Jordan Lucas,,D,DB,S,3.0,True,2.459964,3.547932,-3.3459778134522358,True,1.4422698868763935
2016,ARI,6,205,MillHa00,Harlan Miller,,D,DB,CB,1.0,True,2.458015228096034,0.227647,-5.340950559693219,False,0.09261415364636864
2016,LA,6,206,ThomMi04,Mike Thomas,,O,WR,WR,1.0,True,2.456068,2.329009,-5.335927288500973,True,0.9482673118170996
2016,SF,6,207,DrisJe00,Jeff Driskel,00-0032436,O,QB,QB,2.0,True,2.45254,1.1433529999999998,-4.326826094448596,True,0.4661913771029218
2016,NE,6,208,GrugKa00,Kamu Grugier-Hill,,D,LB,LB,7.0,True,2.440356,2.34,0.7046050133558683,True,0.958876491790542
2016,BAL,6,209,CanaMa00,Maurice Canady,,D,DB,CB,1.0,True,2.440356,1.861326,-5.295394986644132,True,0.762727241435266
2016,DAL,6,212,FrazKa00,Kavon Frazier,,D,DB,S,3.0,True,2.170356,2.415267,-2.5988750336561592,True,1.1128436993746649
2016,SF,6,213,BurbAa00,Aaron Burbridge,,O,WR,WR,1.0,True,2.440356,0.475089,-5.295394986644132,True,0.1946802023966995
2016,NE,6,214,RobeEl00,Elandon Roberts,,D,LB,LB,18.0,True,2.440356,3.745356000000001,11.704605013355868,True,1.534758043498572
2016,SEA,6,215,HuntJo00,Joey Hunt,,O,OL,C,3.0,True,2.440356,1.825089,-3.2953949866441317,True,0.7478781784297045
2016,DAL,6,216,JackDa01,Darius Jackson,,O,RB,RB,0.0,True,2.440356,0.121294,-6.295394986644132,True,0.0497034039295906
2016,DAL,6,217,GathRi00,Rico Gathers,,O,TE,TE,0.0,True,2.440356,0.3508905885970725,-6.295394986644132,False,0.14378663957105953
2016,BUF,6,218,SeymKe00,Kevon Seymour,,D,DB,CB,3.0,True,2.440356,1.015089,-3.2953949866441317,True,0.41595939280990146
2016,DEN,6,219,ParkWi01,Will Parks,,D,DB,S,6.0,True,2.440356,3.745356000000001,-0.29539498664413166,True,1.534758043498572
2016,NE,6,221,KarrTe00,Ted Karras,,O,OL,G,7.0,True,2.440356,2.365089,0.7046050133558683,True,0.9691573688429066
2016,TEN,7,222,WallAa00,Aaron Wallace,,D,LB,LB,1.0,True,2.428168,0.910554,-5.2639535600255485,True,0.3749962935019323
2016,JAX,7,226,WoodJo00,Jonathan Woodard,,D,DL,DE,1.0,True,2.423096,0.457059,-5.250869303723493,True,0.18862603875372663
2016,MIN,7,227,WeatSt00,Stephen Weatherly,,D,LB,LB,6.0,True,2.34,2.048824,-0.03650625922909079,True,0.8755658119658121
2016,DEN,7,228,DixoRi00,Riley Dixon,,S,P,P,6.0,True,2.420008,2.525006,-0.24290317922413518,True,1.0433874598761657
2016,PIT,7,229,AyerDe00,Demarcus Ayers,,O,WR,WR,0.0,True,2.419329714886437,0.0794119999999999,-6.241153404722611,False,0.03282396752760402
2016,CHI,7,230,BravDa00,Daniel Braverman,,O,WR,WR,0.0,True,2.418651619884104,0.132353,-6.239404120651699,False,0.05472181231555044
2016,MIA,7,231,DuarTh00,Thomas Duarte,,O,TE,TE,0.0,True,2.417973714939715,0.2159424422664521,-6.237655326873935,False,0.08930719177476087
2016,PHI,7,233,MillJa02,Jalen Mills,,D,DB,S,12.0,True,2.416856,3.666091,5.765228046301117,True,1.5168843323723051
2016,OAK,7,234,AlexVa00,Vadal Alexander,,O,OL,G,5.0,True,2.416844,1.028422,-1.2347409972565275,True,0.4255227064717457
2016,NYJ,7,235,EdwaLa01,Lac Edwards,,S,P,P,6.0,True,2.415796,2.415796,-0.23203746795752167,True,1.0
2016,DET,7,236,WashDw00,Dwayne Washington,,O,RB,RB,3.0,True,2.415764,2.266706,-3.2319549174445745,True,0.9382977807434834
2016,NO,7,237,LascDa00,Daniel Lasco,,O,RB,RB,0.0,True,2.415472,0.81828,-6.231201644013936,True,0.3387660879529964
2016,IND,7,239,BateTr00,Trevor Bates,,D,LB,LB,1.0,True,2.412575697571374,0.5170813594242205,-5.223730042416064,False,0.2143275172442224
2016,NYJ,7,241,PeakCh00,Charone Peake,,O,WR,WR,1.0,True,2.40838,1.52552,-5.2129063865821195,True,0.6334216361205457
2016,MIN,7,244,KearJa00,Jayron Kearse,,D,DB,S,3.0,True,2.404224,2.404224,-3.2021851387131637,True,1.0
2016,CIN,7,245,FejeCl00,Clayton Fejedelem,,D,DB,S,6.0,True,2.403552,2.403552,-0.20045157794128254,True,1.0
2016,PIT,7,246,MataTy00,Tyler Matakevich,,D,LB,LB,4.0,True,2.403052,2.403052,-2.1991617261764906,True,1.0
2016,IND,7,248,BlytAu00,Austin Blythe,,O,OL,C,13.0,True,2.401988,3.660497,6.803583078378989,True,1.523944749099496
2016,SF,7,249,IworPr00,Prince Charles Iworah,,D,DB,CB,0.0,True,2.401370507938241,0.0529409999999999,-6.1948239751698,False,0.02204616065075846
2016,CLE,7,250,WrigSc00,Scooby Wright,,D,LB,LB,1.0,True,2.4007531746185107,0.492353,-5.193231438225962,False,0.20508272370742023
2016,PHI,7,251,WalkJo01,Joe Walker,,D,LB,LB,3.0,True,2.400136,1.607858,-3.191639310684219,True,0.6699028721705771
2016,TEN,7,253,ReedKa00,Kalan Reed,,D,DB,CB,0.0,True,1.688824,1.392353,-4.3566652336479965,True,0.8244512157572369
